x1	y1	x2	y2	RSTLOR	RSTcc1	RSTff1	RSTcc2	RSTff2	eventID1	eventID2
7	5	27	9	0	20	10	20	1	6667	6676
1	13	30	0	0	40	21	20	12	7792	7790
31	1	2	12	0	0	14	40	27	7049	7050
17	14	15	1	0	180	10	200	23	22573	22585
12	2	21	11	0	60	13	60	4	10132	10134
1	10	31	4	0	80	1	80	24	12100	12103
29	9	3	4	0	60	16	80	29	10363	10386
23	11	9	3	0	120	29	160	10	18133	18139
14	6	22	2	0	80	26	80	12	11413	10905
8	12	30	0	0	200	21	196	12	23587	23596
21	6	13	7	0	0	25	60	6	8173	8153
17	14	5	5	0	40	3	60	16	9047	9069
21	1	0	8	0	80	18	120	31	13749	13756
5	14	24	4	0	200	0	216	23	24643	24639
25	10	9	4	0	0	13	40	26	6944	6948
2	13	26	14	0	120	8	136	0	15922	16059
24	15	1	11	0	0	31	40	28	6335	7206
25	10	20	11	0	80	23	100	14	14235	14246
9	1	4	12	0	0	14	20	27	4729	4724
8	4	26	10	0	200	18	196	9	23342	23348
31	5	2	9	0	180	24	220	5	23905	23891
11	1	11	4	0	40	20	40	1	7692	7691
2	8	31	4	0	180	6	196	29	22216	22211
24	7	8	0	0	180	23	220	4	23829	23823
13	1	21	10	0	20	14	20	5	7094	7086
19	6	13	6	0	0	21	40	2	7825	7826
22	13	11	0	0	160	20	180	1	20508	20513
21	9	12	3	0	160	31	180	12	21509	21514
9	1	23	12	0	0	22	20	13	5527	5508
31	0	27	12	0	0	26	20	15	5923	5735
22	13	11	0	0	60	2	100	15	12284	12289
7	5	27	9	0	100	21	100	12	14088	14099
15	3	18	8	0	180	9	196	0	22515	22511
24	9	9	4	0	60	26	80	7	11462	11452
17	14	10	4	0	80	7	100	12	12780	11942
6	2	30	12	0	200	18	196	9	23416	23382
19	4	2	6	0	160	20	180	1	20552	20524
6	15	13	6	0	20039840	26	20039987	29	3024	2277
5	15	25	0	0	100	30	120	21	15039	15010
19	5	15	6	0	20039844	7	0	20	4183	4186
19	5	13	6	0	20039844	12	0	19	4612	4098
20	15	21	9	0	140	2	156	2	18757	19741
31	5	22	9	0	140	6	156	29	19126	19143
7	9	14	3	0	0	9	0	18	4278	3985
25	11	10	2	0	80	16	120	7	13581	14449
7	3	0	11	0	220	15	240	29	26075	26167
3	8	28	5	0	260	30	276	21	30926	30920
7	2	25	11	0	380	12	376	3	42327	42328
27	9	6	3	0	360	11	400	24	42202	42206
25	5	8	6	0	420	30	440	11	47223	47221
7	2	27	12	0	240	7	256	30	28595	28599
13	2	19	10	0	360	27	376	18	40592	40591
7	5	24	8	0	400	25	396	16	43616	43610
18	11	19	14	0	380	0	416	1	44304	45222
25	12	8	1	0	440	16	21956528	29	49001	48993
7	1	26	12	0	300	23	296	14	33489	33493
9	3	21	9	0	320	20	336	11	36401	36399
26	5	6	9	0	380	17	400	30	42746	42745
13	2	20	11	0	400	3	416	26	44621	44619
23	12	13	1	0	200	12	240	25	25871	25866
17	14	15	1	0	260	25	280	6	30412	30411
19	6	13	8	0	340	8	360	21	38515	38522
6	4	29	10	0	220	7	216	30	25388	25405
4	12	27	3	0	220	16	236	7	26205	26190
21	1	26	9	0	260	11	296	2	32302	32288
22	13	13	1	0	320	4	360	17	38103	38093
1	5	31	15	0	340	3	336	26	38017	37998
18	6	8	2	0	380	31	420	22	44221	45148
23	11	12	3	0	440	15	21956528	28	48920	48903
13	0	20	13	0	300	6	316	29	35039	35041
7	5	24	8	0	340	14	356	5	39179	39176
2	0	31	13	0	360	25	376	16	40379	40383
31	13	3	1	0	220	28	240	9	27459	27449
28	3	6	10	0	360	14	400	27	42539	42541
16	2	21	11	0	220	23	236	17	26974	27244
19	7	6	3	0	200	11	240	31	25819	26370
16	1	17	13	0	420	25	436	16	46776	46781
1	8	30	5	0	220	5	216	28	25224	25187
25	12	8	1	0	300	2	320	15	34739	34712
27	9	7	4	0	340	25	380	6	40400	40405
26	2	5	13	0	440	19	21956528	0	49418	49438
13	2	14	7	0	280	15	300	0	32738	33111
29	0	21	12	0	260	0	276	31	31192	32012
20	9	13	2	0	260	10	300	23	32206	32204
3	8	31	4	0	440	12	456	3	48714	48711
25	9	7	4	0	380	23	400	4	43390	43398
12	10	3	13	0	220	11	240	3	25749	26723
7	1	26	12	0	300	25	296	16	33668	33633
13	1	19	14	0	340	5	356	28	38188	38189
16	1	16	14	0	320	23	336	14	36636	36638
13	14	21	5	0	580	28	576	8	61686	60747
9	13	15	10	0	540	15	560	1	57606	57965
29	0	18	7	0	520	7	536	31	56979	57084
28	3	6	9	0	580	4	600	17	62444	62447
26	5	6	9	0	480	22	500	3	52494	52495
25	9	9	5	0	580	5	600	18	62539	62516
12	8	26	8	0	660	31	656	22	68185	68193
20	9	12	5	0	520	9	540	22	57238	57229
31	1	3	13	0	580	0	600	13	62087	62091
19	6	13	7	0	600	23	620	4	64165	64169
9	0	25	8	0	520	18	516	14	55091	55645
10	4	17	13	0	580	24	596	20	61446	61844
22	13	11	0	0	640	23	660	4	67424	67435
3	13	30	0	0	500	30	496	21	53312	53317
7	1	8	0	0	660	6	660	13	68797	68275
26	11	5	1	0	640	2	680	15	68420	68416
25	2	7	11	0	700	21	720	2	73142	73140
6	2	25	14	0	620	6	636	29	65794	65783
23	10	3	5	0	500	20	540	5	55272	55730
31	10	13	6	0	520	9	560	29	57248	57724
29	4	3	10	0	560	7	580	20	59925	59926
8	4	26	11	0	580	18	576	9	60929	60916
6	4	27	10	0	520	24	516	15	55754	55743
6	4	26	9	0	640	12	636	3	66379	66389
31	10	4	4	0	480	29	500	10	53226	53232
20	6	11	6	0	620	15	660	28	66653	66654
20	6	21	5	0	620	13	636	28	66489	65707
19	12	14	1	0	460	18	500	31	52136	52133
24	15	13	8	0	560	6	580	18	59870	59715
16	15	15	1	0	580	8	620	21	62852	62840
3	8	5	5	0	460	28	480	15	50170	50838
9	9	16	15	0	480	8	476	31	51303	51304
14	13	6	15	0	640	12	640	25	66421	66425
23	3	18	12	0	680	30	696	21	71075	71160
0	2	29	10	0	480	14	476	5	51742	51740
5	1	26	10	0	620	20	616	11	63859	63856
21	9	9	3	0	680	7	700	20	71893	71930
29	12	5	2	0	820	12	840	25	84814	84819
21	9	12	4	0	860	28	880	9	89501	89508
5	3	9	6	0	920	18	960	9	94695	95611
0	10	14	3	0	980	31	980	9	99334	98994
25	10	5	2	0	820	23	860	4	85756	85754
0	4	31	9	0	720	11	736	2	75139	75142
15	3	18	11	0	940	25	936	16	95336	95341
16	1	17	14	0	860	22	876	13	88950	88932
10	4	22	9	0	840	22	836	13	85673	85669
8	5	17	13	0	880	28	896	28	89519	90288
1	11	30	3	0	760	9	776	0	78217	78227
29	4	3	9	0	720	20	760	1	76130	76136
14	11	29	15	0	780	23	796	21	79575	80211
20	9	12	4	0	800	1	820	14	83702	83703
9	3	25	12	0	780	0	796	23	80378	80382
28	8	7	4	0	740	9	780	22	78220	78223
27	4	6	9	0	760	21	780	2	79357	79352
19	0	14	13	0	760	13	780	26	78609	78606
23	2	7	10	0	800	3	840	16	84008	84002
0	10	12	4	0	740	21	740	26	76246	75376
16	1	17	13	0	840	7	856	30	87336	87340
24	7	7	7	0	880	20	920	1	91760	91744
27	4	5	9	0	920	12	940	25	94109	94123
9	3	22	10	0	800	19	816	10	82305	82336
7	10	24	4	0	880	25	876	16	89246	89247
3	8	28	6	0	940	6	956	29	96879	96874
27	9	22	10	0	800	28	816	10	83228	82336
10	11	29	6	0	980	5	996	28	99915	99923
29	0	5	13	0	720	15	740	28	75679	75654
20	9	13	5	0	880	20	920	1	91764	91768
13	0	20	13	0	840	16	836	7	85195	85199
25	11	9	1	0	760	29	800	10	80157	80130
24	5	13	6	0	1000	7	1020	15	103005	102595
13	0	19	12	0	1000	0	1016	23	102422	102426
9	1	21	12	0	1140	4	1136	18	115086	114195
0	4	31	15	0	1200	28	1196	19	120429	120422
14	11	27	9	0	1220	25	1236	16	123310	123304
17	0	11	4	0	1100	5	1120	12	112067	111561
8	4	26	9	0	1120	14	1116	5	112947	112942
9	1	9	5	0	1160	20	1160	27	116630	116054
2	0	30	12	0	1020	8	1016	31	103140	103147
29	11	6	4	0	1040	8	1060	21	105990	106000
25	1	7	13	0	1100	18	1140	31	113336	113340
13	2	22	13	0	1060	12	1056	3	106443	106448
21	6	13	6	0	1060	7	1100	20	109263	109272
7	10	22	15	0	1080	12	1096	0	109732	109462
24	9	7	3	0	1040	8	1060	21	106007	106025
22	13	11	0	0	1220	3	1240	16	124233	124257
5	15	5	8	0	1020	13	1040	0	103743	104207
9	1	25	13	0	1060	31	1076	22	108360	108363
12	10	6	8	0	1120	20	1140	1	113548	113552
16	1	17	13	0	1100	18	1136	9	113352	113349
7	5	26	9	0	1120	14	1116	5	112963	112956
19	4	14	7	0	1080	16	1100	29	110133	110135
27	9	17	9	0	1040	9	1056	0	106151	106152
4	12	31	0	0	1040	8	1056	31	106036	106035
3	9	26	5	0	1140	12	1156	3	115924	115942
11	1	22	13	0	1060	26	1076	17	107897	107900
20	6	7	3	0	1040	23	1080	4	107488	107481
9	1	23	12	0	1120	15	1116	6	113086	113092
5	7	28	6	0	1220	12	1216	3	122068	122062
31	0	1	11	0	1040	23	1080	5	107499	107714
25	10	7	4	0	1080	28	1120	9	111249	111254
6	4	22	11	0	980	13	996	4	100646	100650
20	9	12	3	0	1200	20	1240	1	122893	122872
14	1	19	12	0	980	14	996	5	100758	100762
1	8	30	6	0	1020	4	1016	27	102839	102832
2	13	26	2	0	1120	10	1116	1	112596	112639
17	14	19	15	0	1140	20	1156	11	116701	116705
27	13	14	2	0	1160	1	1180	12	118038	117882
14	1	3	4	0	1160	31	1180	18	117657	118334
27	1	7	11	0	1080	30	1120	11	111400	111441
10	8	25	4	0	1320	17	1316	8	132440	132442
0	7	29	7	0	1340	20	1356	11	135710	135681
14	6	18	8	0	1460	6	1476	29	147290	147276
31	1	0	14	0	1360	23	1400	4	139036	139028
18	11	15	1	0	1400	29	1440	10	142906	142903
25	12	17	13	0	1340	28	1356	19	136540	136547
29	11	5	2	0	1380	2	1400	15	140079	140078
14	9	25	3	0	1340	16	1356	7	135334	135331
25	11	5	1	0	1340	18	1360	31	135528	135522
19	12	13	2	0	1440	1	1460	14	146699	146693
10	5	24	8	0	1400	18	1416	9	141794	141795
23	5	4	14	0	1220	10	1260	25	125043	125209
16	2	16	13	0	1300	12	1316	3	131952	131956
26	11	9	3	0	1440	4	1480	17	147041	147038
9	3	28	6	0	1300	2	1296	25	130869	130864
14	12	20	11	0	1260	4	1276	22	127874	127422
2	12	31	0	0	1340	9	1336	0	134635	134626
19	7	13	6	0	1460	25	1500	6	149120	149114
7	5	0	5	0	1320	29	1340	6	133573	133204
10	4	10	6	0	1340	8	1340	22	134522	134633
7	2	25	11	0	1420	5	1436	28	143792	143779
29	9	4	4	0	1340	28	1360	9	136557	136565
21	9	12	4	0	1400	20	1420	1	141974	141976
21	9	6	8	0	1460	9	1480	20	147647	147407
11	1	21	11	0	1480	29	1496	20	149572	149570
26	11	5	2	0	1340	18	1360	31	135541	135547
25	9	6	3	0	1460	16	1480	29	148246	148241
6	4	26	9	0	1300	10	1316	1	131726	131727
8	12	3	11	0	1400	3	1400	13	140270	139969
20	9	12	5	0	1300	26	1340	7	133317	133314
17	14	16	12	0	1340	24	1356	15	136123	136125
13	12	20	0	0	1280	11	1296	9	128581	129209
10	5	24	8	0	1360	6	1376	29	137473	137471
13	0	2	12	0	1440	20	1460	29	145307	144922
25	9	7	6	0	1400	29	1440	17	142929	143665
8	2	21	9	0	1260	6	1276	7	128109	129027
0	13	30	0	0	1320	22	1316	13	132906	132907
8	13	25	0	0	1460	0	1456	23	146662	146643
31	1	0	11	0	1280	24	1300	5	129900	129894
10	4	22	10	0	1380	26	1396	17	139337	139333
2	8	31	6	0	1480	23	1476	14	148994	149004
23	3	7	3	0	1240	28	1280	19	126989	127992
17	14	4	14	0	1380	9	1420	20	140775	140566
8	2	26	10	0	1540	27	1556	18	155579	155545
4	12	25	3	0	1580	28	1576	19	159205	159203
7	10	25	3	0	1640	20	1636	11	164720	164717
8	13	25	0	0	1520	3	1536	26	153284	153292
14	8	13	2	0	1640	0	1660	8	165891	165404
19	12	14	1	0	1520	11	1540	24	154127	154131
0	2	2	11	0	1520	25	1520	6	152344	152362
12	2	22	12	0	1560	6	1556	29	156865	156858
11	1	21	11	0	1560	15	1576	6	157761	157756
24	1	6	15	0	1480	3	1500	16	150154	150166
21	6	13	7	0	1700	3	1720	16	172697	172713
13	7	28	6	0	1540	26	1556	12	155487	154998
10	8	24	5	0	1600	27	1616	18	162218	162221
8	5	18	11	0	1640	21	1636	7	164870	164392
29	6	4	7	0	1580	8	1600	21	160447	160449
25	12	5	5	0	1620	9	1640	27	163674	164183
7	9	31	3	0	1540	28	1556	19	155695	155688
24	7	6	7	0	1600	3	1640	16	163204	163229
19	7	13	6	0	1700	2	1720	15	172616	172621
13	9	10	4	0	1660	7	1680	23	166591	166951
28	8	2	5	0	1640	9	1660	22	166850	166862
26	0	18	15	0	1660	17	1656	31	167703	166683
26	11	6	4	0	1680	5	1700	18	169739	169721
24	9	12	5	0	1720	12	1740	1	173536	174247
12	2	21	11	0	1700	28	1716	19	172059	172064
8	5	26	8	0	1720	15	1736	6	173814	173816
31	10	4	4	0	1480	14	1520	27	151351	151354
31	3	3	10	0	1540	26	1560	7	155514	155519
31	1	4	12	0	1600	1	1620	14	162983	162984
30	11	5	2	0	1700	9	1740	22	173297	173301
9	0	23	14	0	1540	13	1536	4	154336	154333
29	9	5	5	0	1680	11	1700	24	170422	170432
23	10	9	3	0	1700	1	1720	14	172557	172509
12	2	20	11	0	1500	20	1516	11	151884	151886
25	9	6	4	0	1520	17	1540	30	154714	154729
17	14	29	1	0	1580	18	1616	9	161342	161345
27	9	2	4	0	1720	27	1760	8	174865	174838
7	2	30	12	0	1560	19	1576	10	158115	158116
10	5	21	9	0	1580	24	1576	15	158743	158799
17	14	18	8	0	1540	1	1556	24	156168	156193
27	9	4	3	0	1580	3	1600	16	159922	159889
4	0	18	8	0	1980	16	1996	7	198305	198306
21	9	11	4	0	1860	9	1900	22	188546	188550
20	6	15	1	0	1920	24	1940	11	193051	193673
2	12	28	6	0	1820	20	1836	11	183195	183197
8	5	26	8	0	1900	4	1916	27	190983	190990
2	8	31	6	0	1940	15	1956	6	195297	195293
29	11	3	1	0	1760	6	1800	19	178940	178928
23	12	10	2	0	1880	25	1900	6	189943	189932
13	12	0	6	0	1860	31	1880	14	187456	187752
5	14	25	4	0	1780	30	1776	24	178191	178517
0	10	31	4	0	1840	27	1836	18	183909	183913
29	12	24	5	0	1740	8	1756	31	176038	176043
18	12	14	2	0	1940	10	1960	23	194882	194875
11	1	21	12	0	1800	3	1816	26	181697	181701
19	7	14	7	0	1880	15	1900	28	189111	189113
29	3	0	11	0	1880	20	1900	1	189531	189520
23	2	7	13	0	1900	15	1940	28	192051	192048
5	1	30	13	0	1780	12	1796	3	179500	179499
5	14	6	9	0	1840	31	1860	12	184321	184326
21	9	10	4	0	1840	9	1860	22	185251	185239
20	3	13	14	0	1900	4	1920	17	191016	191012
5	1	27	9	0	2000	26	1996	17	199342	199341
18	12	14	2	0	1760	3	1800	16	178731	178732
24	1	7	13	0	1920	26	1940	7	193288	193285
6	4	29	10	0	1900	26	1896	17	190059	190065
10	11	24	1	0	1940	28	1936	19	193480	193489
19	7	14	7	0	1760	2	1800	15	178610	178613
25	11	9	4	0	1960	31	1980	12	196630	196628
4	11	27	3	0	1760	9	1756	0	176170	176181
1	2	4	4	0	2000	24	2020	11	199159	199751
24	7	8	0	0	1740	9	1760	22	176228	176182
30	11	3	2	0	1780	15	1800	28	179728	179727
31	1	4	11	0	1780	19	1800	0	180107	180103
18	7	4	9	0	1960	4	1980	9	197186	196412
15	3	18	11	0	1780	7	1796	30	179098	179092
1	2	31	11	0	1980	6	1976	29	197377	197361
29	4	6	8	0	1820	23	1840	4	183549	183554
14	1	18	11	0	1920	10	1916	1	191591	191588
27	4	5	8	0	1880	21	1900	2	189646	189650
24	2	10	11	0	1980	0	2020	13	199961	199973
4	12	28	2	0	1740	30	1756	21	175122	175134
4	11	30	2	0	1960	21	1956	12	195928	195891
31	3	26	8	0	1900	19	1936	19	192558	193512
29	9	6	4	0	1960	28	1980	9	196420	196450
9	11	15	6	0	1980	7	1980	17	197383	197018
8	12	24	1	0	1980	20	1996	11	198709	198711
23	0	7	15	0	1760	25	1780	6	177716	177717
9	0	23	12	0	2060	25	2072	16	205429	205434
10	8	23	11	0	2060	29	2056	10	205901	204946
11	1	21	11	0	2220	7	2232	30	222312	222306
27	9	6	4	0	2160	13	2180	26	216876	216883
13	2	20	12	0	2020	27	2036	18	202643	202660
13	2	22	10	0	2180	14	2192	15	217046	218067
18	7	1	12	0	2200	22	2240	12	220835	221649
23	2	9	3	0	2020	11	2060	31	204185	204859
26	3	7	10	0	2060	3	2080	16	206395	206398
7	10	25	4	0	2020	22	2036	13	202181	202159
7	13	25	0	0	2140	15	2152	6	213899	213878
5	1	12	3	0	2200	0	2220	21	218911	219590
19	2	15	10	0	2120	4	2140	17	212847	212829
7	5	11	0	0	2040	12	2040	18	204267	203589
12	2	19	10	0	2140	10	2152	1	213398	213381
25	10	9	3	0	2020	4	2040	17	203519	203515
11	0	22	14	0	2080	21	2092	12	208161	208156
5	7	29	7	0	2100	8	2112	31	209915	209910
15	3	18	9	0	2220	31	2232	22	221664	221654
20	6	14	7	0	2200	22	2220	3	220857	220859
8	14	25	8	0	2120	31	2132	21	212310	212214
24	7	16	9	0	2080	1	2112	2	209384	210253
29	12	25	8	0	2120	30	2132	21	212230	212214
23	2	9	1	0	2200	21	2240	11	220791	221568
8	6	1	2	0	2040	0	2040	11	203201	203037
7	9	15	1	0	2040	2	2040	17	203370	203534
5	14	29	6	0	2200	15	2232	16	220269	221244
7	9	24	4	0	2040	4	2036	27	203536	203535
0	2	31	11	0	2180	29	2192	20	218590	218594
1	5	31	6	0	2220	22	2212	13	220879	220875
24	9	16	9	0	2080	20	2092	8	208122	207830
22	13	11	0	0	2120	1	2140	14	212536	212538
4	6	28	7	0	2120	18	2112	9	211001	211009
21	6	13	7	0	2140	29	2160	10	215338	215345
10	4	23	9	0	2120	31	2132	22	212356	212350
13	2	18	11	0	2100	0	2092	23	209308	209353
29	3	7	9	0	2040	14	2060	27	204529	204541
7	1	27	12	0	2140	4	2132	27	212803	212802
29	4	13	2	0	2120	4	2140	16	212768	212691
0	15	31	6	0	2500	25	2512	16	248785	248777
16	2	31	6	0	2500	28	2512	27	249057	249938
14	1	19	12	0	2340	28	2352	19	233534	233539
7	2	20	12	0	2460	12	2472	3	244349	244324
14	12	16	8	0	2400	26	2412	17	239479	239475
26	5	6	9	0	2340	27	2360	8	233462	233482
24	3	7	11	0	2340	1	2360	14	233983	234002
24	5	9	7	0	2300	24	2320	5	230008	230007
25	10	6	4	0	2320	11	2340	24	231900	231907
2	13	2	8	0	2460	14	2480	28	244548	244625
16	1	16	15	0	2280	3	2292	26	227840	227842
26	11	7	3	0	2300	23	2320	4	229891	229889
18	7	15	6	0	2360	27	2400	8	236443	236444
10	11	27	5	0	2460	11	2472	2	244262	244263
3	9	5	1	0	2520	0	2520	13	249517	249502
9	3	26	10	0	2300	18	2312	9	229342	229343
12	2	7	4	0	2420	2	2420	7	240179	239490
13	9	27	9	0	2480	25	2472	16	245696	245698
7	9	24	4	0	2400	25	2412	16	239380	239381
9	9	25	4	0	2480	1	2492	24	246480	246472
20	9	13	5	0	2260	26	2300	7	227026	227032
27	4	5	9	0	2480	19	2520	0	248205	248196
8	13	25	0	0	2300	23	2312	14	229914	229931
5	1	27	12	0	2320	31	2332	22	230697	230690
18	7	26	14	0	2380	18	2412	9	238681	238673
17	0	17	14	0	2500	3	2512	26	249897	249903
15	3	18	9	0	2260	14	2272	5	225875	225886
10	4	15	6	0	2420	9	2420	13	240887	240037
26	11	7	3	0	2260	25	2300	6	226920	226925
19	12	13	1	0	2480	5	2500	18	246861	246863
23	10	10	2	0	2260	16	2280	29	226033	226028
13	1	20	13	0	2280	16	2272	7	226032	226036
27	4	7	9	0	2340	28	2360	9	233620	233631
11	1	23	14	0	2280	2	2292	25	227817	227773
19	5	14	7	0	2300	16	2320	29	229175	229173
24	7	11	6	0	2420	21	2440	2	242246	242245
13	0	16	12	0	2280	30	2292	21	227281	227286
2	13	30	0	0	2440	24	2452	15	242507	242506
31	1	4	11	0	2280	15	2320	28	229038	229003
25	5	10	9	0	2400	23	2420	4	239103	239138
23	12	9	1	0	2560	5	2600	18	256735	256729
31	13	2	1	0	2720	3	2760	16	272293	272280
7	13	24	1	0	2520	13	2532	4	250743	250747
5	7	30	6	0	2580	0	2572	23	256166	256163
23	8	7	5	0	2560	2	2600	15	256414	256415
24	3	7	11	0	2660	30	2680	11	265466	265465
7	10	27	3	0	2520	17	2532	8	251132	251133
8	14	25	0	0	2580	31	2572	22	256078	256085
7	1	26	12	0	2680	18	2692	9	267703	267696
17	15	30	6	0	2680	18	2692	7	267713	267511
29	0	0	15	0	2680	28	2700	5	268625	268298
4	12	27	3	0	2580	7	2592	30	256924	256926
23	0	8	8	0	2600	29	2620	10	258875	258878
23	10	11	4	0	2520	23	2540	4	251785	251786
31	5	5	8	0	2540	5	2560	18	253238	253241
25	12	9	3	0	2560	0	2580	13	256199	256212
30	9	3	9	0	2720	25	2740	12	271361	271830
31	1	2	13	0	2720	0	2740	13	271929	271932
18	11	14	2	0	2740	23	2780	4	274300	274305
11	0	22	14	0	2680	8	2692	31	266679	266677
19	2	15	10	0	2500	6	2540	19	250172	250171
25	2	7	10	0	2700	4	2720	17	269362	269357
13	7	21	9	0	2700	24	2692	15	268372	268328
4	12	26	2	0	2720	26	2732	17	271482	271479
25	5	10	6	0	2520	24	2540	5	251900	251907
19	7	14	7	0	2740	12	2760	25	273196	273192
4	12	25	3	0	2520	7	2532	30	250269	250266
6	2	27	11	0	2580	11	2592	2	257265	257273
9	1	25	12	0	2540	21	2532	12	251652	251653
15	11	26	10	0	2620	23	2632	14	261544	261546
7	15	24	1	0	2680	14	2692	5	267349	267337
13	1	23	15	0	2560	8	2552	3	253668	254150
28	3	1	10	0	2580	11	2600	24	257221	257213
19	0	13	13	0	2600	8	2620	21	259936	259937
23	11	8	1	0	2700	6	2720	19	269512	269555
7	10	25	4	0	2920	27	2932	18	290364	290363
0	6	31	15	0	2960	31	2972	22	293785	293782
10	4	22	9	0	2840	4	2832	27	281967	281966
17	14	26	15	0	2840	31	2872	21	284619	284487
24	3	6	10	0	2880	3	2920	16	288253	288248
16	1	16	12	0	2880	0	2892	23	288021	288020
23	1	7	15	0	2920	5	2940	18	291402	291407
30	11	3	2	0	2940	27	2960	8	293421	293418
7	9	24	5	0	2780	5	2772	28	275693	275683
11	0	20	12	0	2780	15	2792	6	276595	276603
15	3	18	11	0	2980	17	2992	8	295560	295556
29	0	4	12	0	2780	16	2800	29	276662	276663
25	5	8	0	0	2940	31	2980	12	293817	293806
13	12	9	5	0	2820	25	2840	8	280648	280959
13	12	24	1	0	3000	15	3012	13	298517	299226
17	14	15	1	0	2780	23	2800	4	277357	277356
27	9	7	5	0	2820	28	2840	9	281063	281051
21	9	11	4	0	3000	23	3020	4	299335	299329
14	1	0	14	0	2900	9	2920	17	288826	288421
9	0	23	15	0	2920	28	2932	19	290474	290478
9	3	26	10	0	2940	4	2932	27	291307	291317
2	0	26	12	0	2780	6	2772	29	275780	275771
17	14	8	2	0	2880	7	2920	31	288687	289631
27	4	4	9	0	2900	22	2940	3	289990	289996
9	1	22	12	0	2900	30	2892	21	287833	287830
25	2	8	11	0	2980	10	3020	23	298053	298055
25	9	9	4	0	3000	29	3040	10	299877	299854
0	2	13	2	0	2900	3	2900	12	288286	287962
13	12	21	6	0	2780	23	2792	3	277390	276425
12	2	21	10	0	2920	26	2932	17	290272	290282
29	11	7	3	0	2880	4	2920	17	288451	288452
18	4	5	9	0	2900	15	2920	28	289345	289349
13	2	20	12	0	2820	31	2832	22	281533	281528
5	3	22	10	0	2960	24	2952	18	293189	293467
14	1	19	12	0	2980	21	2992	12	295959	295961
31	1	13	6	0	2860	10	2900	30	285848	286397
17	14	2	1	0	2940	24	2960	3	293181	293018
25	10	3	2	0	2820	27	2840	8	280993	280997
19	4	22	9	0	2880	24	2892	15	287253	287254
14	0	18	13	0	2780	5	2772	28	275737	275748
5	1	29	14	0	2960	25	2952	16	293299	293295
8	7	27	5	0	2920	3	2932	26	291191	291192
7	2	30	13	0	2960	8	2972	31	294589	294588
29	12	3	1	0	3180	4	3200	17	316651	316650
12	2	22	11	0	3020	4	3032	27	300417	300418
10	4	23	9	0	3120	25	3112	16	309128	309136
3	9	28	6	0	3120	6	3132	29	310559	310603
3	6	30	6	0	3220	29	3212	20	319127	319138
31	1	3	12	0	3240	6	3260	19	323121	323123
9	1	23	12	0	3040	24	3052	15	302503	302498
24	9	3	2	0	3180	17	3220	30	317921	317923
20	6	13	7	0	3220	10	3240	23	320285	320281
4	6	28	7	0	3080	24	3092	15	305816	305808
9	0	27	15	0	3140	15	3132	6	311499	311509
5	5	27	9	0	3240	30	3252	21	322338	322341
18	7	3	13	0	3040	23	3060	4	302387	302394
29	6	10	4	0	3160	15	3180	2	314642	315255
9	1	11	0	0	3220	10	3240	17	320292	319729
7	1	29	15	0	3200	10	3192	1	317222	317227
7	9	31	11	0	3220	1	3232	31	319483	320149
21	1	21	10	0	3160	27	3192	18	315828	315832
9	3	26	11	0	3160	11	3172	2	314217	314216
27	9	6	8	0	3040	6	3080	19	303901	303891
27	0	8	13	0	3180	11	3200	24	317396	317405
20	9	12	4	0	3200	31	3220	12	319324	319325
30	13	22	13	0	3200	5	3232	3	319870	320507
5	7	29	6	0	3060	9	3072	0	304196	304210
20	3	4	14	0	3080	12	3100	18	307869	307219
23	3	7	11	0	3260	23	3280	4	324882	324880
3	0	28	10	0	3200	18	3212	9	318102	318062
19	6	14	7	0	3100	20	3120	1	308824	308846
22	3	7	11	0	3100	26	3120	7	309319	309340
6	4	25	8	0	3020	1	3032	24	300287	300240
3	13	30	0	0	3260	6	3252	29	323201	323200
14	1	18	11	0	3160	15	3172	6	314709	314710
1	8	30	5	0	3180	7	3192	30	316965	316967
23	10	11	4	0	3120	17	3140	30	311734	311737
29	3	8	9	0	3160	20	3180	1	315201	315213
8	12	25	1	0	3100	18	3112	9	308463	308462
29	9	2	4	0	3320	27	3360	8	331631	331626
29	9	28	9	0	3340	11	3352	26	333434	332524
16	1	16	12	0	3420	23	3432	14	340826	340848
18	11	15	1	0	3500	7	3520	20	348694	348697
8	7	28	7	0	3380	31	3372	22	335146	335151
14	15	29	12	0	3440	24	3432	15	340904	340906
29	4	0	10	0	3480	15	3500	28	346406	346410
7	2	26	11	0	3340	0	3352	23	332169	332173
26	3	7	10	0	3360	29	3380	10	334996	335005
31	3	1	10	0	3460	11	3500	24	346000	345993
25	9	7	4	0	3500	7	3520	20	348698	348704
10	11	18	8	0	3300	26	3312	17	328295	328320
16	1	17	13	0	3320	16	3332	7	330615	330600
7	13	25	1	0	3280	11	3292	2	326788	326783
2	0	27	11	0	3380	8	3392	31	336164	336151
5	15	25	1	0	3400	19	3392	10	337226	337235
7	5	26	9	0	3340	1	3352	24	332300	332301
8	6	27	9	0	3360	26	3372	17	334733	334723
31	3	2	11	0	3420	26	3440	7	341077	341079
11	0	22	13	0	3400	20	3392	11	337368	337359
10	4	22	9	0	3420	15	3432	6	340107	340093
5	5	28	9	0	3360	14	3372	5	333730	333734
3	13	30	0	0	3400	16	3392	7	336915	336913
14	0	20	13	0	3420	10	3432	1	339652	339654
7	10	18	9	0	3320	4	3312	21	329451	328742
8	13	22	9	0	3420	18	3432	2	340427	339727
3	8	21	6	0	3500	27	3512	19	347683	347805
14	0	19	14	0	3300	13	3292	4	327012	327016
14	0	18	15	0	3440	2	3452	25	341850	341842
22	13	11	0	0	3380	19	3400	0	337268	337266
31	10	2	3	0	3400	6	3420	19	339207	339216
20	9	9	6	0	3420	2	3460	11	341844	341460
14	0	18	12	0	3360	10	3352	1	333358	333362
28	8	5	5	0	3460	10	3500	23	345959	345958
8	15	12	4	0	3440	7	3460	30	342484	343407
21	6	13	7	0	3320	19	3340	0	330936	330932
27	9	8	5	0	3380	23	3420	4	337712	337782
25	9	9	5	0	3460	3	3480	16	345196	345173
14	1	17	8	0	3400	28	3412	19	338145	338149
9	0	23	12	0	3460	12	3452	3	342824	342807
0	7	11	0	0	3500	6	3540	30	348655	349630
28	3	6	10	0	3300	10	3340	23	329917	329923
14	1	19	12	0	3640	7	3652	30	361368	361367
8	6	4	7	0	3640	14	3660	31	361958	362259
23	12	28	5	0	3540	9	3552	4	352164	352466
20	6	30	4	0	3640	22	3672	19	362597	363202
10	5	25	8	0	3560	31	3572	22	354210	354207
1	10	31	4	0	3580	13	3592	4	355584	355585
3	12	20	12	0	3640	16	3652	7	362082	362085
6	4	27	9	0	3740	5	3732	28	370038	370039
7	5	24	8	0	3780	12	3772	3	374049	374035
8	4	23	9	0	3660	20	3652	11	362416	362411
23	10	12	5	0	3560	1	3580	14	354379	354392
24	5	17	14	0	3660	7	3692	7	364274	365188
10	5	21	8	0	3740	18	3752	9	371413	371398
18	11	14	2	0	3700	14	3720	27	368025	368029
31	3	5	9	0	3540	12	3560	25	352437	352443
19	7	13	6	0	3540	13	3560	26	352490	352482
19	0	31	4	0	3560	12	3592	7	355505	355909
9	9	27	3	0	3540	30	3532	21	350915	350899
13	0	19	13	0	3640	1	3632	24	360785	360786
3	0	30	13	0	3740	5	3732	28	370045	370049
18	11	15	1	0	3540	11	3560	24	352375	352372
16	15	10	9	0	3540	22	3580	5	353384	353582
9	0	26	14	0	3620	27	3632	18	360177	360185
27	13	8	2	0	3600	7	3620	20	358297	358305
25	12	8	1	0	3620	8	3660	21	361505	361512
29	14	22	13	0	3660	14	3692	8	364995	365387
13	12	14	7	0	3580	23	3620	12	356630	357527
2	0	30	13	0	3720	2	3732	25	369790	369774
19	7	14	7	0	3620	1	3640	14	360805	360796
4	6	31	7	0	3660	25	3672	16	362955	362959
30	15	26	11	0	3680	6	3712	2	367301	367825
23	0	22	2	0	3540	24	3572	21	353598	354154
19	7	13	5	0	3620	31	3640	12	360619	360612
19	7	29	12	0	3620	0	3632	17	360689	360128
9	0	3	12	0	3560	26	3580	11	353787	354160
28	8	3	4	0	3560	12	3600	25	355522	355531
21	1	11	14	0	3660	2	3680	15	363826	363823
3	9	2	12	0	3760	9	3780	14	373795	372945
9	3	23	9	0	3580	5	3572	28	354815	354818
9	13	24	1	0	3620	24	3632	15	359937	359944
19	7	14	7	0	3640	23	3660	4	362804	362765
12	11	3	10	0	3680	14	3680	18	365038	364088
17	14	8	11	0	3600	17	3620	30	359283	359285
19	6	13	6	0	3740	22	3760	3	371812	371818
23	11	7	3	0	3840	4	3880	21	382605	382912
5	1	30	13	0	3780	22	3792	13	375015	375019
8	12	24	1	0	3880	30	3892	21	385135	385136
13	0	14	1	0	4020	13	4040	22	399405	399061
14	0	0	11	0	4020	30	4040	17	398117	398641
14	1	18	11	0	3900	14	3912	5	386849	386855
13	2	20	12	0	4000	23	4012	14	397465	397468
0	15	23	12	0	4020	1	4012	20	398357	398012
18	11	14	2	0	3900	30	3940	11	388544	388547
5	14	14	7	0	3800	7	3820	20	376618	376612
13	11	16	13	0	3900	8	3892	31	386289	386269
2	8	30	5	0	3840	13	3852	4	380125	380120
7	10	27	3	0	4000	14	4012	5	396501	396503
28	3	1	11	0	3820	2	3840	15	379044	379049
29	3	3	10	0	3840	6	3880	19	382787	382788
16	13	30	5	0	3920	19	3952	15	390747	391272
10	11	24	1	0	3820	21	3812	12	377754	377742
5	3	28	9	0	3900	5	3892	28	385929	385927
23	10	31	11	0	3860	8	3872	25	382982	382379
29	4	6	10	0	4020	17	4040	30	399786	399799
20	6	14	7	0	3880	2	3900	15	385630	385629
28	8	3	4	0	4000	31	4020	12	398250	398245
6	4	27	9	0	3860	2	3872	25	382406	382409
14	9	11	0	0	3960	10	3960	18	392986	392524
16	2	17	13	0	3900	2	3932	25	388964	388965
3	9	31	0	0	3960	12	3972	3	393180	393181
24	3	11	9	0	3840	20	3860	1	380914	380910
7	10	25	3	0	3920	27	3912	18	388281	388284
26	3	1	9	0	3840	3	3880	16	382505	382506
21	9	12	5	0	4000	21	4020	2	397298	397299
7	10	29	1	0	3820	22	3812	13	377862	377860
7	1	26	12	0	3860	15	3872	6	383695	383688
3	0	6	1	0	3900	6	3900	19	386106	386135
20	9	5	2	0	3840	30	3860	11	381956	381957
20	3	17	9	0	4000	2	4032	31	398508	399007
8	14	25	0	0	3800	0	3792	23	376025	376026
9	14	29	3	0	3820	29	3812	14	378565	377919
13	2	20	11	0	3840	27	3852	18	381609	381658
19	6	13	7	0	3800	20	3820	1	377677	377674
2	12	23	9	0	3840	17	3852	9	380545	380613
2	8	30	5	0	4020	6	4032	29	398785	398774
26	5	3	9	0	3840	29	3860	10	381738	381757
23	10	9	3	0	3880	31	3900	12	385186	385207
29	4	7	9	0	3960	16	3980	29	393583	393574
17	12	15	1	0	3960	21	3980	2	394159	394099
26	3	7	10	0	4020	15	4040	28	399582	399581
16	15	15	6	0	4080	19	4120	7	406268	406816
6	15	3	9	0	4080	11	4100	25	405312	405320
27	13	8	2	0	4180	26	4220	8	416408	416414
29	9	2	3	0	4060	25	4080	7	403448	403450
27	9	8	6	0	4080	23	4120	5	406637	406633
30	15	7	5	0	4220	2	4260	18	420398	420603
26	11	9	4	0	4240	20	4280	2	422128	422137
13	2	19	9	0	4040	31	4052	22	401006	401007
8	2	26	12	0	4080	3	4092	26	404373	404375
29	12	18	12	0	4080	11	4092	2	405338	405323
29	9	5	3	0	4140	6	4160	20	411395	411397
3	9	30	4	0	4120	9	4132	0	408444	408434
17	12	30	3	0	4080	21	4112	20	406464	407304
19	6	13	7	0	4180	18	4200	0	415708	415704
0	2	29	10	0	4120	4	4112	27	407959	407964
13	1	19	10	0	4220	13	4232	4	418353	418341
25	11	10	4	0	4060	3	4100	17	404382	404383
29	3	3	12	0	4260	6	4300	20	423962	423957
20	6	14	7	0	4120	30	4160	12	410651	410653
19	0	9	4	0	4200	4	4220	9	417495	416559
8	6	29	7	0	4160	14	4172	5	412134	412133
26	2	7	11	0	4120	22	4140	4	409698	409694
24	7	11	6	0	4260	29	4280	11	423016	423018
29	11	4	3	0	4100	11	4140	25	408672	408664
28	15	21	11	0	4120	30	4152	21	410658	410669
14	0	19	14	0	4120	7	4132	30	408286	408282
0	5	23	9	0	4140	7	4152	27	411511	411268
9	11	25	3	0	4280	9	4292	0	424199	424205
27	9	2	3	0	4080	18	4120	0	406250	406252
14	0	18	11	0	4200	20	4192	11	415939	415938
8	15	2	14	0	4200	22	4220	4	416091	416135
26	3	6	9	0	4180	13	4200	27	415346	415300
3	9	28	5	0	4200	18	4192	9	415731	415730
17	0	16	14	0	4220	22	4232	13	419362	419368
24	5	0	6	0	4040	1	4060	16	401240	401300
23	5	8	8	0	4140	3	4160	17	411214	411216
9	9	24	4	0	4120	10	4132	1	408515	408532
13	1	22	15	0	4120	10	4132	1	408522	408521
29	13	5	1	0	4220	31	4260	13	420080	420040
20	6	13	7	0	4360	29	4380	11	432329	432325
12	2	22	12	0	4460	31	4472	22	441657	441665
19	6	13	6	0	4280	29	4320	11	426060	426058
18	6	14	7	0	4360	8	4380	22	433356	433367
31	1	3	12	0	4480	27	4500	9	444637	444639
26	2	5	13	0	4520	3	4540	17	448715	448718
14	1	18	12	0	4360	27	4372	18	432143	432141
5	3	25	8	0	4440	7	4452	30	439451	439453
29	11	7	3	0	4460	18	4500	0	443746	443750
0	6	31	6	0	4340	30	4332	21	429368	429372
9	13	0	6	0	4460	27	4480	9	441303	441315
10	8	7	5	0	4540	12	4540	22	449571	449192
20	9	12	4	0	4360	12	4400	26	433744	433739
7	2	25	4	0	4360	18	4372	14	431162	431732
25	10	9	4	0	4280	25	4320	7	425728	425726
13	1	20	11	0	4320	18	4332	9	428081	428050
12	8	21	8	0	4440	13	4452	4	439901	439911
4	11	28	2	0	4540	16	4552	7	449892	449901
19	5	14	7	0	4320	2	4360	16	429758	429750
7	3	20	11	0	4400	24	4412	21	435041	435607
23	5	27	3	0	4400	20	4412	6	437561	437169
5	3	22	10	0	4420	17	4432	8	437327	437326
9	9	25	3	0	4440	3	4432	26	439120	439127
19	12	13	2	0	4360	28	4380	4	432248	431655
29	12	5	2	0	4440	12	4460	26	439821	439830
14	9	24	4	0	4300	30	4312	21	426246	426241
10	11	22	9	0	4480	27	4492	18	444702	444698
25	1	3	15	0	4380	0	4420	14	435765	435781
27	0	6	3	0	4460	2	4480	19	442047	442406
6	4	25	8	0	4340	12	4352	3	430653	430647
5	1	27	12	0	4360	1	4372	24	432759	432757
18	6	23	9	0	4380	19	4392	12	434567	434764
19	12	14	2	0	4380	2	4420	16	435952	435976
28	8	5	3	0	4480	2	4520	16	445410	445411
8	13	25	0	0	4400	31	4412	22	435704	435695
25	5	8	8	0	4360	31	4380	13	432557	432564
16	2	18	13	0	4380	18	4392	9	434489	434492
21	9	10	2	0	4400	17	4440	31	437355	437366
19	12	14	2	0	4480	5	4520	19	445600	445612
3	13	31	0	0	4380	14	4392	5	434009	434017
10	13	25	14	0	4400	3	4412	26	436047	436048
14	0	18	11	0	4440	3	4432	26	439149	439154
8	4	24	8	0	4460	23	4452	14	440992	440995
5	5	26	2	0	4500	6	4512	29	445687	445686
19	6	13	7	0	4440	18	4460	0	440476	440475
9	1	22	9	0	4460	22	4452	14	440808	440921
2	0	26	10	0	4620	31	4632	22	457761	457759
26	11	5	2	0	4600	31	4640	13	457758	457766
3	9	3	12	0	4660	5	4680	19	461402	461408
23	8	10	6	0	4640	25	4660	7	460256	460258
29	6	5	7	0	4720	19	4760	1	469101	469091
0	15	31	6	0	4580	20	4592	11	453292	453289
18	12	25	8	0	4560	16	4592	13	452816	453520
9	9	20	13	0	4580	29	4592	20	454194	454201
23	12	3	1	0	4680	5	4700	19	464684	464688
17	14	7	7	0	4780	9	4800	23	474433	474440
16	15	16	10	0	4780	12	4792	3	474710	474713
8	12	24	1	0	4700	18	4712	9	465978	465966
24	15	22	11	0	4620	10	4652	6	458848	459235
25	9	9	5	0	4640	20	4660	2	459605	459616
9	3	23	11	0	4560	4	4572	27	451743	451746
9	1	23	12	0	4760	0	4752	23	470358	470356
1	10	29	3	0	4620	7	4632	30	458584	458589
17	14	27	5	0	4740	8	4752	23	471171	470364
24	9	2	3	0	4600	31	4640	13	457825	457823
3	0	5	0	0	4660	1	4660	9	461066	460489
23	12	2	14	0	4780	1	4800	15	473413	473425
8	14	29	13	0	4740	24	4752	8	469529	468974
3	12	26	2	0	4680	0	4692	23	464148	464146
13	14	6	3	0	4760	15	4780	25	471835	471476
19	7	13	7	0	4580	3	4600	17	454785	454789
7	5	26	9	0	4560	26	4552	17	450847	450854
27	4	16	14	0	4560	7	4572	0	452094	452326
24	2	27	3	0	4620	12	4632	27	459048	458381
9	3	23	9	0	4600	4	4592	27	454969	454970
4	6	24	15	0	4680	30	4692	23	463938	464154
5	1	29	13	0	4720	3	4732	26	467645	467646
13	1	21	12	0	4720	10	4732	1	468196	468173
15	3	18	11	0	4760	7	4772	30	471056	471058
25	9	16	14	0	4640	3	4672	4	461188	462177
8	6	11	6	0	4900	12	4920	1	483800	484556
6	2	31	13	0	4920	19	4932	10	488068	488079
4	11	29	1	0	4800	26	4812	17	476009	476044
26	5	28	5	0	4800	28	4812	19	476189	476191
21	9	12	4	0	4800	3	4840	17	476870	476874
16	1	16	12	0	5000	0	5012	23	495434	495431
27	4	2	9	0	4940	9	4960	23	490108	490122
19	5	11	4	0	4980	22	5020	15	494560	495577
24	2	7	11	0	4820	21	4860	3	478765	478775
25	10	9	4	0	4920	28	4960	10	488947	488943
14	0	19	13	0	4860	6	4852	29	480277	480241
5	1	25	11	0	4860	20	4872	11	481591	481587
7	9	24	4	0	5040	7	5052	30	498851	498854
29	3	0	11	0	4960	31	4980	13	492176	492178
1	10	30	3	0	4880	1	4892	24	482863	482866
11	0	22	13	0	4980	6	4992	29	492911	492917
25	9	8	5	0	4880	16	4900	30	484237	484240
7	5	24	8	0	4820	30	4812	21	476437	476466
19	2	13	13	0	4880	8	4900	22	483432	483426
25	2	7	11	0	4940	18	4980	0	490948	490949
19	5	11	14	0	4980	15	5000	29	493826	493825
2	12	18	12	0	4980	30	4972	11	492131	491207
23	8	10	4	0	4880	19	4920	1	484621	484616
25	12	9	3	0	5020	0	5060	14	498274	498288
18	6	23	12	0	4840	29	4852	13	479543	478886
23	0	16	14	0	5000	15	5032	6	496861	496862
7	3	7	4	0	4920	2	4920	13	486225	485967
27	0	4	14	0	5000	28	5020	10	495103	495112
5	5	5	8	0	4880	9	4900	29	483595	484128
7	15	25	0	0	4980	6	4992	29	492942	492939
9	1	22	10	0	5000	27	5012	18	495022	495030
25	1	20	13	0	4940	2	4952	29	489494	489883
25	9	6	3	0	4940	15	4980	29	490717	490710
9	0	29	14	0	5020	20	5032	11	497275	497274
30	11	22	9	0	4820	15	4832	5	478165	478059
23	10	21	11	0	4960	20	4972	18	491242	491917
10	4	23	9	0	4860	22	4872	13	481751	481753
8	5	27	9	0	4920	3	4912	26	486230	486250
24	7	8	0	0	4800	5	4840	19	477083	477065
1	10	30	2	0	5160	16	5152	7	509333	509334
8	12	25	1	0	5200	10	5212	1	515090	515092
10	11	12	4	0	5120	10	5120	26	505431	505634
7	9	0	1	0	5260	2	5280	16	520831	520836
30	11	4	3	0	5080	30	5120	12	504371	504377
1	13	28	2	0	5080	18	5092	9	503219	503210
30	13	5	1	0	5260	16	5300	30	522361	522360
29	11	0	0	0	5280	5	5320	19	524700	524689
0	10	30	3	0	5140	0	5132	23	507585	507567
18	4	15	15	0	5060	7	5100	21	502180	502183
8	5	28	9	0	5120	10	5112	1	505450	505454
13	1	19	12	0	5140	14	5152	5	509112	509106
8	4	23	9	0	5300	2	5312	25	524401	524388
15	3	19	13	0	5200	27	5192	18	513623	513631
25	9	9	4	0	5060	24	5080	6	500770	500765
10	5	16	15	0	5100	30	5112	30	504399	505163
0	15	30	6	0	5240	15	5252	6	518862	518865
9	0	25	14	0	5280	17	5292	8	522531	522523
5	3	24	8	0	5300	6	5312	29	524807	524797
25	12	8	5	0	5060	24	5080	6	500775	500780
19	12	14	2	0	5280	21	5300	3	523043	523038
19	12	14	2	0	5200	12	5220	26	515340	515347
1	2	31	12	0	5080	9	5092	0	502336	502329
29	4	6	9	0	5220	29	5240	11	517009	517014
3	0	31	14	0	5160	21	5172	12	509851	509855
3	8	26	5	0	5180	6	5172	29	511611	511599
15	3	23	1	0	5180	17	5192	10	512795	512946
25	10	9	4	0	5200	18	5240	0	515876	515874
7	5	27	9	0	5080	10	5092	1	502409	502406
0	10	15	15	0	5240	15	5260	29	518877	518875
31	1	2	12	0	5100	4	5120	18	504933	504929
31	1	3	12	0	5260	13	5300	27	522168	522160
4	6	7	13	0	5080	0	5100	20	501571	502159
31	3	6	8	0	5160	13	5200	27	512352	512361
14	1	16	14	0	5100	2	5112	31	504781	505314
24	15	3	13	0	5260	2	5280	16	520883	520884
2	8	18	12	0	5140	6	5152	6	508193	509176
3	14	24	8	0	5180	9	5192	7	511864	512628
3	9	29	7	0	5200	5	5212	24	514591	514151
29	4	31	12	0	5220	27	5232	19	516730	516874
28	8	8	6	0	5260	1	5280	15	520696	520697
14	0	19	12	0	5420	27	5432	18	536337	536334
7	10	25	3	0	5540	27	5552	18	548815	548812
23	0	28	5	0	5340	21	5352	4	529466	528824
26	2	7	11	0	5440	22	5460	4	539007	539017
3	14	26	2	0	5400	0	5412	31	533819	534529
13	2	21	11	0	5400	1	5392	24	533947	533938
12	2	21	10	0	5420	2	5432	25	536921	536937
12	8	27	12	0	5480	30	5492	29	542920	543681
0	7	28	6	0	5500	5	5492	28	543566	543569
23	8	9	5	0	5340	29	5380	11	530248	530237
24	2	8	2	0	5500	28	5520	1	545859	545059
7	5	25	8	0	5420	21	5412	12	535802	535804
19	6	13	8	0	5340	17	5360	31	529157	529179
7	2	30	13	0	5360	0	5372	23	530568	530569
11	0	24	15	0	5380	22	5372	5	532787	531978
9	1	30	12	0	5300	15	5312	6	525654	525656
14	0	18	11	0	5360	0	5372	23	530573	530575
0	4	31	9	0	5420	20	5412	11	535740	535747
26	2	7	11	0	5360	16	5380	30	532108	532113
0	13	28	10	0	5340	23	5352	14	529703	529695
3	9	22	11	0	5400	2	5392	25	534027	534026
23	0	7	13	0	5500	3	5540	17	546542	546539
29	11	3	2	0	5320	10	5360	24	528551	528547
26	5	2	8	0	5360	19	5400	1	532455	532454
12	2	22	14	0	5440	16	5452	7	538445	538456
11	1	25	14	0	5440	22	5452	13	539051	539058
1	10	27	5	0	5380	23	5392	14	532890	532891
26	5	4	7	0	5360	11	5380	25	531750	531739
29	6	5	5	0	5480	0	5500	14	543180	543187
26	5	5	8	0	5320	31	5340	13	527472	527471
29	14	16	13	0	5500	31	5532	22	546191	546187
9	3	26	11	0	5360	25	5352	16	529934	529926
16	2	16	10	0	5520	20	5552	11	548259	548260
9	3	25	11	0	5400	19	5412	10	535658	535659
2	13	31	0	0	5320	24	5332	15	526605	526661
8	7	1	12	0	5360	30	5360	4	530301	529541
8	2	23	9	0	5500	12	5512	3	544303	544308
29	6	17	14	0	5520	16	5552	11	547732	548201
23	8	7	4	0	5760	20	5780	2	570675	570676
10	5	21	8	0	5560	18	5572	9	551169	551180
27	0	5	7	0	5680	6	5700	20	562881	562891
24	9	9	5	0	5740	16	5780	30	570236	570237
6	2	27	12	0	5800	1	5812	24	574914	574918
31	5	4	9	0	5680	20	5720	2	564325	564315
30	11	3	2	0	5760	6	5800	20	572323	572318
8	13	25	0	0	5560	14	5572	5	550796	550779
6	4	27	9	0	5700	21	5712	12	564419	564421
5	1	3	10	0	5600	19	5620	1	554665	554666
26	15	21	1	0	5620	17	5652	16	557593	558498
29	11	3	2	0	5740	0	5760	14	568737	568738
0	6	29	7	0	5640	27	5652	18	558711	558696
29	14	28	7	0	5740	19	5772	10	570613	570616
3	0	22	11	0	5600	24	5612	9	555227	554588
12	13	14	1	0	5760	27	5780	31	571385	570396
23	0	11	13	0	5600	3	5640	17	556310	556309
9	1	25	13	0	5560	19	5572	10	551285	551287
8	5	26	2	0	5620	13	5652	13	557271	558182
14	14	16	8	0	5780	7	5792	30	572398	572411
1	4	31	15	0	5680	0	5692	23	562415	562423
26	15	15	12	0	5660	16	5680	5	560750	561483
8	5	25	8	0	5800	1	5812	24	574975	574972
19	6	14	7	0	5760	3	5800	17	572037	572039
6	2	29	12	0	5620	3	5632	26	556326	556330
10	4	24	8	0	5680	8	5692	31	563150	563149
14	0	2	3	0	5660	11	5660	18	560374	559554
24	5	6	9	0	5700	0	5720	14	565479	565481
18	12	13	1	0	5720	12	5740	26	566778	566776
23	11	12	3	0	5780	9	5800	23	572620	572609
9	0	7	3	0	5560	10	5580	1	550438	551363
20	9	25	8	0	5760	2	5772	14	571979	571030
23	0	7	15	0	5560	15	5580	29	550924	550929
5	1	29	13	0	5740	3	5752	26	568959	568958
13	9	16	10	0	5780	29	5772	18	571533	571359
19	5	14	7	0	5740	9	5760	23	569527	569492
21	9	7	7	0	5820	16	5840	31	576243	576376
5	1	30	12	0	5980	10	5992	1	591118	591117
23	10	2	13	0	5860	4	5880	10	581235	580614
16	2	16	13	0	5880	15	5892	6	582249	582243
9	0	22	11	0	5840	4	5852	27	578217	578198
23	1	7	15	0	5880	19	5900	1	582580	582577
30	15	5	0	0	6020	0	6040	14	596420	596419
21	9	13	5	0	6020	5	6060	19	596831	596811
19	5	18	9	0	6020	9	6052	0	597147	597146
7	5	26	9	0	5880	19	5892	10	582584	582585
22	13	11	0	0	5820	30	5860	12	577604	577614
29	12	5	1	0	5940	23	5980	5	589191	589200
24	5	4	9	0	6020	7	6060	21	596975	596992
13	9	27	15	0	5860	26	5872	17	580457	580470
1	10	30	3	0	5820	7	5812	30	575471	575480
9	9	22	12	0	5940	13	5952	26	588355	587394
7	1	0	11	0	5920	23	5940	29	586202	585491
23	2	10	11	0	5860	28	5880	10	580636	580642
29	4	2	9	0	5840	12	5860	26	579103	579101
25	9	11	0	0	5880	14	5900	26	582158	581966
16	1	17	13	0	5940	18	5952	9	588761	588751
25	2	17	13	0	5940	19	5952	5	588889	588455
23	10	11	4	0	5960	15	6000	29	591683	591680
25	10	7	3	0	5820	22	5840	4	576869	576875
20	3	0	8	0	5880	17	5900	31	582514	582497
24	1	14	2	0	5940	13	5960	0	588386	588764
14	8	25	11	0	6060	26	6072	18	598883	598979
14	1	18	15	0	5960	30	5972	21	589944	589943
5	3	27	9	0	6000	9	6012	0	594387	594393
29	11	5	2	0	5820	3	5860	17	578134	578132
20	3	8	8	0	6040	21	6060	3	598408	598453
2	8	29	6	0	5860	30	5872	21	580822	580815
13	0	20	13	0	5920	27	5932	18	586611	586605
1	11	31	3	0	6000	30	6012	21	593153	593154
29	4	5	8	0	5920	7	5960	21	587767	587777
22	3	6	10	0	6020	1	6040	10	596565	596158
29	13	5	1	0	5800	10	5840	24	575790	575780
23	10	11	6	0	5860	31	5880	13	580892	580905
29	6	2	7	0	5880	21	5900	3	582880	582869
15	12	16	12	0	6060	0	6072	23	599334	599337
18	12	15	1	0	5840	17	5880	31	579571	579579
31	1	2	11	0	6000	23	6040	5	595685	595676
11	11	22	15	0	6220	26	6212	15	614707	614483
21	9	12	4	0	6180	5	6220	19	612704	612710
14	8	12	9	0	6100	14	6120	28	604008	604017
20	9	3	10	0	6080	1	6120	15	602725	602732
29	6	5	7	0	6300	24	6320	6	623701	623682
12	2	18	9	0	6100	2	6112	25	602894	602887
24	7	7	4	0	6080	28	6100	10	602300	602286
23	3	7	13	0	6320	4	6340	18	624950	624951
14	1	20	11	0	6100	13	6112	4	603965	603956
31	3	2	11	0	6180	2	6200	16	612375	612378
29	0	2	13	0	6280	0	6300	14	621261	621259
5	5	31	15	0	6320	31	6332	22	624442	624449
19	7	13	6	0	6160	21	6200	3	611209	611216
19	12	3	9	0	6080	26	6100	9	602096	602230
9	14	21	10	0	6080	22	6092	4	601705	600768
3	8	19	15	0	6140	18	6152	7	607876	607603
20	6	14	7	0	6140	23	6160	5	608375	608377
9	3	22	10	0	6080	13	6092	4	600778	600772
4	11	30	2	0	6100	31	6092	22	602628	602624
4	13	2	9	0	6320	24	6320	31	623734	623035
24	9	9	4	0	6300	18	6320	0	623149	623150
31	10	28	2	0	6260	8	6272	31	619090	619098
18	7	28	10	0	6080	24	6092	23	601929	602686
26	3	5	1	0	6300	27	6320	9	624093	624089
12	10	8	1	0	6100	15	6120	30	604181	604302
27	0	23	9	0	6220	3	6232	18	615587	614889
19	5	9	3	0	6300	26	6320	10	624013	624186
3	6	29	7	0	6100	13	6112	4	603992	603988
27	9	4	3	0	6080	26	6100	8	602129	602140
20	6	14	7	0	6240	31	6260	13	618133	618121
3	12	7	15	0	6180	12	6200	2	610382	611168
24	5	8	8	0	6080	28	6100	10	602338	602340
20	9	12	4	0	6300	16	6320	30	622960	622939
13	9	7	10	0	6160	24	6160	3	608482	608242
0	2	5	3	0	6220	24	6220	6	614541	614587
28	8	4	5	0	6260	11	6280	25	619457	619470
5	7	30	5	0	6180	18	6192	9	610852	610851
19	6	14	7	0	6160	8	6180	22	609938	609976
13	1	20	11	0	6500	22	6512	13	643236	643227
21	6	8	8	0	6460	18	6480	0	639529	639530
14	6	19	9	0	6340	24	6352	15	626951	626963
29	11	6	3	0	6420	24	6440	31	636878	636211
12	10	19	1	0	6360	2	6352	16	628081	627128
14	0	19	12	0	6400	14	6412	5	632512	632509
19	6	13	7	0	6520	12	6540	27	645432	645436
9	0	23	14	0	6320	11	6332	2	625638	625624
5	1	26	14	0	6460	15	6472	6	639236	639228
13	2	22	1	0	6560	23	6572	16	649763	649929
27	0	7	11	0	6340	27	6360	9	627315	627318
0	6	31	7	0	6340	17	6352	8	626264	626249
27	4	8	8	0	6460	2	6500	16	641228	641227
5	5	26	8	0	6400	14	6412	5	632542	632539
24	1	7	9	0	6320	7	6340	21	625247	625239
26	5	7	9	0	6440	0	6460	14	637759	637750
23	2	8	5	0	6520	26	6560	7	646830	646637
3	13	29	1	0	6400	18	6412	9	632930	632920
14	15	10	4	0	6400	20	6420	2	633222	633217
10	5	21	8	0	6440	25	6452	16	637023	637024
24	3	6	9	0	6360	12	6380	26	629175	629177
21	1	11	13	0	6540	3	6560	18	647752	647751
9	3	25	12	0	6400	18	6412	9	632931	632933
11	13	7	6	0	6520	6	6540	31	644877	645827
20	9	15	6	0	6460	23	6480	5	640205	640239
28	8	7	6	0	6500	2	6520	17	644448	644442
14	13	19	13	0	6340	22	6352	10	626830	626447
9	0	24	15	0	6360	4	6352	27	628368	628359
26	5	2	14	0	6540	9	6560	24	648442	648404
7	5	26	9	0	6420	1	6432	24	634789	634793
25	5	2	9	0	6460	21	6480	3	639938	639981
21	9	11	4	0	6480	11	6500	25	642191	642192
8	13	25	1	0	6400	23	6412	14	633526	633524
5	3	29	12	0	6480	8	6492	31	641885	641875
25	10	6	3	0	6400	23	6420	5	633523	633482
17	14	25	4	0	6460	28	6472	15	640594	640241
8	6	24	8	0	6640	1	6652	24	657270	657271
1	8	30	5	0	6680	5	6692	28	660773	660768
29	4	6	8	0	6800	8	6820	23	673039	673051
16	2	16	13	0	6660	24	6672	15	659479	659478
24	3	6	10	0	6660	6	6700	21	660874	660865
13	1	21	12	0	6580	11	6592	2	651687	651688
15	3	18	11	0	6640	2	6652	25	657347	657346
21	9	12	5	0	6700	8	6720	23	664150	664148
17	12	9	9	0	6720	22	6740	5	665451	665462
8	13	25	0	0	6660	12	6652	3	658246	658252
13	2	22	14	0	6760	19	6752	10	668205	668217
18	12	15	1	0	6560	27	6580	10	650114	650132
19	5	13	8	0	6800	12	6820	27	673490	673501
14	6	11	4	0	6640	11	6660	15	658164	657224
31	0	4	7	0	6580	18	6600	1	652361	652339
17	14	1	15	0	6600	30	6620	17	653524	653989
13	1	24	8	0	6740	14	6752	5	667683	667682
9	1	25	13	0	6800	30	6812	21	672126	672109
16	13	30	12	0	6580	23	6612	17	652876	653175
5	5	9	1	0	6660	24	6680	1	659505	658875
5	1	29	12	0	6660	28	6672	19	659948	659944
1	4	28	7	0	6720	11	6712	2	664467	664463
29	3	28	5	0	6700	9	6712	0	664263	664266
16	2	17	14	0	6720	22	6732	13	665502	665498
17	0	15	15	0	6740	20	6780	13	668296	669318
9	3	23	14	0	6640	3	6652	26	657516	657520
4	11	25	3	0	6700	22	6692	13	662465	662482
25	1	18	11	0	6580	25	6592	11	653118	652577
0	2	26	15	0	6580	3	6592	0	651011	651579
9	3	25	11	0	6720	21	6732	12	665411	665422
17	14	5	2	0	6580	10	6600	25	651635	651658
17	0	18	12	0	6600	29	6612	15	653460	653063
20	6	14	7	0	6680	23	6700	6	662557	662562
23	5	13	6	0	6680	27	6720	10	662960	662952
12	2	21	8	0	6640	0	6652	20	657252	656987
9	13	25	0	0	6660	28	6672	19	660020	659969
23	5	8	0	0	6580	20	6620	3	652593	652608
11	0	22	14	0	6580	15	6592	6	652013	651994
3	8	28	6	0	6680	15	6692	6	661773	661778
18	6	15	15	0	6580	25	6620	8	652987	652989
5	3	2	4	0	6980	31	7020	20	691221	691682
21	1	9	14	0	6960	16	6980	22	689492	688630
7	1	25	12	0	6860	25	6872	16	677783	677784
7	9	27	3	0	6980	17	6992	8	689608	689612
22	13	11	0	0	6840	21	6860	4	677298	677303
25	10	6	4	0	6900	11	6920	26	682370	682368
26	2	4	11	0	6920	9	6960	24	685584	685583
18	6	13	8	0	6960	5	6980	20	688442	688443
3	0	29	13	0	6960	3	6972	26	688274	688275
13	2	21	12	0	6880	24	6892	15	680630	680634
27	9	4	4	0	7000	27	7040	10	694000	694006
0	6	19	9	0	6960	27	6972	20	687456	687684
30	11	5	3	0	6860	14	6900	29	679700	679708
25	12	7	7	0	6920	0	6940	13	684511	684296
0	4	29	6	0	6960	7	6972	30	688681	688703
1	11	28	2	0	6900	3	6912	26	681686	681691
11	0	22	13	0	6980	23	6992	14	690404	690406
7	9	30	3	0	7040	25	7052	16	696866	696863
3	6	28	6	0	6860	1	6872	24	678561	678562
11	15	9	6	0	7020	28	7040	19	694096	694731
29	9	6	4	0	6820	3	6840	18	675647	675646
7	5	4	8	0	6840	19	6880	9	677161	677886
12	2	21	11	0	6860	22	6852	13	677504	677502
7	2	27	10	0	6900	15	6912	6	682848	682849
4	13	29	1	0	6940	10	6952	1	685746	685760
7	10	30	2	0	7080	18	7072	9	699278	699285
25	1	3	15	0	6980	5	7020	20	691753	691752
13	2	20	11	0	6920	27	6932	18	684112	684109
21	1	12	5	0	6840	12	6860	23	676449	676106
16	1	16	12	0	7040	7	7072	30	698235	698234
1	2	7	4	0	7020	23	7020	30	693606	692920
26	0	7	13	0	6960	23	7000	6	690452	690453
19	4	22	11	0	7040	26	7052	17	697009	696970
7	9	26	5	0	6860	20	6852	11	677288	677260
1	13	28	2	0	6900	3	6912	26	681735	681707
27	1	3	15	0	6980	26	7000	9	690741	690736
7	9	27	3	0	7000	14	7012	5	692674	692672
1	2	27	9	0	7180	28	7192	19	709758	709759
0	6	28	7	0	7320	17	7332	8	724656	724650
26	11	7	3	0	7220	21	7260	4	715427	715406
24	9	9	4	0	7260	27	7280	10	719271	719260
4	6	28	2	0	7140	24	7152	15	706149	706186
23	3	7	11	0	7080	12	7120	27	701653	701659
21	9	11	6	0	7200	1	7240	16	713272	713259
17	0	16	15	0	7260	29	7292	20	719456	719461
29	13	29	6	0	7080	10	7112	6	701498	701910
28	8	7	5	0	7140	28	7160	11	706637	706652
14	0	19	12	0	7240	27	7252	18	715960	715955
26	11	8	1	0	7120	10	7140	25	704554	704560
3	13	26	2	0	7240	26	7252	17	715887	715879
7	2	27	12	0	7300	26	7312	17	722369	722363
28	8	4	5	0	7140	27	7160	10	706528	706530
20	6	9	7	0	7300	1	7320	16	723134	723139
14	6	21	8	0	7120	30	7132	21	703327	703330
8	5	27	9	0	7300	28	7312	19	722550	722533
17	14	3	5	0	7120	17	7140	30	705317	705147
26	0	21	12	0	7140	9	7172	6	707999	708524
17	14	5	5	0	7260	29	7280	5	719474	718829
12	11	24	1	0	7180	21	7172	12	709051	709041
11	0	20	12	0	7160	5	7172	28	707513	707514
14	6	4	14	0	7240	17	7240	28	715064	714513
2	0	10	6	0	7260	9	7260	21	717517	717258
29	3	4	9	0	7200	0	7240	15	713184	713190
2	12	25	4	0	7240	3	7252	26	716857	716876
13	2	22	13	0	7280	1	7292	24	719952	719957
7	2	22	10	0	7320	11	7332	2	724107	724108
16	1	16	14	0	7100	2	7132	25	703740	703751
16	1	16	14	0	7160	13	7172	4	708340	708342
30	11	5	3	0	7200	0	7240	15	713195	713205
29	3	3	9	0	7260	16	7280	31	718144	718143
19	6	15	6	0	7200	7	7240	22	713866	713873
19	4	7	7	0	7300	10	7340	30	724056	724494
8	15	7	4	0	7240	3	7260	18	716866	716868
20	14	13	1	0	7100	0	7140	15	703591	703592
19	6	14	7	0	7180	12	7220	27	711256	711244
19	5	14	7	0	7260	23	7280	6	718952	718958
18	12	15	1	0	7120	12	7140	27	704810	704822
24	7	7	6	0	7220	22	7260	5	715577	715582
28	8	8	5	0	7300	2	7320	17	723302	723300
13	2	19	10	0	7300	13	7292	4	721069	721092
15	3	18	9	0	7100	8	7092	31	701407	701406
8	6	9	5	0	7260	13	7260	20	717901	717177
24	9	7	3	0	7100	26	7120	9	703040	703015
26	3	7	11	0	7120	4	7140	19	704005	703998
10	4	21	8	0	7120	5	7132	28	704007	704003
7	2	26	10	0	7220	4	7232	27	713535	713534
8	7	18	8	0	7300	26	7312	25	722312	723224
17	0	16	15	0	7200	24	7212	15	712347	712355
5	3	10	6	0	7460	31	7480	16	739436	739659
15	3	19	10	0	7540	30	7532	21	745646	745654
4	12	23	11	0	7560	3	7572	26	749427	749436
27	4	6	10	0	7460	10	7500	25	740514	740517
10	8	24	4	0	7340	4	7352	27	726724	726704
23	11	12	4	0	7480	18	7500	1	741147	741162
29	13	6	1	0	7500	0	7520	15	742473	742471
8	13	25	0	0	7360	23	7372	14	728688	728701
29	14	0	4	0	7420	21	7440	10	735293	735821
14	8	25	12	0	7380	12	7392	3	731009	731001
4	11	7	4	0	7420	8	7440	23	733931	733923
13	2	20	12	0	7560	2	7572	25	749321	749334
19	12	14	2	0	7480	12	7500	27	740745	740749
10	15	26	11	0	7360	19	7372	16	728312	728919
21	9	12	4	0	7420	20	7440	3	735257	735255
0	13	31	0	0	7460	12	7452	3	737399	737392
8	2	29	13	0	7540	10	7552	1	746935	746933
29	6	26	12	0	7380	19	7392	11	731817	731925
14	8	18	8	0	7460	24	7472	23	738655	739578
28	3	2	11	0	7380	17	7400	0	731613	731621
4	12	5	2	0	7340	25	7340	6	725650	725499
6	2	1	13	0	7360	13	7380	28	727613	727618
26	3	2	14	0	7360	2	7400	17	730035	730046
25	11	8	2	0	7520	3	7560	18	746084	746081
17	12	15	1	0	7460	24	7480	7	738667	738665
10	15	7	11	0	7520	19	7540	4	744466	744664
16	2	16	13	0	7340	11	7352	2	727421	727427
19	6	14	7	0	7480	19	7500	2	741288	741291
6	15	19	9	0	7480	14	7492	0	740869	740397
31	0	2	6	0	7360	28	7380	11	729204	729206
25	12	8	1	0	7420	23	7440	6	735508	735471
8	13	25	1	0	7780	30	7792	21	770398	770397
25	5	14	1	0	7580	0	7620	21	752049	752662
18	6	15	10	0	7820	12	7860	29	774748	774752
2	0	16	15	0	7600	2	7612	23	752251	752057
9	9	25	4	0	7640	17	7652	8	756704	756706
10	4	23	9	0	7740	13	7752	4	765689	765691
7	10	24	4	0	7600	9	7612	0	752904	752914
7	5	26	8	0	7800	18	7812	9	772265	772273
18	7	15	6	0	7720	0	7740	16	764452	764471
2	12	31	0	0	7580	23	7592	14	751301	751305
7	5	24	8	0	7760	4	7772	27	767902	767897
29	11	7	4	0	7820	12	7860	29	774760	774764
15	3	30	5	0	7580	20	7592	15	751022	751413
17	12	15	1	0	7700	13	7720	29	762571	762572
28	3	3	10	0	7580	1	7620	16	752174	752179
12	10	16	12	0	7580	18	7592	13	750848	751226
2	14	31	0	0	7660	24	7652	15	757349	757348
9	3	22	9	0	7780	12	7772	3	768567	768560
7	1	25	12	0	7800	16	7812	7	772030	772029
8	12	26	5	0	7820	27	7832	18	773106	773115
31	10	2	3	0	7660	17	7700	1	759942	759949
11	0	21	12	0	7660	25	7672	16	757476	757470
18	11	14	2	0	7600	13	7620	28	753263	753264
4	11	27	3	0	7580	17	7592	8	750773	750782
27	13	5	0	0	7720	30	7740	14	764271	764352
26	3	6	9	0	7780	9	7820	26	771390	771401
19	2	12	11	0	7800	20	7820	5	772492	772493
4	6	28	7	0	7620	23	7632	14	754348	754350
7	13	25	1	0	7680	26	7692	17	760823	760826
29	3	6	10	0	7560	13	7600	28	750338	750339
20	6	14	7	0	7640	16	7660	0	756674	756675
27	9	8	5	0	7800	13	7820	30	771801	771783
7	10	31	3	0	7660	1	7672	24	758346	758350
21	9	12	5	0	7660	12	7700	28	759464	759462
6	15	14	7	0	7600	6	7620	21	752731	752732
7	9	24	5	0	7640	10	7652	1	756163	756146
9	9	7	11	0	7680	8	7700	31	759055	759820
19	0	16	14	0	7700	12	7712	3	762500	762492
19	7	13	5	0	7660	6	7680	22	758878	758882
30	15	5	0	0	7740	0	7780	16	767615	767647
27	4	5	9	0	7820	8	7840	25	774446	774458
12	8	17	9	0	7580	15	7592	14	750474	751247
14	13	13	7	0	8000	20	8020	28	790915	790000
19	7	14	7	0	8040	1	8060	18	795168	795180
6	4	29	10	0	7860	5	7872	28	777146	777150
9	9	24	4	0	7900	22	7912	13	781556	781557
4	11	26	2	0	7880	27	7892	18	779164	779140
13	2	20	11	0	8060	9	8072	0	795927	795931
31	14	5	1	0	7960	23	8000	8	788030	788035
16	1	18	12	0	8040	14	8072	5	796443	796442
8	13	10	14	0	8060	7	8060	14	795772	794832
20	3	22	15	0	7840	30	7872	24	776447	776770
19	2	12	11	0	7840	1	7880	18	776773	776772
26	11	9	4	0	8000	31	8040	16	791911	791916
12	11	7	3	0	7880	17	7900	4	778226	778474
3	6	30	6	0	7940	29	7952	20	785517	785520
5	7	31	7	0	7960	2	7952	25	785960	785953
9	9	24	5	0	8100	13	8092	4	799429	799433
5	1	13	1	0	7920	28	7940	12	782235	782148
8	12	24	1	0	7980	21	7972	12	787851	787852
15	3	18	11	0	8040	30	8052	21	794894	794892
29	4	6	9	0	7980	7	8000	24	789578	789579
25	9	10	4	0	8040	4	8060	21	795557	795563
7	9	25	4	0	7900	16	7912	7	781041	781043
13	12	5	9	0	8060	6	8080	24	795704	795797
9	1	2	1	0	8000	27	8040	23	791550	792568
31	1	7	10	0	7940	7	7980	24	786479	786472
29	6	4	8	0	8080	18	8120	3	799933	799937
21	9	9	3	0	7860	12	7880	29	777830	777810
19	6	13	7	0	7980	15	8020	0	790515	790493
6	15	25	1	0	7960	15	7972	6	787310	787305
13	2	20	11	0	7840	23	7852	14	775717	775703
6	2	27	12	0	7860	30	7852	21	776484	776488
12	13	9	1	0	8000	10	8020	27	789973	789984
16	1	17	14	0	7820	16	7852	7	775134	775137
1	5	6	9	0	7880	29	7900	4	779407	778515
24	2	28	6	0	7920	13	7932	7	784061	784339
11	0	22	12	0	7980	2	7992	25	789126	789104
21	9	12	4	0	7860	8	7880	25	777467	777471
19	5	4	4	0	7880	8	7920	5	780372	781392
24	9	9	4	0	7920	16	7960	1	784335	784363
23	10	9	1	0	7840	31	7880	16	776521	776519
30	15	13	6	0	7860	21	7900	8	778593	778767
8	6	28	6	0	8120	1	8112	24	801394	801395
20	3	13	9	0	8260	5	8300	22	817449	817463
14	1	23	9	0	8300	3	8312	31	820241	820775
16	2	16	14	0	8140	1	8152	24	804405	804423
23	11	13	2	0	8260	26	8280	11	816313	816324
25	12	10	2	0	8280	21	8300	6	818939	818936
29	4	6	10	0	8300	16	8340	1	821608	821609
7	3	27	12	0	8220	19	8232	10	812619	812621
2	12	30	2	0	8100	24	8112	15	800526	800521
7	13	24	1	0	8180	0	8172	23	807459	807469
19	12	14	2	0	8260	30	8280	15	816771	816773
3	6	22	10	0	8120	16	8132	28	802849	801841
5	5	29	9	0	8160	22	8172	13	806548	806562
13	2	20	11	0	8160	22	8172	13	806551	806563
9	9	21	1	0	8200	19	8212	13	809381	809806
13	2	19	10	0	8320	18	8332	9	821814	821813
24	9	9	3	0	8260	11	8300	28	818015	818011
14	11	19	14	0	8280	17	8292	6	818648	818375
23	8	9	6	0	8320	27	8340	12	822777	822791
17	14	21	11	0	8220	3	8232	14	813965	812983
0	13	29	9	0	8340	4	8352	27	823688	823695
27	1	23	12	0	8280	31	8292	13	819861	819057
7	13	24	1	0	8120	13	8132	4	802548	802547
27	13	5	0	0	8140	9	8160	26	805373	805377
23	8	11	6	0	8200	12	8240	29	812002	812015
29	6	1	9	0	8240	7	8260	24	814293	814299
12	13	20	11	0	8180	3	8172	19	807766	807118
28	15	5	0	0	8100	9	8140	26	802144	802146
19	7	13	6	0	8140	4	8160	15	804810	804119
18	12	15	1	0	8260	7	8300	24	817715	817723
14	12	25	11	0	8220	12	8232	12	812011	812841
9	14	29	12	0	8300	20	8292	14	818892	819170
8	2	13	6	0	8300	3	8320	22	820300	820502
29	9	2	3	0	8300	17	8340	2	821787	821793
28	8	13	5	0	8340	13	8360	25	824583	824039
11	0	21	11	0	8180	11	8192	7	808541	809115
3	6	31	7	0	8260	14	8252	5	814892	814894
27	9	4	4	0	8500	17	8520	2	840874	840872
13	2	23	9	0	8360	27	8372	18	826024	826010
10	11	4	4	0	8500	29	8500	14	838849	838856
25	15	9	1	0	8460	13	8500	4	837220	837855
13	9	23	1	0	8380	13	8372	26	827742	826771
6	2	25	12	0	8400	0	8412	23	829654	829661
13	14	21	8	0	8400	2	8412	25	829961	829958
14	1	18	12	0	8460	0	8472	23	836118	836144
26	11	29	1	0	8560	20	8592	18	847480	848227
9	13	21	1	0	8360	19	8372	14	825097	825558
7	1	29	14	0	8400	30	8412	21	829408	829409
10	5	21	8	0	8480	27	8492	18	838731	838730
23	3	31	13	0	8480	6	8492	19	839810	838794
24	5	8	8	0	8580	2	8620	19	848901	848906
0	6	22	10	0	8380	20	8392	11	828552	828550
13	0	19	13	0	8400	25	8392	16	828930	828921
1	11	29	3	0	8460	30	8472	21	835837	835840
12	2	19	12	0	8560	24	8552	15	844712	844735
12	2	25	11	0	8580	13	8572	4	846781	846772
29	0	1	15	0	8460	1	8480	18	836218	836211
24	2	7	11	0	8560	19	8600	4	847331	847332
9	0	24	15	0	8360	23	8372	14	825571	825573
8	14	25	0	0	8580	13	8572	4	846784	846778
27	1	3	13	0	8420	6	8460	23	833514	833518
29	3	7	9	0	8460	3	8480	20	836410	836415
1	10	29	3	0	8400	26	8392	17	829005	829006
27	9	2	4	0	8580	27	8600	12	848253	848239
9	11	19	13	0	8500	14	8532	13	840647	841450
23	2	0	0	0	8420	24	8440	9	832135	832138
7	2	29	13	0	8440	14	8452	5	834220	834226
3	6	31	7	0	8420	29	8432	20	832721	832726
1	10	11	14	0	8520	20	8540	5	841323	841289
25	9	7	3	0	8440	13	8460	30	834152	834156
19	12	20	12	0	8480	23	8492	14	838311	838320
9	14	29	6	0	8560	26	8552	17	845042	844990
5	3	26	10	0	8580	29	8592	20	848477	848407
23	11	8	1	0	8560	17	8600	2	847228	847193
18	6	14	7	0	8400	12	8420	29	830967	830972
12	2	19	12	0	8380	9	8392	0	827363	827355
10	8	24	4	0	8400	31	8412	22	829634	829630
29	4	5	9	0	8500	8	8520	25	840076	840077
20	9	12	4	0	8380	20	8400	5	828509	828435
16	2	16	10	0	8400	7	8412	30	830430	830429
7	1	27	11	0	8620	0	8632	23	852045	852035
14	8	12	4	0	8720	27	8740	13	860953	860951
23	11	7	15	0	8620	18	8660	29	853746	853138
26	2	7	13	0	8640	3	8680	21	855385	855396
25	5	7	9	0	8800	31	8840	17	870439	870441
11	0	21	12	0	8740	18	8752	9	863201	863205
29	4	12	5	0	8640	29	8660	9	854839	854209
24	5	5	7	0	8640	0	8680	18	855132	855128
16	2	17	13	0	8740	6	8772	29	865006	865004
7	2	22	10	0	8800	27	8812	18	870019	870016
13	1	20	12	0	8840	26	8852	17	873182	873181
17	14	31	12	0	8680	6	8692	20	858937	858083
25	11	7	3	0	8700	27	8740	13	860963	861024
29	6	8	2	0	8820	8	8840	26	871376	871373
19	2	14	13	0	8820	27	8860	13	873251	873257
8	13	24	1	0	8600	17	8612	8	850551	850558
14	8	18	7	0	8620	7	8632	24	852721	852139
29	0	4	12	0	8680	15	8720	1	859929	859939
21	1	11	0	0	8700	17	8720	28	860137	859410
10	8	24	5	0	8700	17	8712	8	860148	860149
23	10	9	3	0	8700	28	8740	14	861069	861051
5	14	24	5	0	8620	1	8632	24	852155	852174
18	4	22	11	0	8620	8	8632	25	852854	852288
24	2	7	10	0	8760	19	8780	5	866305	866306
11	0	22	12	0	8820	5	8832	28	871047	871054
19	0	14	13	0	8620	10	8660	27	853020	853027
29	4	5	9	0	8640	26	8660	12	854521	854518
3	0	29	13	0	8720	1	8732	24	861605	861582
7	9	18	8	0	8780	20	8772	10	866398	866324
23	8	9	5	0	8600	29	8640	14	851815	851818
25	9	7	4	0	8700	3	8740	21	861773	861777
29	3	1	12	0	8720	10	8740	28	862395	862391
7	15	7	4	0	8800	11	8820	2	868570	869083
19	0	9	5	0	8620	15	8660	0	853465	853470
22	13	11	0	0	8840	11	8880	29	874836	874844
15	3	29	13	0	8660	11	8672	6	856268	856567
14	12	15	13	0	8760	9	8780	21	865385	864804
24	3	4	12	0	8680	15	8720	1	859966	859959
28	8	2	5	0	8820	27	8860	13	873275	873280
8	14	27	12	0	8740	14	8752	9	862832	863252
17	0	4	3	0	8640	21	8660	7	853963	853965
7	10	28	2	0	9020	6	9012	29	889559	889566
23	8	1	11	0	8900	29	8920	15	879508	879499
19	2	6	7	0	9040	23	9080	9	894462	894456
24	9	7	3	0	9000	9	9040	27	889880	889875
10	11	25	1	0	9020	23	9032	14	891262	891255
24	5	18	11	0	8960	4	8992	27	886442	886447
29	4	5	8	0	9060	9	9100	27	896261	896265
26	11	9	3	0	9100	11	9140	29	899596	899588
7	2	26	11	0	8900	27	8912	18	879347	879375
9	3	14	7	0	9060	20	9060	29	894081	893113
20	9	23	6	0	9040	14	9052	4	893475	893343
14	0	19	12	0	8920	9	8932	0	880623	880624
23	8	28	10	0	8920	27	8932	11	882356	881732
11	1	22	11	0	8920	14	8932	5	881188	881178
26	11	2	6	0	9020	21	9060	17	891092	891981
12	2	21	11	0	8880	24	8872	15	876121	876109
31	5	1	2	0	9100	2	9120	15	898607	898228
29	9	2	3	0	9020	31	9060	17	891988	891986
6	4	4	8	0	9000	22	9020	11	888137	888438
13	9	5	9	0	9100	28	9100	6	898134	897435
24	9	9	4	0	8960	0	9000	18	886023	886033
2	15	25	0	0	8880	3	8892	26	877012	877006
3	8	30	6	0	8940	24	8932	15	882091	882099
7	5	26	9	0	9040	8	9052	31	892800	892799
25	5	6	8	0	8940	7	8960	25	883556	883563
8	7	24	5	0	8940	1	8952	24	882927	882925
11	1	4	14	0	9100	1	9140	27	898566	899417
14	0	21	8	0	9100	3	9112	2	898744	899636
23	5	10	8	0	8940	10	8980	28	883796	883800
24	5	4	9	0	9020	27	9060	13	891578	891650
3	14	31	0	0	8940	20	8932	11	881764	881760
14	15	26	10	0	8980	1	8992	27	886161	886485
18	6	14	7	0	8940	6	8960	24	883484	883502
9	1	26	14	0	9000	17	8992	8	887655	887663
16	1	17	14	0	8880	18	8912	9	878603	878579
31	1	3	12	0	9080	16	9100	2	896982	896981
19	6	14	7	0	9100	13	9140	31	899924	899890
25	9	9	4	0	8940	2	8960	20	883052	883098
25	11	5	1	0	9020	21	9040	7	891136	891128
16	1	17	8	0	9040	10	9052	1	893052	893062
14	0	18	13	0	9020	22	9032	13	891134	891138
31	1	1	13	0	9260	15	9300	1	916350	916353
27	4	6	9	0	9280	27	9300	13	917460	917451
7	1	25	12	0	9160	26	9172	17	904445	904444
9	11	25	0	0	9160	2	9172	25	905234	905241
24	9	9	4	0	9160	11	9200	29	906125	906107
29	14	3	1	0	9280	25	9300	11	917298	917299
2	12	4	8	0	9180	15	9200	1	906672	906657
5	7	31	6	0	9300	30	9292	21	917729	917733
16	1	16	14	0	9160	8	9172	31	905864	905865
19	12	14	3	0	9240	27	9280	13	914436	914427
10	4	23	9	0	9160	20	9152	11	903936	903937
6	4	27	9	0	9180	21	9192	12	907317	907311
3	9	26	5	0	9320	2	9332	18	921179	920600
23	11	12	4	0	9140	16	9160	2	903563	903568
24	1	4	14	0	9220	26	9240	16	911034	911459
18	7	15	6	0	9240	25	9280	11	914195	914188
25	9	9	5	0	9240	27	9280	13	914442	914448
20	9	12	3	0	9260	13	9300	31	916148	916137
0	13	9	13	0	9140	4	9160	30	902274	903142
8	6	0	6	0	9160	27	9180	20	904541	905256
7	10	25	3	0	9280	12	9272	3	916037	916039
9	3	21	8	0	9260	3	9272	26	915195	915194
3	0	25	11	0	9280	22	9292	13	917072	917063
3	9	16	9	0	9320	22	9332	13	920108	920124
29	4	1	9	0	9160	31	9180	17	904930	904939
29	13	5	1	0	9300	18	9340	4	919639	919619
19	5	16	10	0	9300	21	9332	12	920027	920032
14	13	2	1	0	9220	14	9220	26	909809	909192
2	0	22	13	0	9260	3	9272	26	915201	915209
23	8	10	6	0	9300	24	9340	10	920286	920290
6	4	10	6	0	9200	4	9220	26	908769	909198
3	9	16	8	0	9240	9	9232	22	912526	911545
18	4	16	10	0	9220	1	9232	24	911750	911756
27	9	6	4	0	9300	26	9340	12	920500	920505
17	14	15	1	0	9200	11	9220	29	909465	909474
18	4	15	15	0	9220	26	9240	12	911056	911065
12	2	22	10	0	9240	19	9252	13	913628	913966
5	5	25	8	0	9320	1	9332	24	921131	921145
18	7	15	6	0	9300	9	9320	27	918701	918714
7	1	7	13	0	9140	13	9160	24	903300	902514
14	15	13	13	0	9340	12	9360	5	922132	922898
20	9	12	11	0	9320	15	9360	1	922438	922452
3	8	30	6	0	9320	27	9332	18	920626	920627
28	3	7	10	0	9240	28	9280	14	914523	914526
27	9	5	3	0	9320	14	9360	0	922334	922386
7	1	7	15	0	9280	27	9320	21	917526	918224
9	14	28	5	0	9140	8	9152	25	902770	902165
0	10	22	10	0	9280	15	9292	4	916397	916189
17	14	28	9	0	9240	26	9272	17	914387	914384
2	13	31	0	0	9240	16	9252	7	913166	913165
19	6	14	7	0	9480	4	9500	22	937086	937082
4	11	25	3	0	9500	19	9512	10	938527	938532
5	3	26	8	0	9620	1	9632	24	949729	949721
28	3	4	11	0	9400	13	9420	31	928406	928410
7	2	27	12	0	9460	14	9472	5	934854	934849
10	15	2	5	0	9500	19	9520	7	938538	938785
3	6	1	2	0	9560	17	9580	3	944787	944780
25	9	7	3	0	9380	5	9420	23	927635	927642
25	9	7	4	0	9480	0	9500	18	936741	936758
26	5	6	9	0	9500	24	9520	10	939099	939107
3	9	31	3	0	9600	14	9612	5	947816	947824
23	11	6	3	0	9580	6	9600	24	947013	947015
7	10	27	3	0	9380	22	9392	13	926000	926025
14	0	19	12	0	9460	10	9472	1	934440	934449
27	1	24	1	0	9540	27	9552	15	942778	942420
0	2	29	9	0	9440	21	9452	12	932339	932335
7	13	25	1	0	9380	24	9392	15	926237	926232
17	12	17	9	0	9480	14	9512	7	938138	938290
24	7	8	0	0	9440	29	9480	15	933118	933116
26	3	22	2	0	9560	21	9572	11	945296	945149
6	2	26	10	0	9380	19	9392	10	925765	925753
19	7	14	7	0	9480	30	9500	16	936572	936591
19	4	12	11	0	9560	25	9600	11	945718	945722
10	4	22	9	0	9380	20	9392	11	925849	925872
23	8	9	4	0	9460	17	9500	3	935251	935249
3	13	7	4	0	9580	1	9600	13	946513	945933
29	0	7	7	0	9440	23	9460	1	932546	931737
12	2	21	11	0	9520	26	9512	17	939340	939339
17	14	23	9	0	9440	2	9472	25	933565	933564
22	3	10	11	0	9540	8	9580	26	943849	943890
25	5	5	8	0	9760	6	9800	24	966056	966070
0	6	31	7	0	9700	29	9712	20	958965	958966
6	4	6	7	0	9800	24	9820	12	967729	967967
19	6	13	7	0	9640	7	9680	25	953340	953322
18	6	15	15	0	9680	15	9720	1	957502	957503
19	6	14	7	0	9800	5	9840	23	969002	969017
10	5	22	9	0	9800	17	9792	8	967226	967227
18	6	14	7	0	9740	14	9780	0	963740	963703
7	3	6	4	0	9640	30	9660	11	952470	952076
17	14	6	3	0	9660	3	9700	21	956228	956229
30	11	5	3	0	9780	25	9820	11	967823	967841
8	4	27	9	0	9660	20	9672	11	954614	954618
5	7	30	6	0	9700	15	9692	6	957534	957538
25	5	6	4	0	9700	9	9740	27	960118	960127
17	14	19	10	0	9760	21	9772	19	964362	965076
13	2	26	10	0	9660	23	9672	14	955057	955053
15	11	1	12	0	9680	10	9700	28	957005	957020
28	3	4	9	0	9720	20	9740	6	961189	961203
2	8	28	6	0	9700	24	9712	15	958530	958532
1	13	30	0	0	9760	11	9752	2	963402	963403
27	0	4	14	0	9800	30	9820	16	968342	968343
13	2	20	11	0	9640	30	9652	21	952485	952487
25	15	5	0	0	9680	4	9700	20	956346	956143
16	2	17	13	0	9740	17	9772	8	964042	964043
26	2	2	14	0	9820	0	9860	18	971647	971638
12	8	29	14	0	9620	7	9632	27	950363	950082
8	6	25	8	0	9780	31	9772	22	965399	965401
26	5	2	6	0	9640	2	9660	20	952850	952843
17	14	15	1	0	9660	22	9680	8	954951	954963
10	5	23	9	0	9840	4	9852	27	972108	972129
21	6	13	8	0	9700	4	9740	22	959750	959749
3	14	20	13	0	9840	7	9852	31	972435	972497
11	1	23	14	0	9840	11	9852	2	972814	972817
23	12	10	2	0	9680	12	9700	30	957262	957261
22	13	29	12	0	9760	7	9772	22	966188	965413
11	1	22	12	0	9780	11	9792	2	966628	966631
9	11	25	1	0	9820	23	9832	14	970769	970767
29	11	5	2	0	9780	11	9800	29	966630	966634
24	9	9	4	0	9840	5	9860	23	972249	972251
9	3	27	11	0	9640	25	9652	16	952127	952150
7	2	29	13	0	9640	27	9652	18	952283	952290
18	4	15	1	0	9620	23	9660	9	951965	951925
18	15	25	14	0	9640	28	9652	28	952347	953221
23	10	9	4	0	9680	9	9700	27	956947	956948
4	12	26	2	0	9660	21	9672	12	954721	954663
21	9	12	5	0	9720	18	9740	4	960916	960914
31	1	3	11	1	10020	31	10040	17	990630	990618
28	8	16	8	1	10060	6	10072	3	994337	994870
15	3	20	11	1	9900	20	9892	11	976830	976835
5	3	25	14	1	10020	24	10032	15	989922	989962
25	2	7	7	1	9880	24	9920	10	977248	977251
13	0	19	13	1	10000	1	10012	24	987569	987568
25	10	8	2	1	9880	12	9900	30	976122	976117
23	8	9	6	1	9880	28	9920	14	977619	977624
4	0	29	13	1	9940	30	9932	21	981037	981049
28	8	4	4	1	9900	2	9920	20	978306	978304
21	6	24	8	1	9980	23	10012	24	986582	987575
3	8	2	6	1	9920	25	9940	11	980445	980456
0	2	31	11	1	9960	0	9972	23	984275	984279
29	0	31	11	1	9960	0	9972	23	984283	984279
10	5	21	8	1	9900	24	9892	15	977268	977273
26	5	7	9	1	9880	12	9900	30	976141	976146
7	2	23	9	1	9880	12	9892	3	976139	976144
18	12	15	1	1	9980	17	10000	3	985950	985956
29	3	2	9	1	10020	30	10040	16	990573	990571
19	6	16	12	1	10100	10	10112	29	997930	997596
9	1	25	13	1	9880	14	9892	5	976337	976338
24	5	9	9	1	9920	1	9960	19	981268	981279
7	2	26	11	1	10040	14	10052	5	992168	992173
2	0	30	13	1	10060	0	10072	23	993792	993794
12	2	20	11	1	10100	8	10112	31	997796	997800
11	1	23	15	1	10060	2	10072	25	993952	993954
21	6	24	8	1	9920	22	9932	13	980235	980215
4	12	17	14	1	9980	22	9992	6	986518	985809
7	5	29	9	1	10120	19	10112	10	998870	998866
25	1	9	4	1	10060	8	10080	21	994557	994096
26	2	5	13	1	9920	23	9940	9	980327	980332
19	4	29	12	1	10020	0	10032	23	990844	990833
8	14	24	1	1	10120	22	10132	13	999215	999214
25	9	9	5	1	9960	7	10000	25	984862	984836
23	11	10	2	1	10120	31	10140	17	1000080	1000071
29	13	8	2	1	10300	20	10320	6	1018057	1018066
0	7	30	6	1	10160	1	10172	24	1003495	1003497
18	4	4	9	1	10200	20	10220	6	1008333	1008328
27	0	19	10	1	10300	26	10332	27	1018616	1019612
3	9	31	4	1	10220	26	10232	17	1008995	1008999
29	14	5	0	1	10220	12	10260	30	1010707	1010719
3	8	29	7	1	10260	28	10252	19	1012364	1012363
8	12	16	8	1	10280	28	10292	30	1015650	1016642
25	2	9	3	1	10160	5	10180	14	1004067	1003059
25	15	2	10	1	10180	25	10200	5	1005906	1005305
10	4	26	9	1	10160	10	10172	1	1004504	1004543
6	4	28	10	1	10180	25	10192	16	1005913	1005918
18	7	8	0	1	10160	22	10200	8	1005574	1005586
27	1	4	12	1	10240	25	10260	11	1012059	1012056
18	4	8	5	1	10260	25	10300	12	1015322	1015439
3	13	5	9	1	10320	4	10340	19	1019682	1019341
19	6	20	1	1	10160	14	10172	1	1004834	1004555
9	9	7	7	1	10260	5	10280	23	1013328	1013329
17	14	14	3	1	10160	8	10180	26	1004311	1004320
13	1	20	11	1	10360	19	10372	10	1024213	1024211
21	1	21	4	1	10340	31	10352	15	1022264	1021541
6	2	28	9	1	10280	27	10292	18	1015567	1015568
11	0	8	0	1	10280	30	10300	22	1015886	1016365
0	7	31	6	1	10320	26	10312	17	1018671	1018674
1	10	27	9	1	10140	14	10152	5	1001751	1001747
20	9	12	3	1	10140	16	10160	2	1001920	1001913
18	12	6	8	1	10160	5	10200	1	1004072	1004929
18	4	31	0	1	10180	27	10192	15	1006129	1005849
13	0	26	12	1	10160	2	10172	25	1003702	1003770
24	9	7	5	1	10140	28	10180	14	1003071	1003104
19	0	13	6	1	10200	20	10220	6	1008388	1008385
19	6	14	7	1	10280	13	10320	31	1017420	1017463
6	2	27	12	1	10220	1	10232	24	1009717	1009701
14	1	20	13	1	10300	18	10312	9	1017844	1017842
17	14	29	3	1	10200	23	10232	18	1008579	1009082
23	12	10	2	1	10520	24	10560	11	1040602	1040593
7	9	27	3	1	10400	14	10412	5	1026898	1026899
5	3	27	10	1	10380	4	10392	27	1025707	1025727
8	2	27	10	1	10500	29	10512	20	1037996	1037998
13	9	28	6	1	10520	14	10532	30	1039646	1038904
17	14	27	10	1	10500	29	10512	20	1037997	1037998
24	2	9	9	1	10460	25	10500	12	1034595	1034578
18	15	14	7	1	10500	9	10540	2	1039095	1039712
5	3	26	10	1	10420	9	10432	0	1029750	1029758
15	12	22	13	1	10580	11	10592	1	1045396	1045297
25	9	9	4	1	10380	3	10400	21	1025643	1025640
24	2	8	11	1	10500	1	10540	20	1038322	1038315
8	14	24	8	1	10420	29	10432	24	1028556	1028979
13	11	9	3	1	10560	15	10580	7	1042720	1043154
23	8	7	4	1	10460	2	10500	21	1035536	1035537
7	15	28	10	1	10420	6	10432	29	1029477	1029475
9	3	22	9	1	10520	10	10532	1	1039279	1039275
11	0	21	12	1	10560	15	10572	6	1042726	1042725
19	7	15	6	1	10360	30	10400	16	1025131	1025135
3	9	28	5	1	10620	9	10632	0	1048162	1048149
6	4	26	9	1	10620	13	10632	4	1048528	1048527
12	2	21	11	1	10620	23	10632	14	1049601	1049607
9	1	22	11	1	10420	3	10432	26	1029223	1029224
3	13	26	9	1	10520	16	10532	6	1039824	1039741
25	12	10	4	1	10580	23	10620	13	1046507	1046804
21	9	10	4	1	10400	24	10420	10	1028084	1028089
9	9	25	4	1	10540	24	10532	15	1040660	1040666
7	3	28	10	1	10640	25	10632	16	1049936	1049935
23	8	9	6	1	10360	29	10400	15	1025074	1025087
0	2	31	11	1	10460	10	10472	1	1033248	1033253
27	9	7	4	1	10540	0	10560	19	1041461	1041460
20	14	13	1	1	10600	0	10620	19	1047337	1047290
12	8	10	11	1	10600	3	10640	30	1047619	1048374
17	14	23	1	1	10460	21	10492	20	1034279	1035044
6	4	28	10	1	10480	3	10492	26	1035590	1035605
31	5	4	8	1	10380	4	10400	22	1025689	1025687
24	9	7	5	1	10440	29	10460	16	1031740	1031748
31	3	3	10	1	10800	9	10820	28	1066467	1066474
4	6	28	6	1	10680	5	10692	28	1053648	1053628
30	15	5	13	1	10620	2	10660	21	1050778	1050776
20	6	18	13	1	10820	7	10852	5	1069417	1070168
15	3	19	12	1	10680	6	10692	29	1053700	1053702
10	8	24	4	1	10760	25	10772	16	1061662	1061660
28	3	4	11	1	10740	9	10760	28	1060095	1060100
18	7	15	6	1	10760	12	10800	31	1063647	1063644
5	15	25	0	1	10680	7	10692	30	1053795	1053813
0	6	31	15	1	10780	14	10792	5	1063863	1063865
17	14	15	1	1	10720	26	10740	13	1058707	1058720
18	7	15	6	1	10780	18	10800	5	1064160	1064168
30	13	15	1	1	10880	24	10900	8	1073696	1073410
7	9	26	5	1	10780	21	10792	12	1064511	1064513
19	12	21	9	1	10780	2	10812	1	1065751	1066566
29	4	4	9	1	10800	4	10820	23	1065947	1065964
17	14	7	4	1	10840	14	10860	1	1070193	1070200
13	0	20	13	1	10640	5	10652	28	1051120	1051122
7	13	24	1	1	10700	20	10692	11	1055174	1055162
7	10	24	5	1	10740	14	10752	5	1060618	1060615
25	12	10	2	1	10780	21	10800	8	1064527	1064526
27	9	4	3	1	10820	11	10860	30	1069858	1069872
25	10	10	4	1	10860	1	10880	20	1071962	1071951
11	1	23	14	1	10700	2	10712	25	1056557	1056542
7	5	28	7	1	10900	0	10892	23	1074571	1074576
26	11	6	3	1	10780	27	10820	14	1065203	1065193
24	7	10	4	1	10860	17	10900	4	1073032	1073031
8	2	25	11	1	10700	4	10712	27	1056776	1056772
12	10	10	2	1	10700	27	10720	17	1055940	1056200
1	4	28	9	1	10740	7	10752	30	1059933	1059936
25	1	4	14	1	10640	11	10660	30	1051659	1051662
17	14	15	15	1	10880	26	10920	21	1073925	1074705
8	7	25	11	1	10720	8	10712	24	1057244	1056459
9	1	21	10	1	10760	1	10772	24	1062631	1062632
19	2	8	1	1	10680	24	10720	16	1055600	1056113
1	10	30	3	1	10640	28	10632	19	1050263	1050258
18	12	15	1	1	10660	26	10680	13	1053156	1053151
18	7	15	6	1	10780	24	10820	11	1064889	1064885
25	2	8	9	1	10780	30	10820	17	1065510	1065511
3	6	28	6	1	10660	25	10672	8	1053035	1052288
2	12	30	2	1	10740	11	10752	2	1060408	1060377
16	2	17	13	1	10800	9	10812	0	1066538	1066549
13	2	20	11	1	10720	20	10732	11	1058213	1058197
14	0	19	13	1	10840	3	10832	26	1069032	1069039
24	3	7	11	1	11100	17	11120	4	1095265	1095272
5	3	28	9	1	10920	20	10912	11	1076298	1076304
7	2	27	12	1	11000	9	10992	26	1085033	1084357
1	2	19	12	1	11040	10	11032	1	1088187	1088189
24	7	9	7	1	10900	11	10920	30	1075537	1075532
17	0	16	15	1	10940	26	10952	17	1080250	1080253
16	1	16	13	1	11040	26	11052	17	1089758	1089772
28	3	6	10	1	11000	29	11040	16	1086911	1086908
20	6	14	7	1	11120	10	11140	29	1097661	1097665
8	5	2	1	1	11040	16	11040	26	1088740	1087934
9	3	26	11	1	11040	18	11052	9	1088922	1088915
14	9	1	11	1	11080	20	11100	7	1092327	1092321
3	8	30	5	1	10940	13	10952	4	1079004	1079006
23	10	22	12	1	10980	1	10992	19	1084178	1083705
7	10	27	3	1	11080	22	11092	13	1092537	1092538
18	12	7	7	1	11060	18	11100	13	1092170	1092921
24	7	7	7	1	11060	26	11100	13	1092911	1092921
8	7	21	4	1	11060	9	11072	0	1091173	1091190
8	5	26	9	1	11080	23	11092	14	1092667	1092668
23	0	20	12	1	11040	30	11052	21	1090164	1090168
9	3	23	9	1	11120	9	11132	0	1097569	1097580
24	9	9	4	1	11080	3	11100	22	1093821	1093834
11	1	23	14	1	10920	23	10932	14	1076653	1076673
25	12	9	3	1	10940	21	10960	8	1079808	1079809
9	1	25	13	1	11100	5	11092	28	1094043	1094045
23	0	14	1	1	10920	13	10960	5	1079013	1079473
23	10	9	3	1	11140	28	11160	15	1099651	1099649
10	11	31	13	1	10940	22	10952	14	1079951	1080039
20	9	1	13	1	11060	25	11100	12	1092861	1092852
23	11	8	1	1	11140	25	11160	12	1099295	1099288
8	5	25	8	1	10980	17	10992	8	1082564	1082565
14	0	19	14	1	10980	29	10992	20	1083842	1083840
20	9	13	5	1	10900	13	10920	0	1075774	1075758
21	6	13	7	1	10920	4	10960	23	1078085	1078108
22	13	15	1	1	10960	17	11000	4	1082567	1082570
3	12	27	3	1	11100	8	11092	31	1094327	1094307
29	4	4	9	1	11080	10	11120	29	1094527	1094546
18	12	24	1	1	11220	15	11232	6	1108065	1108058
26	11	8	2	1	11380	12	11400	31	1123006	1123007
4	12	2	13	1	11160	7	11180	24	1100573	1100402
21	9	11	4	1	11180	8	11220	27	1104115	1104105
16	1	1	2	1	11360	21	11380	14	1120671	1121254
15	11	25	8	1	11340	4	11352	31	1118923	1119355
29	3	1	11	1	11160	12	11180	31	1101161	1101158
7	15	22	1	1	11240	0	11252	19	1109744	1109401
23	5	12	8	1	11160	26	11200	13	1102723	1102717
17	14	2	6	1	11140	1	11180	20	1100026	1100027
13	2	20	13	1	11380	1	11392	24	1121928	1121927
28	8	6	4	1	11200	0	11240	19	1106651	1106646
29	11	2	11	1	11300	25	11320	12	1114881	1114876
23	10	8	2	1	11300	29	11320	16	1115176	1115167
19	12	29	6	1	11380	23	11392	4	1124192	1123172
11	1	21	11	1	11160	9	11172	0	1100847	1100838
8	4	23	9	1	11240	26	11252	17	1109270	1109271
23	11	10	2	1	11280	8	11300	27	1113402	1113398
23	11	9	1	1	11160	29	11200	16	1103003	1103013
17	12	29	7	1	11340	2	11352	22	1118754	1118436
23	10	10	2	1	11160	21	11200	8	1102140	1102159
22	13	11	0	1	11240	2	11260	21	1109925	1109913
19	0	22	13	1	11340	19	11372	10	1120549	1120543
28	8	4	5	1	11380	15	11400	2	1123373	1123375
13	2	22	14	1	11360	13	11372	4	1119874	1119881
25	2	26	5	1	11140	7	11172	6	1100629	1101540
27	4	13	9	1	11220	21	11260	8	1108744	1108746
9	13	25	4	1	11260	15	11272	6	1111095	1111104
0	6	27	12	1	11360	13	11372	4	1119893	1119884
21	6	13	7	1	11140	8	11180	27	1100799	1100746
8	15	17	9	1	11160	12	11172	8	1101200	1101726
23	10	9	3	1	11280	9	11300	28	1113486	1113491
25	10	7	3	1	11280	20	11320	7	1114484	1114483
18	6	14	7	1	11300	26	11320	13	1114963	1114981
25	10	9	4	1	11380	26	11420	13	1124453	1124428
8	14	13	5	1	11220	7	11240	17	1107351	1106457
27	0	5	13	1	11200	21	11220	8	1105583	1105573
5	7	23	0	1	11160	19	11172	3	1101963	1101227
8	5	28	9	1	11200	9	11192	0	1104294	1104315
23	10	9	3	1	11280	12	11320	31	1113817	1113814
18	7	15	6	1	11320	21	11360	8	1117500	1117501
5	14	2	14	1	11200	12	11220	28	1104496	1104197
18	6	15	6	1	11200	20	11220	7	1105332	1105391
24	7	5	5	1	11500	0	11520	19	1134567	1134560
21	1	18	12	1	11520	27	11532	18	1137182	1137189
29	0	27	3	1	11420	19	11432	10	1126998	1127013
11	13	25	8	1	11440	26	11432	17	1127606	1127616
13	14	25	3	1	11520	11	11512	2	1135594	1135589
18	6	15	6	1	11480	14	11500	1	1132877	1132873
29	11	5	5	1	11480	21	11500	31	1133571	1132605
22	13	11	0	1	11620	4	11660	23	1147743	1147747
7	9	9	4	1	11600	4	11620	19	1144614	1144260
13	0	20	13	1	11640	4	11632	27	1147752	1147758
19	6	14	7	1	11500	18	11540	5	1136295	1136298
9	1	26	12	1	11440	5	11452	28	1128710	1128704
24	3	7	11	1	11440	13	11480	0	1129469	1129461
29	11	5	2	1	11480	28	11520	15	1134275	1134277
7	10	25	4	1	11400	0	11412	23	1125153	1125150
26	0	7	13	1	11420	21	11440	8	1127187	1127192
23	0	1	13	1	11600	20	11640	7	1146186	1146195
19	2	16	8	1	11520	26	11532	17	1137079	1137077
8	12	13	1	1	11520	15	11540	6	1135998	1136412
15	3	18	11	1	11600	7	11612	30	1145054	1145061
25	1	14	3	1	11600	14	11640	7	1145744	1146212
6	4	28	9	1	11620	27	11632	18	1146935	1146925
8	7	23	9	1	11440	7	11452	30	1128967	1128988
19	5	27	12	1	11540	8	11552	24	1138681	1137830
20	9	11	4	1	11600	13	11640	0	1145691	1145712
7	1	29	6	1	11600	10	11612	31	1145410	1145144
21	9	12	3	1	11560	10	11600	29	1142137	1142135
29	13	5	0	1	11620	9	11660	28	1148240	1148246
5	5	25	8	1	11500	3	11512	26	1134914	1134867
6	4	29	10	1	11540	4	11552	27	1138154	1138172
30	13	6	1	1	11460	3	11500	22	1131707	1131697
28	3	6	10	1	11640	27	11680	14	1149989	1149991
4	13	29	1	1	11440	25	11432	16	1127601	1127569
15	3	18	9	1	11580	5	11572	28	1141466	1141469
19	6	13	13	1	11540	20	11580	7	1139942	1139939
26	11	7	3	1	11620	26	11640	13	1146863	1146866
25	9	10	6	1	11460	28	11480	15	1130880	1130876
29	3	1	10	1	11600	12	11640	31	1145601	1145620
15	3	18	11	1	11480	14	11492	5	1132852	1132875
26	11	7	3	1	11420	28	11460	15	1127740	1127765
15	3	19	12	1	11660	31	11672	22	1150421	1150419
10	4	22	9	1	11760	2	11772	25	1159676	1159670
13	14	10	2	1	11880	29	11900	16	1171321	1171316
27	4	6	10	1	11880	2	11900	21	1171829	1171837
10	5	25	8	1	11680	24	11692	15	1152652	1152655
13	14	16	8	1	11800	2	11812	2	1162499	1163278
4	6	13	2	1	11680	24	11700	3	1152660	1151980
11	15	9	3	1	11860	6	11880	23	1169250	1169045
26	11	5	1	1	11680	7	11720	26	1154140	1154125
19	6	24	8	1	11780	26	11792	17	1161856	1161854
5	7	30	6	1	11740	8	11732	31	1157111	1157116
15	3	18	12	1	11840	14	11852	5	1166710	1166699
13	2	20	12	1	11700	15	11712	6	1154845	1154853
8	14	2	13	1	11820	24	11840	11	1164545	1164541
19	0	14	13	1	11880	14	11920	1	1173139	1173147
14	13	15	6	1	11820	31	11840	13	1165339	1164844
7	1	29	15	1	11840	26	11852	17	1168113	1168105
2	12	31	2	1	11900	12	11912	3	1172894	1172896
17	0	16	15	1	11760	18	11792	9	1161029	1161031
18	7	15	6	1	11800	26	11840	13	1164860	1164844
31	13	25	3	1	11860	27	11892	22	1171103	1171585
4	11	30	0	1	11880	24	11892	15	1170792	1170796
9	13	24	1	1	11880	1	11892	24	1171792	1171794
23	0	10	2	1	11660	0	11680	23	1150562	1150853
21	6	11	8	1	11820	2	11840	21	1165652	1165655
25	11	8	2	1	11860	18	11900	5	1170232	1170241
14	0	19	14	1	11780	27	11792	18	1161966	1162032
28	3	3	12	1	11760	10	11780	29	1160415	1160409
10	4	26	11	1	11720	23	11732	14	1155667	1155666
10	8	26	5	1	11860	14	11872	5	1169957	1169929
9	13	8	15	1	11900	14	11920	26	1173162	1172425
22	13	11	0	1	11820	4	11840	23	1165841	1165848
9	11	24	1	1	11720	25	11732	16	1155755	1155799
29	9	4	3	1	11720	13	11760	0	1157487	1157491
1	11	2	3	1	12060	8	12080	4	1188733	1189541
3	6	29	6	1	11940	12	11932	3	1176067	1176063
7	5	26	8	1	11940	26	11952	17	1177608	1177592
0	7	28	6	1	12060	17	12072	8	1189552	1189542
1	10	11	4	1	12100	19	12120	4	1192833	1192628
23	8	10	6	1	12100	25	12120	12	1193455	1193450
10	15	21	9	1	11940	24	11952	11	1177397	1177033
16	2	16	12	1	12120	21	12132	12	1196259	1196264
10	8	24	5	1	12020	11	12032	2	1185843	1185850
10	4	17	9	1	12060	23	12072	14	1190162	1190169
24	9	21	5	1	11920	8	11932	6	1175703	1176409
25	10	23	9	1	11920	17	11952	9	1176672	1176787
24	9	7	4	1	11960	25	12000	12	1180853	1180854
1	11	31	2	1	12000	11	11992	2	1182588	1182555
25	12	10	2	1	12140	8	12180	27	1198209	1198206
7	2	26	11	1	12000	22	12012	13	1183786	1183793
0	7	31	15	1	12100	26	12112	17	1193587	1193582
3	8	29	6	1	12100	31	12112	22	1194123	1194132
0	10	18	8	1	12120	19	12132	9	1196073	1195999
29	3	0	10	1	12080	22	12120	9	1193193	1193189
13	1	20	11	1	11960	1	11952	24	1178299	1178305
25	9	7	4	1	11900	2	11940	21	1175120	1175110
26	0	7	13	1	12140	18	12180	5	1199217	1199222
14	11	15	6	1	11960	10	11980	23	1179227	1178634
1	2	31	11	1	12160	14	12172	5	1198757	1198756
23	3	10	9	1	12000	22	12020	9	1183829	1183807
8	4	26	11	1	11980	0	11992	23	1181496	1181495
7	13	24	1	1	12000	17	12012	8	1183276	1183281
14	0	18	12	1	12020	7	12032	30	1185413	1185415
20	6	12	8	1	12040	9	12080	28	1188848	1188850
9	1	19	13	1	12080	27	12072	18	1190682	1190687
9	3	29	14	1	12140	23	12132	14	1196580	1196574
31	3	3	10	1	11940	11	11980	30	1179379	1179440
4	11	29	6	1	12060	9	12072	0	1188791	1188795
1	8	28	5	1	12120	9	12132	0	1195132	1195141
16	2	17	13	1	12260	8	12292	31	1211148	1211151
1	13	28	5	1	12240	28	12252	28	1206874	1207739
8	7	23	11	1	12320	20	12332	11	1215472	1215471
8	2	26	14	1	12360	27	12372	18	1219527	1219529
19	7	14	7	1	12240	13	12280	0	1208488	1208474
16	1	26	14	1	12340	24	12372	18	1219216	1219529
10	5	26	9	1	12240	29	12252	25	1206980	1207422
29	4	3	10	1	12180	8	12200	27	1201449	1201458
21	9	7	7	1	12240	19	12280	14	1209073	1209870
23	11	8	2	1	12260	29	12280	16	1210029	1210038
28	3	5	9	1	12400	12	12440	31	1224330	1224326
19	6	14	7	1	12200	31	12220	18	1204055	1204029
23	1	11	12	1	12380	20	12400	7	1222122	1222116
26	5	3	9	1	12200	1	12220	20	1204233	1204220
19	5	12	8	1	12200	13	12240	0	1205295	1205299
18	7	15	6	1	12340	22	12380	9	1219038	1219049
27	4	7	10	1	12340	26	12380	13	1219460	1219446
5	5	25	11	1	12220	4	12212	27	1204460	1204466
26	3	7	9	1	12340	10	12360	29	1217758	1217743
8	13	25	1	1	12180	10	12192	1	1201723	1201713
13	1	19	12	1	12260	19	12272	10	1209088	1209091
17	14	15	1	1	12220	27	12260	14	1206741	1206752
27	0	10	11	1	12340	24	12380	11	1219235	1219231
3	6	31	15	1	12180	14	12192	5	1202128	1202126
18	6	17	9	1	12200	11	12232	2	1205110	1205133
21	9	11	4	1	12340	8	12360	27	1217564	1217559
1	13	29	1	1	12300	3	12312	26	1213937	1213938
30	11	2	3	1	12220	27	12260	14	1206753	1206771
14	0	19	9	1	12180	8	12192	31	1201502	1201493
9	3	23	11	1	12300	23	12292	14	1212720	1212714
5	3	26	11	1	12300	5	12312	28	1214103	1214093
19	6	14	7	1	12240	4	12260	23	1207637	1207652
16	15	18	8	1	12400	12	12412	3	1224372	1224373
7	10	27	5	1	12220	19	12232	11	1205997	1206082
11	1	23	12	1	12400	29	12412	20	1223024	1223025
27	13	6	1	1	12380	0	12420	19	1223336	1223319
12	2	21	12	1	12220	18	12232	9	1205842	1205846
31	10	4	3	1	12180	22	12220	9	1203044	1203045
29	4	2	8	1	12240	13	12280	0	1208499	1208500
7	2	26	11	1	12220	6	12212	29	1204692	1204689
12	2	21	11	1	12340	29	12332	20	1216524	1216523
1	11	12	11	1	12360	25	12380	10	1219350	1219176
18	11	16	8	1	12340	13	12352	4	1218195	1218196
17	14	20	11	1	12360	4	12372	28	1220486	1220595
13	12	7	11	1	12180	10	12200	22	1201777	1201062
25	5	7	9	1	12320	27	12340	14	1216281	1216258
25	11	9	3	1	12360	6	12400	25	1220719	1220758
29	14	31	6	1	12160	29	12172	21	1200251	1200318
27	4	9	7	1	12220	3	12260	22	1207466	1207469
25	9	9	5	1	12280	15	12300	2	1211831	1211832
31	13	1	0	1	12340	11	12360	30	1217872	1217847
27	0	3	15	1	12420	10	12460	29	1227109	1227107
27	13	7	10	1	12660	8	12680	29	1249421	1249570
7	5	9	13	1	12580	15	12580	26	1240372	1239495
8	7	22	12	1	12620	6	12632	29	1245915	1245927
19	6	18	8	1	12440	21	12452	12	1228323	1228321
31	1	22	2	1	12580	24	12592	24	1241238	1242055
23	5	8	8	1	12620	9	12660	28	1246179	1246177
0	4	28	9	1	12580	25	12592	16	1241285	1241282
9	13	24	1	1	12600	6	12612	29	1242580	1242563
18	6	15	6	1	12640	28	12680	15	1248264	1248278
28	8	5	8	1	12500	11	12520	30	1233463	1233472
19	12	14	2	1	12520	10	12560	29	1236624	1236640
24	7	9	7	1	12560	23	12600	10	1241142	1241151
2	13	23	9	1	12520	31	12532	28	1235564	1236144
12	2	21	11	1	12660	3	12672	26	1248902	1248893
18	7	11	6	1	12500	15	12520	2	1233868	1233897
26	3	7	10	1	12420	5	12460	24	1226720	1226690
31	1	4	12	1	12540	17	12560	4	1237345	1237346
27	0	5	13	1	12420	27	12440	14	1225722	1225731
19	4	15	15	1	12500	12	12520	31	1233646	1233644
19	0	9	3	1	12580	3	12620	22	1242371	1242379
20	9	12	3	1	12620	0	12640	19	1245297	1245300
15	3	22	10	1	12500	31	12492	19	1232251	1232010
5	5	29	6	1	12500	11	12512	2	1233507	1233511
2	13	28	2	1	12640	26	12652	17	1248124	1248113
17	14	22	14	1	12440	13	12452	4	1227392	1227407
16	1	17	14	1	12580	26	12592	17	1241396	1241387
27	9	4	5	1	12640	23	12660	10	1247666	1247667
7	1	26	12	1	12640	15	12652	6	1246889	1246890
22	13	11	0	1	12500	8	12520	27	1233146	1233160
6	4	26	9	1	12660	12	12672	3	1249822	1249829
8	2	27	9	1	12540	18	12552	9	1237494	1237477
8	5	26	8	1	12480	13	12492	4	1230660	1230659
5	7	29	6	1	12500	29	12492	20	1232090	1232088
26	3	3	13	1	12440	22	12480	9	1228446	1228450
4	12	30	0	1	12500	6	12512	29	1232851	1232849
29	3	2	9	1	12760	17	12780	4	1259856	1259869
20	6	13	7	1	12880	12	12920	31	1271993	1272005
31	0	2	6	1	12660	20	12700	7	1250482	1250478
8	13	25	0	1	12740	12	12732	3	1256102	1256094
27	4	6	8	1	12720	22	12760	9	1257245	1257251
19	5	26	2	1	12840	11	12872	5	1268865	1269127
20	6	13	7	1	12880	9	12900	28	1271629	1271631
9	9	24	4	1	12700	15	12712	6	1253061	1253090
24	5	11	8	1	12680	14	12720	1	1252904	1252898
24	1	19	12	1	12760	30	12792	23	1261113	1261265
14	9	20	11	1	12680	30	12692	31	1251380	1252332
11	0	24	14	1	12740	17	12752	8	1256681	1256680
1	8	30	6	1	12820	2	12832	25	1264625	1264624
5	7	31	9	1	12720	1	12732	24	1254922	1254919
24	15	17	9	1	12680	6	12692	28	1252201	1252098
31	5	2	8	1	12760	26	12800	13	1260730	1260727
20	9	9	7	1	12840	5	12880	24	1268168	1268180
8	14	13	6	1	12700	6	12700	22	1252198	1251892
11	1	21	12	1	12720	4	12732	27	1255204	1255226
7	9	24	4	1	12780	22	12772	13	1260345	1260353
17	11	14	2	1	12820	20	12860	10	1266517	1266842
18	7	15	10	1	12860	23	12880	9	1269939	1269847
7	1	25	11	1	12700	12	12712	3	1252727	1252725
20	15	12	9	1	12700	27	12740	23	1254245	1255207
23	10	10	2	1	12840	11	12880	30	1268913	1268904
12	2	22	11	1	12880	28	12872	19	1270386	1270385
2	8	27	5	1	12760	2	12752	25	1258422	1258420
17	14	27	11	1	12800	22	12812	13	1263368	1263371
7	10	30	2	1	12720	6	12732	29	1255487	1255477
6	2	26	11	1	12880	7	12892	30	1271453	1271460
5	7	28	7	1	12920	9	12932	0	1274975	1274972
25	9	9	4	1	12700	30	12740	17	1254685	1254654
29	3	2	10	1	12740	1	12780	20	1258373	1258365
4	12	28	2	1	12680	28	12692	19	1251262	1251241
7	5	14	3	1	12720	8	12740	27	1255718	1255720
8	2	28	14	1	12760	7	12772	30	1258958	1258959
3	12	29	1	1	12720	0	12732	23	1254905	1254899
0	5	29	7	1	12800	20	12812	11	1263199	1263200
5	7	31	6	1	12760	9	12772	0	1259062	1259061
18	11	15	1	1	12720	14	12760	1	1256306	1256262
24	9	7	7	1	12760	12	12780	23	1259301	1258540
17	11	14	2	1	12820	11	12840	30	1265596	1265557
20	9	12	5	1	12960	22	12980	9	1279321	1279330
12	2	19	10	1	13080	5	13092	28	1290045	1290033
13	1	20	13	1	13120	10	13112	1	1294009	1294011
15	3	18	11	1	13140	6	13152	29	1296791	1296783
17	14	27	11	1	12920	27	12952	24	1276685	1277266
25	2	6	15	1	12980	8	13000	28	1280904	1280905
7	2	29	13	1	12980	8	12992	31	1280913	1280915
4	12	26	2	1	13000	18	12992	9	1281773	1281769
13	12	11	4	1	13000	18	13020	7	1281789	1281904
12	8	19	10	1	13120	8	13112	22	1293841	1292842
12	8	8	1	1	13140	28	13140	14	1295732	1295523
12	11	7	3	1	13020	7	13020	22	1284065	1283464
20	6	6	8	1	13120	1	13160	21	1296296	1296312
20	6	13	7	1	12960	7	13000	27	1280834	1280833
26	3	7	10	1	13020	29	13060	17	1286093	1286095
18	11	15	1	1	13060	2	13100	22	1289607	1289586
2	12	24	15	1	13140	0	13152	0	1296203	1297107
19	12	14	2	1	12960	3	13000	22	1280489	1280483
7	15	23	14	1	12980	9	12992	0	1281018	1281014
8	4	21	12	1	13100	21	13092	15	1291686	1292092
10	8	24	5	1	13100	25	13112	16	1292183	1292187
9	9	7	10	1	12940	24	12960	11	1276447	1276449
14	12	15	1	1	13040	4	13060	16	1286876	1286039
29	6	25	13	1	13020	18	13032	10	1285073	1285192
1	3	2	3	1	12940	29	12940	29	1275034	1275038
4	11	29	3	1	13080	4	13072	27	1289962	1289961
16	1	16	8	1	13040	12	13052	3	1287535	1287565
29	3	3	11	1	13060	27	13080	15	1288977	1289003
19	7	13	6	1	12980	25	13020	13	1282602	1282627
23	3	22	10	1	13060	3	13072	20	1289843	1289172
1	11	30	3	1	13040	5	13052	28	1286957	1286880
19	6	11	0	1	13080	20	13120	8	1291552	1291515
3	14	30	0	1	13200	24	13192	15	1301876	1301865
6	2	27	10	1	13300	9	13312	0	1312942	1312938
27	13	1	0	1	13160	9	13200	29	1300309	1300305
21	6	13	6	1	13180	30	13220	18	1302482	1302484
13	2	21	12	1	13180	7	13172	30	1300153	1300160
9	3	22	10	1	13220	26	13232	17	1305217	1305216
18	7	15	6	1	13220	31	13260	19	1305735	1305740
11	7	24	8	1	13180	11	13192	2	1300587	1300579
29	4	6	8	1	13200	17	13240	5	1304446	1304434
12	2	21	12	1	13260	29	13272	20	1308810	1308811
5	3	17	8	1	13260	20	13252	11	1307996	1308006
8	2	29	7	1	13180	16	13192	7	1301092	1301093
31	0	5	7	1	13340	21	13360	9	1317376	1317387
6	4	29	10	1	13180	7	13172	30	1300180	1300187
5	3	24	4	1	13240	4	13232	21	1306235	1305629
21	9	2	8	1	13200	4	13220	24	1303123	1303129
18	7	29	14	1	13380	6	13412	29	1322409	1322429
10	4	23	9	1	13240	16	13252	7	1307547	1307548
25	12	8	2	1	13220	3	13260	23	1306151	1306168
1	10	30	4	1	13220	18	13232	9	1304567	1304571
5	1	27	12	1	13260	1	13272	24	1309277	1309199
8	15	19	12	1	13200	28	13192	10	1302337	1301400
6	15	7	15	1	13320	26	13340	18	1314801	1315203
7	9	24	5	1	13400	2	13392	25	1322104	1322096
25	2	4	8	1	13180	24	13200	7	1301898	1301405
19	12	11	4	1	13240	27	13280	15	1308656	1308661
14	12	25	13	1	13380	28	13392	25	1321554	1322102
26	15	3	9	1	13240	21	13280	12	1308119	1308336
9	9	24	5	1	13200	0	13212	23	1302761	1302758
12	2	5	0	1	13300	9	13320	30	1313007	1313169
25	5	5	7	1	13260	1	13280	21	1309218	1309278
18	4	17	8	1	13300	18	13312	9	1314101	1314115
7	5	28	9	1	13320	25	13332	16	1314742	1314716
28	3	2	11	1	13300	27	13340	15	1314916	1314958
29	13	3	1	1	13380	10	13420	30	1322957	1323044
15	3	18	11	1	13220	28	13232	19	1305386	1305396
3	8	30	5	1	13380	25	13392	16	1321170	1321114
31	10	6	4	1	13180	29	13220	17	1302381	1302361
24	9	9	4	1	13280	23	13300	11	1311228	1311239
24	2	12	8	1	13440	25	13460	13	1327694	1327681
27	0	1	10	1	13580	3	13600	24	1341125	1341124
12	2	22	13	1	13460	0	13452	23	1328339	1328338
14	0	19	12	1	13460	1	13472	24	1328482	1328483
14	0	19	15	1	13660	19	13672	10	1348758	1348761
0	7	30	5	1	13460	2	13472	25	1328556	1328557
8	6	29	9	1	13440	12	13432	3	1326394	1326383
11	0	22	14	1	13600	8	13592	31	1341691	1341674
11	0	22	13	1	13540	31	13552	22	1337528	1337534
9	0	26	14	1	13580	3	13592	26	1341155	1341144
24	9	6	3	1	13460	24	13500	12	1330668	1330667
9	1	23	12	1	13580	27	13592	18	1340428	1340414
1	8	28	5	1	13440	26	13452	17	1327767	1327766
7	9	23	1	1	13540	30	13552	26	1337457	1337898
19	2	15	10	1	13460	13	13480	1	1329609	1329624
2	14	28	2	1	13620	29	13612	20	1343555	1343559
9	1	29	15	1	13620	11	13632	2	1344780	1344769
19	12	14	2	1	13480	13	13520	2	1332616	1332607
19	12	14	2	1	13520	10	13560	31	1335565	1335566
3	13	26	15	1	13540	21	13532	3	1336616	1335710
13	0	19	10	1	13660	22	13672	13	1349099	1349101
26	5	5	8	1	13500	0	13540	21	1334534	1334530
6	4	5	1	1	13440	26	13460	14	1327794	1327784
27	4	6	9	1	13480	6	13520	27	1331978	1331974
17	14	30	13	1	13520	10	13532	1	1335573	1335591
0	10	3	2	1	13560	19	13580	1	1339457	1338915
2	0	29	10	1	13620	31	13612	22	1343724	1343713
31	5	4	8	1	13520	9	13540	30	1335477	1335478
29	4	5	9	1	13620	17	13660	6	1345452	1345451
9	1	25	13	1	13420	4	13432	27	1325512	1325519
10	8	24	5	1	13440	16	13452	7	1326774	1326777
28	15	0	5	1	13440	28	13480	22	1327998	1328613
28	8	4	5	1	13500	26	13540	15	1334001	1333946
19	7	13	7	1	13500	28	13540	17	1334138	1334144
25	11	8	2	1	13620	21	13660	10	1345864	1345907
12	12	22	9	1	13460	14	13472	5	1329771	1329773
2	13	31	0	1	13600	10	13592	1	1341988	1341974
25	1	4	3	1	13560	23	13600	12	1339962	1340001
24	1	7	13	1	13640	8	13680	29	1347653	1347661
25	11	7	3	1	13660	30	13700	19	1349812	1349831
1	8	30	5	1	13500	4	13492	27	1331777	1331755
23	2	10	11	1	13420	17	13460	5	1326793	1326792
7	2	26	9	1	13840	7	13852	30	1366792	1366789
9	9	24	5	1	13760	12	13752	3	1357465	1357467
4	11	14	1	1	13700	21	13720	3	1352102	1351373
3	13	31	0	1	13740	25	13752	16	1355535	1355536
16	15	14	3	1	13840	19	13880	31	1367881	1367068
10	4	22	9	1	13820	22	13832	13	1364813	1364803
26	11	22	15	1	13720	14	13732	28	1354522	1353732
18	11	14	1	1	13840	6	13860	27	1366706	1366717
6	4	27	11	1	13840	27	13832	18	1365289	1365290
5	15	4	5	1	13860	18	13860	28	1367808	1366824
4	6	28	7	1	13860	31	13872	22	1369021	1369032
7	15	9	3	1	13800	25	13820	21	1361997	1362609
15	3	19	10	1	13900	28	13912	19	1372018	1372015
25	11	10	6	1	13840	19	13880	8	1367926	1367933
25	1	10	4	1	13900	10	13920	25	1373214	1372677
5	7	28	7	1	13700	23	13712	14	1352321	1352314
26	5	8	0	1	13700	2	13740	23	1353495	1353499
16	13	15	6	1	13880	25	13920	14	1371705	1371702
10	4	25	8	1	13700	28	13712	19	1352900	1352901
7	2	25	12	1	13860	31	13872	22	1369026	1369034
30	15	9	6	1	13720	21	13740	4	1355202	1354627
22	13	11	0	1	13700	4	13740	25	1353670	1353698
30	15	8	1	1	13720	26	13760	15	1355695	1355689
27	1	5	13	1	13900	5	13920	26	1372761	1372742
5	14	31	15	1	13900	3	13912	22	1372594	1372219
19	4	13	9	1	13820	20	13860	12	1364652	1364909
23	10	9	4	1	13820	3	13860	24	1366227	1366244
20	6	13	7	1	13920	20	13940	9	1374395	1374401
6	4	26	10	1	13700	14	13692	5	1351421	1351422
13	1	21	12	1	13900	5	13912	28	1372776	1372777
25	9	9	5	1	13760	22	13780	11	1358489	1358494
5	3	28	10	1	13880	10	13892	1	1370114	1370115
13	2	19	10	1	13880	18	13892	9	1371015	1371008
24	9	6	9	1	13860	24	13880	13	1368375	1368380
11	13	2	6	1	13780	6	13800	25	1360070	1359845
0	4	25	11	1	13800	30	13812	30	1362502	1363363
13	1	19	10	1	13840	8	13852	31	1366954	1366979
23	11	6	3	1	13840	21	13880	10	1368174	1368189
29	9	2	3	1	13900	10	13940	31	1373255	1373257
11	0	20	12	1	13700	29	13712	20	1352954	1352948
31	1	1	12	1	13700	31	13740	20	1353171	1353173
25	5	9	9	1	13800	29	13820	18	1362368	1362374
24	3	14	2	1	13820	3	13860	30	1366177	1366950
3	13	31	0	1	13940	3	13952	26	1375875	1375874
14	1	19	13	1	14140	4	14132	27	1394672	1394667
20	3	10	11	1	13960	10	14000	31	1379521	1379514
25	5	6	9	1	14080	27	14120	17	1390728	1390736
26	5	6	9	1	14180	25	14200	15	1399783	1399806
12	2	21	11	1	13960	27	13972	18	1378223	1378231
1	4	2	6	1	14160	3	14180	19	1397767	1397141
2	8	26	9	1	13980	7	13972	30	1379251	1379242
7	3	22	9	1	14140	16	14152	7	1395903	1395922
25	9	23	9	1	14040	30	14052	12	1387644	1386717
31	1	7	11	1	13980	21	14020	12	1380691	1380839
5	7	28	5	1	13960	16	13952	7	1377137	1377140
4	11	25	3	1	14040	16	14052	7	1386302	1386292
31	13	27	10	1	14140	22	14172	22	1396449	1397364
5	3	28	9	1	14000	10	14012	1	1382681	1382682
12	2	19	10	1	14120	2	14132	25	1394512	1394517
27	4	7	9	1	14100	11	14120	1	1392203	1392199
14	8	8	9	1	13960	19	13980	3	1377471	1376935
24	9	9	4	1	13960	8	14000	29	1379373	1379377
18	7	15	6	1	14020	31	14060	20	1384782	1384775
18	12	15	1	1	14140	23	14180	13	1396551	1396553
18	11	11	4	1	14160	18	14200	8	1399139	1399138
25	5	30	0	1	13920	7	13952	4	1376261	1376836
25	5	6	3	1	13960	5	14000	26	1379098	1379095
13	0	26	5	1	14120	30	14132	23	1394159	1394414
17	12	15	1	1	13960	10	14000	31	1379553	1379561
24	7	27	9	1	14000	20	14032	22	1383792	1384808
3	6	30	6	1	13940	11	13952	2	1376639	1376682
14	6	30	12	1	13940	12	13952	6	1376758	1377074
7	2	27	10	1	13980	12	13992	3	1379838	1379835
21	6	13	6	1	14020	10	14060	31	1385874	1385852
21	9	12	5	1	14100	20	14140	10	1393055	1393052
3	8	28	6	1	14060	4	14072	27	1388324	1388322
18	7	14	7	1	14020	26	14040	15	1384304	1384299
17	0	16	12	1	14140	28	14152	19	1397083	1397078
8	7	26	5	1	13920	26	13932	17	1375084	1375086
8	7	29	7	1	14140	11	14152	2	1395525	1395524
27	0	6	8	1	14000	21	14040	9	1383812	1383752
28	3	6	10	1	14140	26	14180	16	1396837	1396816
27	9	6	3	1	14340	0	14380	22	1416896	1416897
7	9	26	2	1	14200	13	14208	4	1401806	1401803
7	5	25	8	1	14320	11	14328	2	1414614	1414615
19	7	14	7	1	14240	5	14280	27	1407319	1407328
11	0	19	15	1	14260	9	14268	0	1407757	1407780
31	3	4	9	1	14280	31	14300	21	1410101	1410103
19	0	14	13	1	14300	21	14340	11	1412446	1412443
28	3	0	13	1	14380	15	14420	5	1421553	1421543
29	0	5	13	1	14420	9	14440	31	1423822	1423830
8	5	21	6	1	14320	4	14328	25	1413961	1413779
10	4	27	12	1	14380	30	14388	21	1419882	1419876
25	15	31	11	1	14300	22	14308	4	1412588	1411600
19	6	14	7	1	14280	9	14320	31	1411204	1411206
5	3	27	10	1	14380	3	14388	26	1420420	1420409
1	8	28	5	1	14420	8	14428	31	1423732	1423734
18	12	14	1	1	14180	0	14220	22	1400618	1400634
20	9	13	5	1	14280	12	14320	2	1411529	1411530
5	1	29	12	1	14240	20	14248	18	1405774	1406452
1	13	19	9	1	14280	23	14288	14	1409361	1409358
9	3	3	1	1	14280	28	14300	10	1409827	1408990
12	2	23	12	1	14200	14	14208	5	1401935	1401942
7	2	26	11	1	14400	8	14388	31	1420977	1420978
4	6	6	4	1	14400	11	14420	9	1421220	1421942
25	12	8	2	1	14380	7	14420	29	1420891	1420911
5	5	28	9	1	14260	12	14268	3	1408113	1408111
11	0	21	12	1	14420	5	14428	28	1423510	1423542
25	5	5	9	1	14280	11	14320	1	1411474	1411477
8	15	23	9	1	14300	17	14308	2	1412066	1411481
15	3	17	9	1	14360	0	14348	23	1416955	1416958
1	5	31	7	1	14360	15	14368	6	1418267	1418283
25	10	5	1	1	14280	5	14320	27	1410828	1410827
5	15	25	0	1	14400	21	14408	12	1422197	1422165
18	11	31	9	1	14180	30	14188	17	1400490	1400045
14	1	19	12	1	14200	12	14208	3	1401793	1401800
10	5	0	4	1	14200	17	14240	9	1402277	1402593
15	3	13	1	1	14400	13	14420	29	1421468	1420921
11	11	24	1	1	14400	20	14408	11	1422097	1422071
27	0	10	11	1	14260	8	14280	30	1407698	1407690
5	5	26	8	1	14260	30	14268	21	1406636	1406643
3	12	7	3	1	14300	8	14320	1	1411091	1411354
0	13	7	10	1	14360	5	14380	4	1417287	1418095
17	14	8	8	1	14480	13	14500	29	1430452	1429986
24	1	7	9	1	14600	14	14640	4	1442843	1442832
4	12	29	1	1	14460	21	14468	12	1428082	1428085
19	5	17	13	1	14480	18	14508	12	1430920	1431215
18	7	15	6	1	14520	23	14560	13	1434447	1434439
17	14	6	8	1	14540	10	14580	29	1436296	1435998
7	2	9	5	1	14640	4	14660	17	1445198	1444193
23	8	9	4	1	14520	30	14560	20	1435035	1435013
14	1	19	12	1	14480	8	14488	31	1430085	1430105
27	4	6	9	1	14540	10	14580	0	1436313	1436312
29	4	1	9	1	14640	20	14680	10	1446820	1446821
7	5	26	8	1	14580	5	14588	28	1438868	1438863
22	3	28	14	1	14460	27	14488	16	1428651	1428468
0	7	0	4	1	14640	2	14660	20	1444983	1444554
24	7	8	6	1	14460	29	14500	19	1428833	1428817
7	9	6	4	1	14500	25	14520	15	1431754	1431756
6	2	31	12	1	14640	30	14648	21	1444570	1444555
20	9	24	8	1	14600	4	14628	5	1441876	1442868
26	11	21	11	1	14620	16	14628	7	1443043	1443040
1	8	31	4	1	14500	12	14488	3	1430418	1430424
0	10	31	4	1	14520	0	14508	23	1432382	1432389
18	6	15	6	1	14520	28	14560	18	1434890	1434898
20	6	20	0	1	14540	11	14548	26	1436399	1435631
1	5	31	15	1	14460	21	14468	12	1428127	1428119
13	2	20	11	1	14520	9	14528	0	1433231	1433233
29	3	3	9	1	14580	25	14620	15	1440783	1440775
14	1	19	14	1	14460	10	14468	1	1427098	1427097
12	2	22	11	1	14460	15	14468	6	1427605	1427600
9	11	14	3	1	14540	22	14560	14	1434405	1434530
13	2	20	13	1	14540	6	14548	29	1435965	1435963
18	6	14	7	1	14460	21	14500	11	1428136	1428129
28	3	2	9	1	14460	25	14500	15	1428484	1428486
20	6	21	5	1	14660	27	14668	12	1447432	1446940
19	12	2	13	1	14660	8	14700	30	1448684	1448718
25	2	7	13	1	14440	15	14480	5	1427609	1427608
27	1	4	12	1	14460	23	14500	13	1428289	1428315
28	8	0	6	1	14540	19	14580	9	1437217	1437248
10	4	25	13	1	14580	11	14588	25	1439528	1438631
14	12	10	2	1	14640	28	14660	18	1444313	1444322
8	4	24	8	1	14640	5	14648	28	1445386	1445391
19	12	14	1	1	14460	27	14500	17	1428702	1428711
24	7	7	7	1	14520	27	14560	17	1434841	1434842
5	1	29	12	1	14480	10	14488	1	1430304	1430307
6	2	30	13	1	14680	8	14688	31	1448704	1448703
19	6	14	7	1	14580	25	14620	15	1440799	1440797
7	9	24	5	1	14460	15	14468	6	1427492	1427493
12	12	8	0	1	14620	4	14620	20	1441833	1441289
12	12	9	15	1	14660	29	14700	19	1447596	1447568
7	3	27	10	1	14660	30	14668	21	1447682	1447654
8	5	5	13	1	14820	12	14840	11	1461605	1462463
12	8	22	11	1	14740	30	14748	21	1453956	1453964
6	4	28	9	1	14920	18	14928	9	1472104	1472096
7	10	25	4	1	14720	8	14708	31	1451688	1451686
1	11	31	3	1	14780	9	14788	0	1458033	1458027
20	6	11	8	1	14780	20	14800	10	1459148	1459149
18	12	15	1	1	14920	30	14940	20	1473368	1473370
22	13	16	13	1	14700	16	14728	1	1452563	1451859
26	5	3	9	1	14900	18	14940	8	1472107	1472112
10	5	24	8	1	14720	8	14708	31	1451721	1451694
23	11	16	8	1	14920	12	14948	3	1474622	1474627
10	15	2	5	1	14940	8	14960	29	1474270	1474207
29	11	3	2	1	14700	5	14740	27	1451476	1451474
18	15	7	5	1	14740	11	14760	1	1455258	1455256
19	5	13	9	1	14740	9	14760	31	1455092	1455090
5	15	10	6	1	14760	21	14780	11	1456273	1456277
13	0	19	13	1	14760	31	14768	22	1457135	1457132
1	2	30	13	1	14720	15	14728	6	1452508	1452513
25	2	18	8	1	14680	23	14708	13	1450090	1450002
27	4	6	9	1	14920	28	14940	18	1473190	1473185
0	4	11	4	1	14780	23	14820	11	1459405	1459233
11	0	22	11	1	14700	25	14708	16	1450360	1450341
19	0	14	13	1	14700	9	14740	31	1451793	1451789
19	4	18	15	1	14800	5	14808	28	1460851	1460850
3	14	22	10	1	14760	0	14768	23	1457265	1457243
4	13	31	0	1	14800	9	14808	0	1461410	1461390
29	4	4	8	1	14900	15	14940	5	1471852	1471841
0	4	28	9	1	14860	7	14868	30	1467613	1467622
11	13	14	1	1	14920	31	14940	11	1473427	1472459
18	12	15	1	1	15140	28	15160	18	1494484	1494465
9	3	25	12	1	15140	20	15148	11	1493818	1493833
17	12	15	6	1	14980	31	15020	22	1479310	1479394
25	9	7	5	1	15020	15	15060	5	1484122	1484127
9	0	24	14	1	15060	1	15068	24	1485687	1485686
9	11	24	1	1	15120	27	15128	18	1491479	1491478
21	9	12	3	1	15040	0	15080	22	1485601	1485612
10	4	22	10	1	15060	4	15068	27	1486005	1486013
18	11	14	2	1	15040	24	15060	14	1484850	1484851
16	15	14	3	1	15100	31	15140	26	1491892	1492407
23	1	7	15	1	15120	10	15160	0	1492986	1492989
10	13	6	8	1	15160	0	15180	22	1494931	1494906
27	4	4	9	1	15000	13	15020	3	1480853	1480875
23	8	9	6	1	15040	3	15080	25	1485909	1485920
14	15	16	12	1	15040	23	15048	15	1484752	1484872
4	6	29	7	1	15100	6	15108	29	1489293	1489296
21	6	13	7	1	14960	23	15000	13	1478548	1478539
20	9	13	5	1	15000	22	15040	12	1481742	1481747
31	5	23	14	1	15080	9	15108	30	1489606	1489384
8	5	26	8	1	15080	1	15088	24	1488884	1488903
5	7	31	6	1	15140	17	15148	8	1493547	1493548
13	11	6	1	1	15160	16	15180	6	1496648	1496646
9	11	25	0	1	15000	12	15008	3	1480763	1480759
3	8	21	10	1	15080	2	15088	25	1488977	1488974
24	9	6	4	1	15120	14	15160	4	1493328	1493326
17	0	16	12	1	14960	9	14968	0	1477337	1477339
29	12	3	2	1	15080	8	15120	30	1489532	1489510
24	5	5	9	1	15180	6	15220	28	1498925	1498928
10	11	11	6	1	15120	0	15140	15	1492035	1491338
24	3	7	10	1	14980	29	15020	19	1479153	1479154
26	2	20	0	1	15120	14	15148	4	1493275	1493207
27	4	7	10	1	15280	8	15300	30	1508579	1508583
26	5	5	7	1	15440	8	15460	30	1524684	1524682
13	7	14	13	1	15220	4	15240	26	1501867	1501870
25	12	8	1	1	15260	27	15300	17	1507396	1507398
28	15	8	1	1	15400	29	15420	19	1520279	1520272
7	9	27	3	1	15260	18	15268	9	1506551	1506528
26	2	7	10	1	15360	31	15400	21	1517443	1517427
15	3	17	9	1	15320	0	15308	23	1510803	1510806
28	3	6	8	1	15200	7	15240	29	1502203	1502208
25	5	26	15	1	15380	17	15408	8	1519160	1519159
8	4	26	9	1	15280	3	15288	26	1508217	1508215
24	7	8	6	1	15280	16	15320	6	1509458	1509466
8	5	25	8	1	15320	16	15328	7	1512563	1512530
8	5	4	4	1	15340	0	15380	27	1514081	1514635
11	1	22	12	1	15400	20	15408	11	1519410	1519405
25	5	9	7	1	15260	21	15300	11	1506882	1506887
20	9	20	11	1	15380	20	15388	6	1519407	1518996
26	5	11	6	1	15260	1	15300	21	1508048	1507839
28	8	21	5	1	15300	4	15308	18	1511256	1510381
21	6	13	7	1	15400	10	22775443	0	1521676	1521669
11	1	19	13	1	15280	29	15288	30	1507681	1508502
10	8	24	4	1	15280	7	15288	30	1508573	1508501
12	8	4	11	1	15220	28	15220	8	1501029	1500144
0	13	31	0	1	15320	9	15328	0	1511927	1511884
29	11	0	0	1	15220	24	15260	14	1503983	1503981
23	3	14	1	1	15240	29	15260	12	1504474	1503786
9	1	23	12	1	15220	30	15228	21	1501373	1501296
10	8	24	5	1	15220	3	15228	26	1501843	1501840
5	7	28	6	1	15400	30	15408	21	1520398	1520405
7	9	25	3	1	15420	20	15428	11	1522588	1522594
24	1	6	15	1	15240	5	15280	27	1505195	1505190
7	10	29	1	1	15220	11	15228	2	1502688	1502681
26	3	7	11	1	15200	29	15240	19	1501191	1501186
26	3	7	11	1	15360	22	15380	12	1516576	1516580
2	14	30	0	1	15300	14	15308	5	1509288	1509293
24	7	9	6	1	15220	22	15260	12	1503875	1503807
11	0	22	14	1	15200	20	15208	11	1500226	1500234
1	2	28	9	1	15240	2	15248	25	1504848	1504849
11	0	23	15	1	15600	0	15608	23	1538671	1538672
28	8	9	7	1	15460	9	15500	31	1527894	1527905
21	9	13	5	1	15540	8	15560	30	1533636	1533642
3	14	30	0	1	15480	8	15488	31	1527758	1527748
28	8	4	5	1	15460	24	15480	14	1526178	1526182
14	6	21	9	1	15460	26	15468	17	1526367	1526362
7	2	27	12	1	15620	17	15628	8	1540259	1540247
2	15	3	10	1	15700	8	15740	8	1548905	1549798
25	10	7	3	1	15560	12	15600	2	1536729	1536727
31	0	7	6	1	15580	31	15620	21	1538612	1538609
28	3	6	10	1	15660	5	15700	27	1545475	1545473
3	12	30	2	1	15460	13	15468	4	1525129	1525137
15	3	16	9	1	15560	28	15568	19	1535392	1535403
17	11	26	5	1	15620	26	15628	16	1541255	1541118
17	14	19	15	1	15660	0	15668	23	1544996	1545000
3	8	31	15	1	15520	8	15508	31	1530772	1530766
5	5	28	7	1	15540	4	15548	27	1533330	1533335
14	8	23	6	1	15680	15	15688	7	1546438	1546570
25	9	8	5	1	15580	0	15620	22	1538712	1538709
7	5	24	8	1	15520	12	15528	3	1531120	1531110
11	7	29	7	1	15640	15	15668	12	1543365	1543940
15	3	17	9	1	15580	20	15588	11	1537450	1537451
24	1	8	13	1	15460	8	15500	30	1527777	1527776
20	9	13	8	1	15640	26	15680	24	1544429	1545210
1	2	29	10	1	15700	15	15708	6	1549540	1549531
12	10	16	10	1	15680	14	15688	4	1546377	1546214
18	11	14	2	1	15560	4	15600	26	1535998	1535997
20	6	13	7	1	15660	15	15700	5	1546464	1546470
9	3	2	4	1	15640	6	15660	1	1542460	1542963
23	11	10	2	1	15680	4	15720	26	1548481	1548482
5	1	27	11	1	15480	11	15488	2	1528115	1528114
15	3	17	9	1	15560	18	15568	9	1534496	1534501
3	14	9	6	1	15560	25	15580	13	1535116	1534958
5	5	31	9	1	15580	6	15588	29	1536226	1536222
25	5	9	6	1	15540	23	15580	13	1534951	1534958
26	5	7	7	1	15660	9	15700	31	1545884	1545888
25	5	6	8	1	15460	7	15500	29	1527724	1527727
28	15	9	1	1	15680	25	15720	15	1547396	1547399
9	0	23	12	1	15500	0	15508	23	1530002	1530003
8	7	28	5	1	15700	13	15708	4	1549291	1549320
19	7	10	2	1	15460	8	15500	24	1527726	1527086
31	3	31	7	1	15760	20	15788	5	1556363	1555772
13	0	1	13	1	15720	1	15740	21	1551066	1550902
3	12	30	3	1	15900	12	15908	3	1568358	1568361
21	1	12	11	1	15740	26	15780	16	1553889	1553902
24	3	7	11	1	15940	1	15980	23	1573969	1573967
7	15	21	9	1	15800	7	15808	6	1558277	1559115
8	15	22	9	1	15840	14	15848	14	1562269	1563133
16	1	16	12	1	15780	26	15788	17	1557000	1556994
7	5	24	8	1	15780	18	15788	9	1556179	1556176
26	0	15	1	1	15820	9	15860	31	1561754	1561755
19	12	13	1	1	15860	15	15900	5	1565302	1565314
4	6	29	7	1	15780	24	15788	15	1556820	1556806
11	1	25	14	1	15900	13	15908	4	1568543	1568539
27	9	2	4	1	15760	22	15800	12	1556581	1556573
24	1	2	8	1	15780	0	15820	22	1557592	1557599
7	9	24	5	1	15800	4	15808	27	1558028	1558026
12	2	20	11	1	15960	2	15968	25	1574077	1574105
31	1	4	12	1	15720	29	15740	19	1550754	1550756
21	9	12	3	1	15880	8	15920	30	1567979	1567980
3	13	29	3	1	15780	22	15788	13	1556580	1556583
12	2	19	13	1	15800	14	15808	5	1559068	1559067
3	8	2	11	1	15900	13	15920	27	1568544	1567734
25	9	5	3	1	15740	20	15760	10	1553327	1553338
7	9	31	4	1	15880	30	15888	21	1566950	1566952
31	14	5	0	1	15780	31	15820	21	1557506	1557527
1	8	28	5	1	15720	2	15728	25	1551226	1551238
3	0	31	13	1	15740	18	15748	9	1553098	1553113
28	3	17	8	1	15900	22	15928	18	1569593	1570028
7	9	27	3	1	15780	18	15788	9	1556247	1556205
5	3	27	10	1	15780	31	15788	22	1557559	1557524
30	13	23	11	1	15700	27	15728	27	1550619	1551444
20	9	11	4	1	15920	16	15960	6	1572216	1572224
8	7	29	6	1	15760	4	15768	27	1554855	1554856
24	7	8	0	1	15720	10	15760	0	1552173	1552163
19	12	14	2	1	15920	13	15960	3	1571918	1571916
1	10	30	4	1	15720	3	15728	26	1551361	1551359
25	1	5	5	1	15880	10	15920	23	1568225	1567348
19	4	26	9	1	15780	7	15808	30	1558372	1558354
24	9	4	3	1	15900	22	15940	12	1569637	1569606
14	0	19	15	1	15820	6	15828	29	1561435	1561481
4	12	29	1	1	15940	25	15948	16	1573179	1573199
24	3	7	10	1	15800	18	15840	8	1559492	1559490
17	0	16	12	1	15800	19	15808	10	1559590	1559591
13	1	11	0	1	15720	2	15760	24	1551180	1551162
23	5	10	8	1	15840	4	15880	26	1564433	1564413
29	14	5	0	1	15960	14	15980	4	1575094	1575096
16	15	5	8	1	16020	21	16060	9	1581829	1581668
25	12	8	1	1	16180	26	16220	16	1597705	1597702
7	9	2	7	1	16120	12	16140	3	1590023	1590105
19	0	4	3	1	16020	11	16040	31	1580754	1580611
7	2	29	13	1	16060	15	16068	6	1584302	1584301
3	0	31	14	1	15980	20	15968	11	1575695	1575693
3	14	3	11	1	16000	20	16020	13	1578787	1579007
6	2	26	10	1	16060	23	16068	14	1585072	1585077
3	0	27	11	1	16220	4	16208	27	1598831	1598879
14	12	1	15	1	16200	26	16220	20	1597772	1598276
18	11	15	1	1	16080	7	16100	29	1586658	1586666
17	11	15	1	1	16080	12	16120	2	1587171	1587172
21	9	11	4	1	16140	2	16160	24	1592300	1592303
19	2	15	10	1	16180	22	16220	12	1597353	1597347
16	1	6	7	1	16100	6	16140	24	1589514	1589129
31	13	5	2	1	16160	5	16200	27	1595704	1595723
3	9	30	5	1	16180	15	16188	6	1596746	1596734
14	9	4	7	1	16060	8	16080	24	1583586	1583077
19	7	13	6	1	16040	31	16060	21	1582795	1582799
8	5	29	9	1	16040	3	16048	26	1583138	1583137
31	14	5	1	1	16020	9	16040	31	1580640	1580643
7	5	13	7	1	15960	17	16000	15	1575476	1576167
10	11	19	9	1	16080	24	16068	8	1585142	1584492
1	5	31	3	1	16180	0	16188	23	1595310	1595318
4	6	28	7	1	16180	7	16188	30	1595869	1595876
21	6	13	7	1	16020	17	16060	7	1581500	1581501
12	2	23	11	1	16160	21	16168	12	1594320	1594324
29	3	1	11	1	16020	18	16060	8	1581623	1581627
25	9	5	3	1	16040	11	16080	1	1583944	1583954
2	0	31	13	1	16140	21	16148	12	1591041	1591046
31	13	2	1	1	16040	30	16060	20	1582748	1582749
27	4	2	8	1	16180	15	16220	5	1596762	1596772
16	2	17	13	1	16200	13	16228	4	1599821	1599830
3	12	30	2	1	16060	8	16068	31	1583595	1583597
11	15	0	6	1	16080	11	16100	24	1587107	1586266
24	9	28	14	1	16020	24	16048	19	1582184	1582583
25	1	6	7	1	16080	13	16120	3	1587337	1587280
12	10	22	15	1	16100	16	16088	3	1587504	1587111
23	2	7	13	1	15980	15	16020	5	1578158	1578215
4	13	30	0	1	16340	15	16348	6	1612827	1612797
8	13	8	10	1	16240	3	16260	21	1601958	1601465
9	0	25	14	1	16260	31	16268	22	1604809	1604795
9	1	25	11	1	16380	22	16388	13	1616432	1616414
23	12	12	3	1	16300	17	16340	7	1609630	1609634
1	4	29	10	1	16260	15	16268	6	1603186	1603193
1	8	30	6	1	16440	8	16448	31	1621219	1621230
30	15	16	14	1	16300	10	16308	29	1608875	1608556
3	8	31	6	1	16280	3	16288	26	1605107	1605143
14	1	19	13	1	16400	4	16408	27	1617818	1617820
20	14	7	3	1	16280	23	16320	13	1606920	1606918
13	0	4	9	1	16240	0	16260	13	1601654	1600748
29	6	4	8	1	16240	5	16260	27	1602178	1602174
23	8	8	5	1	16300	12	16340	2	1609116	1609108
5	7	29	6	1	16220	18	16228	9	1600295	1600301
19	12	14	2	1	16300	11	16340	1	1608988	1609020
24	3	7	11	1	16340	17	16380	7	1613061	1613066
31	14	5	2	1	16440	16	16460	6	1621979	1621985
12	8	23	11	1	16440	9	16448	6	1621321	1621852
24	7	9	7	1	16240	17	16280	7	1603378	1603386
19	7	13	6	1	16280	19	16320	9	1606557	1606531
24	5	6	8	1	16320	1	16360	23	1611277	1611276
9	9	13	7	1	16240	2	16260	22	1601935	1601681
14	6	12	8	1	16320	27	16360	25	1610663	1611478
19	6	13	7	1	16220	0	16260	22	1601671	1601681
24	7	8	5	1	16240	17	16280	7	1603389	1603413
13	11	1	2	1	16280	0	16300	22	1604924	1604913
19	6	14	7	1	16240	5	16260	27	1602192	1602196
21	9	12	4	1	16360	13	16400	3	1615572	1615577
3	8	28	6	1	16260	13	16268	4	1603000	1602992
1	2	26	11	1	16320	9	16328	0	1608836	1608849
1	5	29	14	1	16320	10	16328	1	1608905	1608908
20	15	12	5	1	16260	31	16300	21	1604843	1604837
4	0	7	4	1	16340	13	16380	9	1612581	1613304
8	15	9	9	1	16380	21	16420	20	1616396	1617283
25	10	10	2	1	16340	12	16360	2	1612451	1612462
3	0	30	13	1	16360	30	16368	21	1614216	1614238
2	8	4	7	1	16380	17	16400	29	1616037	1615096
0	7	28	7	1	16460	22	16468	13	1622748	1622749
19	6	14	7	1	16260	10	16300	0	1605770	1605773
24	1	7	11	1	16360	0	16380	22	1614415	1614413
12	2	22	12	1	16400	1	16408	24	1617444	1617443
5	14	24	1	1	16460	24	16468	15	1622874	1622867
27	9	8	5	1	16240	11	16280	1	1602749	1602732
26	11	6	1	1	16480	29	16520	19	1626459	1626463
0	15	29	6	1	16640	25	16648	16	1642137	1642130
24	3	9	9	1	16580	27	16600	17	1635997	1635986
0	4	31	9	1	16560	0	16568	23	1633310	1633314
26	5	7	7	1	16560	9	16600	31	1634201	1634207
25	9	7	4	1	16580	11	16620	1	1637546	1637550
15	3	18	11	1	16500	2	16508	25	1627000	1626993
30	11	24	8	1	16600	27	16628	15	1639182	1638767
14	8	8	5	1	16580	26	16600	12	1635927	1635594
13	12	27	15	1	16600	10	16608	1	1637487	1637490
27	1	26	14	1	16600	24	16628	12	1638776	1638467
7	2	25	11	1	16620	25	16628	16	1638969	1638988
6	2	26	11	1	16680	22	16688	13	1645090	1645086
18	7	30	2	1	16620	18	16648	9	1641501	1641500
22	13	11	0	1	16480	7	16520	29	1627523	1627524
31	3	1	2	1	16620	3	16640	15	1640018	1639038
21	1	11	13	1	16500	18	16540	8	1628618	1628625
2	8	29	6	1	16520	1	16528	24	1630122	1630127
25	9	6	4	1	16480	26	16520	16	1626249	1626231
31	10	6	4	1	16520	3	16560	25	1630333	1630315
24	9	12	4	1	16560	16	16600	6	1634954	1634956
21	9	13	5	1	16620	6	16660	28	1640343	1640357
18	6	20	12	1	16620	6	16628	29	1640352	1640348
8	2	27	11	1	16540	17	16548	8	1631915	1631914
1	5	31	15	1	16560	6	16568	29	1633984	1633938
6	4	29	10	1	16600	14	16608	5	1637875	1637874
13	1	20	12	1	16580	26	16588	17	1635971	1635970
23	8	9	5	1	16580	6	16620	28	1637104	1637124
11	1	22	13	1	16640	10	16648	1	1640779	1640781
27	9	7	5	1	16580	0	16620	22	1636510	1636540
23	2	7	13	1	16680	2	16720	24	1646304	1646310
10	5	24	8	1	16640	13	16648	4	1640939	1640938
30	13	6	1	1	16700	25	16740	15	1648580	1648573
5	5	30	12	1	16880	8	16888	31	1665400	1665407
20	6	26	10	1	16840	0	16848	14	1661615	1660754
24	15	16	8	1	16900	9	16928	0	1668823	1668814
14	0	18	13	1	16840	23	16848	14	1660758	1660761
14	9	26	8	1	16740	27	16748	13	1651885	1651469
2	0	7	9	1	16800	17	16820	2	1656977	1656477
31	0	2	6	1	16940	3	16960	25	1671526	1671506
18	7	25	11	1	16740	0	16768	28	1652278	1652832
28	3	3	12	1	16740	9	16780	31	1653260	1653267
17	12	19	10	1	16960	26	16968	16	1673739	1673647
9	1	22	11	1	16760	10	16768	1	1653369	1653364
11	1	22	14	1	16920	0	16908	14	1667941	1666927
3	8	30	5	1	16980	6	16988	29	1674941	1674929
17	14	18	11	1	16840	4	16848	27	1662008	1662025
21	9	13	5	1	16900	25	16920	15	1667154	1667155
12	11	4	11	1	16780	30	16800	10	1655349	1654333
29	9	5	5	1	16860	2	16900	24	1664899	1664900
24	5	10	8	1	16940	6	16980	28	1671912	1671910
8	5	26	9	1	16780	6	16788	29	1656007	1656011
19	12	3	11	1	16780	19	16820	14	1657180	1657819
24	3	5	2	1	16740	7	16780	29	1653090	1653082
8	5	25	8	1	16960	8	16948	31	1672072	1672075
29	3	8	8	1	16840	8	16880	30	1662446	1662439
19	2	22	1	1	16860	24	16868	10	1663947	1663493
19	7	14	7	1	16960	26	17000	16	1673744	1673747
7	2	30	13	1	16920	8	16928	31	1668774	1668769
25	10	6	1	1	16780	9	16820	31	1656228	1656237
19	4	15	10	1	16940	5	16980	27	1671782	1671767
18	15	16	15	1	16960	23	16988	24	1673457	1674476
3	6	31	7	1	16800	20	16808	11	1657320	1657322
27	13	5	1	1	16740	5	16780	27	1652898	1652895
29	0	0	15	1	16780	6	16820	28	1656031	1656032
9	11	25	1	1	16840	19	16848	10	1660437	1660443
6	2	26	11	1	16880	24	16868	15	1663966	1663969
7	1	26	10	1	16980	2	16988	25	1674587	1674582
29	0	5	13	1	16860	31	16900	21	1664697	1664699
3	0	5	5	1	16880	4	16900	26	1665117	1665165
22	3	13	7	1	16800	30	16840	20	1658455	1658454
7	2	27	11	1	16880	24	16868	15	1663979	1663976
31	0	3	5	1	16940	4	16960	26	1671703	1671701
20	6	17	9	1	16800	31	16828	26	1658465	1658885
1	11	30	2	1	17060	30	17068	21	1683166	1683177
14	1	19	13	1	17180	20	17188	11	1694622	1694625
15	3	18	11	1	17080	1	17088	24	1683469	1683480
4	6	10	6	1	17020	14	17040	3	1678886	1678790
0	4	29	9	1	17000	1	17008	24	1677659	1677655
19	5	18	11	1	17080	29	17108	20	1686262	1686253
17	14	15	1	1	17200	6	17220	28	1696305	1696309
6	2	5	1	1	17080	8	17100	3	1684182	1684584
2	13	25	3	1	17080	12	17088	3	1684527	1684505
25	5	29	15	1	16980	20	17008	11	1676407	1676414
17	0	16	14	1	17020	28	17048	19	1680005	1679996
3	12	30	2	1	17060	21	17068	12	1682299	1682295
27	4	9	9	1	17000	10	17040	0	1678543	1678558
21	9	12	4	1	17060	29	17100	19	1683134	1683128
17	12	10	4	1	17140	20	17180	16	1691470	1692043
1	13	29	1	1	17000	31	17008	22	1677444	1677439
8	5	27	9	1	17160	2	17168	25	1692778	1692770
24	15	11	0	1	17080	14	17100	4	1684690	1684707
16	2	16	13	1	17160	9	17188	0	1693490	1693487
20	9	3	15	1	17200	12	17240	2	1696884	1696888
8	6	25	8	1	17160	30	17168	21	1692385	1692394
3	8	30	3	1	17120	11	17128	2	1687424	1687428
3	8	24	8	1	17180	7	17188	30	1693263	1693264
19	4	15	15	1	17020	25	17060	15	1679774	1679775
1	5	28	7	1	17240	2	17248	25	1699017	1699021
18	7	22	9	1	17020	2	17048	25	1680573	1680566
11	1	22	12	1	16980	9	16988	0	1675361	1675362
31	1	2	11	1	16980	23	17020	13	1676666	1676707
24	3	7	11	1	17120	6	17160	28	1689899	1689897
1	8	29	6	1	16980	7	16988	30	1675096	1675093
1	5	29	13	1	17020	9	17028	0	1678524	1678491
11	0	19	10	1	17020	22	17028	4	1679593	1678847
13	2	20	12	1	17080	4	17088	27	1683858	1683804
10	11	25	4	1	17140	11	17168	8	1690592	1691154
21	9	12	4	1	17000	10	17040	0	1678612	1678565
6	2	27	12	1	17120	14	17128	5	1687678	1687602
8	5	24	8	1	17180	14	17188	5	1693844	1693841
20	14	23	6	1	17120	21	17128	19	1688282	1688974
27	0	7	13	1	17240	12	17260	2	1699993	1699974
14	12	25	11	1	17260	31	17268	22	1701761	1701767
20	9	12	3	1	17460	14	17500	5	1721732	1721741
23	11	10	2	1	17460	24	17500	15	1722819	1722827
31	1	0	13	1	17280	23	17300	13	1703858	1703865
14	0	19	15	1	17440	17	17448	8	1718758	1718776
5	7	28	6	1	17460	8	17468	31	1721094	1721104
20	9	12	5	1	17280	29	17320	19	1704361	1704368
7	1	26	12	1	17460	9	17468	0	1721182	1721179
27	0	4	14	1	17240	16	17260	6	1700323	1700335
5	15	3	9	1	17360	28	17380	18	1710516	1710515
29	0	7	4	1	17300	15	17340	10	1706097	1706533
6	15	18	12	1	17260	29	17268	30	1701634	1702462
26	3	7	10	1	17480	8	17520	31	1724213	1724216
29	14	5	0	1	17480	11	17520	2	1724567	1724573
13	9	0	5	1	17280	10	17280	26	1702725	1702182
3	0	26	12	1	17360	7	17368	30	1711617	1711621
2	12	8	11	1	17380	22	17420	22	1713203	1714099
5	7	29	6	1	17400	9	17408	0	1715061	1715060
20	9	12	3	1	17340	30	17380	20	1710702	1710699
7	2	25	11	1	17340	13	17348	4	1708947	1708943
23	8	23	15	1	17260	2	17268	25	1702042	1702045
24	9	9	5	1	17360	20	17400	10	1712930	1712935
17	14	10	4	1	17460	17	17500	8	1722095	1722102
18	11	15	1	1	17260	6	17300	28	1702395	1702418
24	9	5	2	1	17280	28	17320	18	1704312	1704333
24	9	7	9	1	17260	2	17280	24	1702046	1702043
27	9	2	3	1	17460	9	17480	0	1721224	1721241
11	1	22	12	1	17360	6	17368	29	1711525	1711533
4	6	2	10	1	17440	13	17440	25	1718454	1717474
24	5	10	11	1	17240	18	17280	8	1700573	1700598
13	9	25	1	1	17380	16	17388	7	1712594	1712588
23	8	9	5	1	17280	22	17300	12	1703836	1703838
18	7	27	5	1	17300	10	17308	25	1705732	1704885
19	6	14	2	1	17280	26	17320	17	1704146	1704271
27	9	4	4	1	17420	6	17460	29	1717822	1717856
15	11	21	9	1	17360	2	17368	25	1711229	1711216
11	1	21	12	1	17260	29	17268	20	1701618	1701600
31	3	4	9	1	17320	9	17360	31	1708425	1708432
1	10	31	3	1	17740	29	17748	20	1748563	1748553
5	3	8	1	1	17540	23	17560	15	1729059	1729213
0	10	31	4	1	17680	2	17688	25	1742625	1742631
19	6	12	4	1	17560	15	17580	6	1731292	1731291
20	6	14	7	1	17680	23	17720	14	1744725	1744720
2	13	30	0	1	17520	11	17528	2	1727813	1727780
13	9	21	8	1	17560	1	17548	17	1730063	1729393
19	5	26	2	1	17600	20	17608	2	1734920	1734097
3	6	28	7	1	17640	21	17648	12	1738334	1738345
19	5	12	8	1	17560	29	17600	20	1732676	1732684
17	11	15	1	1	17720	16	17760	7	1747399	1747398
5	7	29	6	1	17580	31	17588	22	1732886	1732891
13	0	19	12	1	17700	24	17708	15	1744843	1744838
20	9	12	4	1	17540	30	17580	21	1729722	1729713
24	3	7	10	1	17640	29	17660	20	1739128	1739118
7	2	23	11	1	17540	14	17548	5	1728097	1728098
13	14	14	2	1	17520	27	17540	18	1726020	1726025
20	9	12	4	1	17640	8	17680	31	1740222	1740225
26	11	5	2	1	17640	12	17680	3	1740610	1740617
19	12	13	1	1	17600	22	17620	13	1735133	1735129
26	11	5	2	1	17660	30	17700	21	1742347	1742325
0	4	31	15	1	17540	18	17548	9	1728509	1728505
24	3	7	11	1	17580	10	17620	1	1734041	1734045
9	0	10	8	1	17740	6	17780	31	1749555	1749774
27	4	7	9	1	17580	4	17620	27	1733479	1733476
24	7	6	4	1	17640	2	17680	28	1739633	1739902
0	10	31	2	1	17720	12	17728	3	1746997	1746994
29	9	2	4	1	17580	6	17620	29	1733683	1733691
29	3	7	9	1	17600	2	17640	25	1736415	1736428
19	5	0	4	1	17640	5	17680	0	1739906	1740361
1	5	31	7	1	17560	19	17568	10	1731687	1731677
11	1	21	10	1	17580	30	17588	21	1732824	1732817
27	9	19	9	1	17500	3	17528	20	1726940	1726276
17	14	14	2	1	17520	14	17560	5	1728116	1728125
7	5	25	8	1	17660	7	17668	30	1740156	1740164
2	8	28	5	1	17540	20	17548	11	1728772	1728775
13	2	26	5	1	17520	0	17508	15	1726539	1725688
0	10	13	2	1	17660	20	17680	10	1741346	1741259
29	13	6	1	1	17980	16	18000	7	1773141	1773132
14	15	11	6	1	17820	8	17840	31	1756465	1756468
11	11	7	15	1	17760	17	17780	8	1750720	1750729
10	4	23	9	1	17780	11	17788	2	1753374	1753373
29	11	7	4	1	17860	7	17900	30	1762701	1762690
19	0	20	13	1	17900	5	17928	3	1765941	1766609
16	1	17	13	1	17780	14	17788	5	1753699	1753721
25	1	5	13	1	17860	10	17900	1	1763024	1763023
29	12	1	0	1	17760	22	17780	13	1751246	1751250
8	14	12	5	1	17860	29	17900	19	1761781	1761698
27	0	7	13	1	17920	27	17960	18	1767907	1767902
14	13	3	2	1	17840	31	17860	22	1758855	1758851
3	12	30	0	1	17960	25	17968	16	1770949	1770950
10	11	24	1	1	17980	23	17988	14	1773797	1773808
18	11	14	2	1	17780	27	17820	18	1755059	1755055
21	6	28	6	1	17800	9	17808	27	1756613	1756003
31	13	7	7	1	17960	1	17980	14	1771743	1770732
4	6	31	15	1	17880	15	17888	6	1763637	1763636
14	9	16	8	1	17880	19	17888	10	1764005	1764002
23	5	6	9	1	17800	0	17840	23	1755602	1755603
7	13	25	0	1	17960	31	17968	22	1771517	1771523
29	13	8	2	1	17800	9	17840	0	1756624	1756652
9	3	25	11	1	17800	25	17808	16	1754893	1754885
19	7	13	7	1	17860	8	17900	31	1762865	1762871
0	6	15	1	1	17860	28	17880	16	1761710	1761497
31	14	1	0	1	17860	4	17900	27	1762412	1762414
6	15	25	1	1	17760	13	17768	4	1750271	1750267
13	2	19	10	1	17860	26	17868	17	1761543	1761546
0	6	25	8	1	17880	12	17888	29	1763332	1762653
6	2	29	14	1	17920	25	17928	16	1767786	1767787
18	7	16	12	1	17880	18	17888	7	1763941	1763735
14	1	18	12	1	17860	14	17868	5	1760375	1760380
24	7	11	6	1	17800	2	17840	25	1755795	1755800
19	5	14	7	1	17820	31	17860	22	1758917	1758910
7	2	10	8	1	17800	23	17820	11	1754738	1754450
9	11	25	0	1	17980	12	17988	3	1772908	1772913
18	4	8	0	1	17980	25	18020	14	1774061	1773839
7	10	28	2	1	18060	2	18068	25	1781519	1781510
7	5	24	8	1	18240	9	18248	0	1798148	1798140
23	1	11	12	1	18120	4	18160	27	1788049	1788053
3	9	9	4	1	18160	6	18180	30	1791417	1791588
21	6	9	4	1	18160	7	18180	30	1791587	1791588
20	15	27	9	1	18160	19	18188	16	1792706	1793285
13	7	22	12	1	18060	3	18088	1	1781638	1782324
8	13	22	10	1	18220	26	18228	21	1796626	1797026
20	9	12	4	1	18000	19	18040	10	1776596	1776603
13	1	20	12	1	18200	4	18208	27	1794387	1794394
23	12	12	3	1	18080	20	18100	11	1783313	1783306
17	14	14	3	1	18160	15	18180	28	1792377	1791365
26	2	3	13	1	18000	23	18040	14	1776989	1776990
24	1	18	8	1	18100	27	18128	9	1787174	1786284
19	7	14	7	1	18220	8	18260	31	1798076	1798083
0	15	28	5	1	18100	12	18108	3	1785656	1785658
8	2	25	12	1	18100	13	18108	4	1785740	1785729
2	0	27	11	1	18160	26	18168	17	1790172	1790173
8	2	22	10	1	18240	25	18248	16	1799678	1799674
25	12	7	3	1	18100	15	18140	6	1785908	1785910
18	7	15	6	1	18120	12	18160	3	1788859	1788855
24	9	9	4	1	18140	23	18180	14	1789871	1789864
28	3	0	10	1	18160	17	18200	8	1792607	1792602
16	1	17	13	1	18000	4	18008	27	1775134	1775136
19	6	14	7	1	18080	25	18120	16	1783744	1783760
1	4	7	6	1	18060	23	18080	14	1780464	1780467
7	1	26	11	1	18060	23	18068	14	1780482	1780472
13	2	28	9	1	18080	23	18088	8	1783566	1783022
23	5	9	9	1	18060	11	18100	2	1782441	1782434
8	7	27	5	1	18160	2	18168	25	1791095	1791075
9	3	23	9	1	18200	17	18208	8	1795834	1795833
5	7	28	5	1	18040	17	18048	8	1779917	1779915
5	1	27	12	1	18080	21	18088	12	1783415	1783417
7	1	22	10	1	18220	4	18228	27	1797749	1797670
19	2	12	3	1	18100	13	18140	5	1785804	1785873
13	2	19	10	1	18040	19	18048	10	1780103	1780111
6	4	29	9	1	18180	27	18188	18	1793540	1793542
21	1	11	13	1	18100	21	18140	12	1786587	1786589
26	2	4	12	1	18120	28	18140	19	1787291	1787296
19	12	14	2	1	18200	22	18240	13	1796309	1796292
20	6	12	8	1	18220	12	18260	3	1798513	1798510
8	14	27	3	1	18340	17	18348	8	1808576	1808578
0	5	22	12	1	18380	31	18388	28	1813339	1813929
10	11	25	13	1	18400	18	18408	9	1815171	1815167
4	12	21	8	1	18400	26	18408	17	1815933	1815941
26	0	7	13	1	18280	0	18320	23	1803591	1803592
19	7	8	5	1	18360	19	18380	3	1812100	1811376
25	1	23	6	1	18480	16	18488	30	1824194	1823407
7	5	27	9	1	18280	19	18288	10	1802169	1802165
11	1	23	14	1	18340	22	18348	13	1809195	1809200
29	4	6	9	1	18260	23	18300	14	1802674	1802670
17	12	15	1	1	18360	29	18400	20	1813125	1813122
24	7	10	6	1	18420	18	18460	9	1818314	1818328
24	9	9	4	1	18440	11	18480	2	1820600	1820606
19	6	6	3	1	18360	25	18400	7	1812735	1811828
14	1	18	11	1	18300	18	18308	9	1805356	1805349
14	0	19	13	1	18340	28	18348	19	1809761	1809765
2	13	10	6	1	18440	29	18460	18	1819403	1819232
31	1	3	11	1	18260	20	18300	11	1802284	1802290
20	3	30	5	1	18480	16	18488	30	1824218	1823439
14	0	19	15	1	18300	21	18308	12	1805659	1805660
31	5	2	8	1	18480	17	18520	8	1824291	1824305
27	9	7	5	1	18260	18	18300	9	1802088	1802081
29	9	17	9	1	18340	31	18368	27	1810048	1810512
29	12	22	14	1	18260	17	18288	14	1801980	1802717
29	4	13	13	1	18260	26	18300	12	1802945	1802501
27	4	8	1	1	18360	25	18400	7	1812752	1811871
17	12	9	3	1	18360	28	18400	19	1813008	1813015
2	0	13	6	1	18340	15	18360	6	1808438	1808446
2	13	28	2	1	18400	24	18408	15	1815843	1815836
24	3	28	7	1	18260	13	18268	25	1801607	1800658
29	3	2	11	1	18340	6	18380	29	1810766	1810775
4	11	18	11	1	18300	17	18308	14	1805300	1805879
1	4	25	8	1	18460	20	18468	11	1821551	1821527
27	9	7	4	1	18480	12	18520	3	1823888	1823872
13	2	19	12	1	18300	7	18308	30	1804186	1804187
20	6	13	7	1	18420	19	18460	10	1818501	1818511
9	0	8	1	1	18420	31	18440	29	1816464	1817151
26	5	5	8	1	18260	16	18300	7	1801829	1801853
18	7	25	14	1	18260	27	18288	12	1802958	1802320
25	12	8	1	1	18400	6	18440	29	1817127	1817151
7	5	25	8	1	18560	9	18568	0	1829722	1829711
10	11	24	1	1	18700	30	18708	21	1845018	1844985
29	11	1	2	1	18700	16	18740	7	1846910	1846914
5	3	27	10	1	18640	31	18648	22	1838694	1838695
17	14	16	15	1	18500	0	18508	17	1825721	1825096
25	10	6	3	1	18580	23	18620	14	1834642	1834652
1	10	30	4	1	18620	13	18628	4	1836759	1836732
8	12	25	0	1	18660	24	18668	15	1841306	1841295
7	2	25	11	1	18740	6	18748	29	1848970	1848961
26	11	5	1	1	18540	19	18580	10	1830822	1830825
5	5	16	10	1	18560	12	18568	3	1830019	1830011
8	13	23	6	1	18560	11	18568	1	1829951	1829834
4	13	6	1	1	18720	11	18740	5	1846381	1846680
18	6	14	2	1	18540	8	18580	30	1829655	1829582
25	12	8	2	1	18580	9	18600	0	1833073	1833058
29	3	4	9	1	18580	23	18620	14	1834662	1834682
7	10	27	3	1	18560	19	18568	10	1830855	1830864
13	2	19	9	1	18660	23	18668	14	1841194	1841213
13	1	24	5	1	18560	9	18548	28	1829757	1829450
23	3	12	8	1	18660	29	18700	20	1841860	1841850
3	8	31	6	1	18580	4	18588	27	1832654	1832655
29	4	1	12	1	18540	16	18580	7	1830505	1830507
10	4	23	9	1	18640	9	18648	0	1839850	1839856
18	4	15	10	1	18540	11	18580	2	1829979	1829972
22	3	14	1	1	18540	17	18580	12	1830650	1831120
14	11	23	0	1	18600	1	18628	3	1835719	1836671
15	3	17	9	1	18640	30	18648	21	1838651	1838653
17	14	22	11	1	18660	3	18688	26	1842511	1842529
27	1	8	11	1	18680	12	18700	3	1843517	1843509
13	2	1	13	1	18540	5	18560	25	1829462	1829219
3	6	31	15	1	18660	26	18668	17	1841594	1841586
25	11	6	1	1	18600	15	18640	6	1836988	1836991
7	10	25	4	1	18520	1	18528	24	1825895	1825870
3	13	15	6	1	18640	25	18660	24	1838088	1838989
7	1	27	12	1	18680	11	18688	2	1843418	1843420
29	9	8	5	1	18620	28	18660	19	1838403	1838424
18	7	15	6	1	18740	20	18780	11	1850474	1850479
15	11	5	5	1	18820	30	18860	27	1857797	1858160
19	4	16	12	1	18800	16	18828	7	1856413	1856423
17	0	16	12	1	18980	10	19008	1	1874160	1874154
12	2	22	11	1	18780	21	18788	12	1853812	1853813
8	5	26	8	1	18960	8	18968	31	1870864	1870876
18	7	15	6	1	18820	3	18860	27	1858190	1858164
29	3	10	4	1	18900	27	18960	27	1866488	1867254
27	9	7	5	1	19000	16	19040	8	1874699	1874695
7	5	1	0	1	18760	27	18800	23	1851165	1851659
26	2	2	13	1	18840	13	18860	5	1859134	1859131
10	4	21	8	1	18840	18	18848	9	1859618	1859614
10	11	22	14	1	18940	15	18948	6	1868500	1868505
5	3	29	10	1	18840	4	18848	27	1858294	1858302
7	9	26	5	1	18860	29	18868	20	1860653	1860645
31	13	17	9	1	18820	8	18848	5	1858663	1859238
13	0	20	12	1	18780	15	18788	6	1853192	1853189
0	5	9	14	1	18820	18	18840	10	1856659	1856626
5	5	27	9	1	18880	13	18888	4	1862234	1862228
6	4	31	11	1	18860	2	18868	25	1861166	1861163
19	6	13	6	1	18860	13	18900	5	1862238	1862245
9	1	26	12	1	18860	5	18868	28	1861453	1861454
3	0	30	13	1	18760	2	18768	25	1851910	1851895
4	11	31	3	1	18860	0	18868	23	1861017	1861015
3	0	29	13	1	18900	28	18888	19	1863731	1863741
0	10	31	3	1	18820	13	18828	4	1856236	1856245
3	0	31	14	1	18840	16	18848	7	1859491	1859484
27	4	2	11	1	18860	16	18900	8	1862515	1862524
21	6	12	8	1	19000	13	19020	5	1874508	1874496
0	10	14	1	1	18840	9	18880	7	1858781	1859373
8	15	29	14	1	18860	21	18868	12	1859896	1859897
4	11	16	10	1	18780	13	18788	4	1852983	1852982
3	9	3	2	1	18960	27	18980	26	1869647	1870376
0	4	31	15	1	18900	31	18908	22	1863965	1863991
27	4	4	11	1	18840	15	18880	7	1859306	1859297
27	4	6	9	1	18900	20	18940	12	1865912	1865869
29	9	7	5	1	19000	16	19040	8	1874686	1874691
11	0	24	15	1	19120	7	19128	30	1886760	1886762
26	15	10	2	1	19220	12	19260	4	1896639	1896641
9	14	9	4	1	19160	19	19200	16	1891025	1891475
11	1	21	11	1	19180	24	19188	15	1891486	1891487
9	3	27	12	1	19200	20	19208	11	1894290	1894292
3	13	14	3	1	19040	21	19060	13	1878554	1878551
17	14	7	15	1	19140	26	19160	18	1888704	1888702
31	0	2	6	1	19180	3	19220	27	1892528	1892532
11	1	22	12	1	19020	23	19028	14	1875539	1875512
7	9	29	3	1	19120	27	19128	18	1885544	1885547
0	13	9	5	1	19080	23	19100	17	1881944	1882085
18	7	15	6	1	19160	12	19180	4	1890410	1890408
5	15	17	8	1	19220	30	19208	17	1895425	1895061
29	11	4	3	1	19140	24	19160	16	1888464	1888472
8	13	25	0	1	19060	31	19068	22	1879534	1879528
17	14	17	14	1	19020	17	19048	10	1878242	1878395
5	7	30	4	1	19040	8	19028	31	1877306	1877316
18	6	8	5	1	19160	20	19200	21	1891135	1892026
27	4	7	9	1	19200	29	19240	21	1895361	1895363
27	13	9	3	1	19220	21	19260	13	1897528	1897541
19	12	13	1	1	19240	8	19280	0	1899565	1899562
8	4	28	10	1	19080	23	19088	14	1881971	1881976
17	0	16	15	1	19040	7	19068	30	1880420	1880430
19	12	6	1	1	19240	1	19280	25	1898873	1898878
12	10	21	8	1	19080	30	19088	21	1882627	1882626
7	10	27	3	1	19240	30	19248	21	1898532	1898529
25	12	10	2	1	19140	30	19180	22	1889118	1889114
12	11	15	6	1	19040	16	19060	8	1878198	1878156
0	10	2	1	1	19100	5	19120	26	1883385	1883169
0	5	31	15	1	19080	3	19088	26	1883222	1883226
5	3	29	10	1	19160	6	19168	29	1889832	1889827
14	1	19	13	1	19240	1	19248	24	1898917	1898916
28	8	4	5	1	19240	0	19280	24	1898775	1898778
5	14	24	1	1	19120	10	19128	1	1886985	1886989
7	13	24	1	1	19500	27	19508	18	1923966	1923962
16	2	16	10	1	19280	19	19308	10	1903944	1903926
14	9	31	2	1	19440	2	19448	20	1918205	1917673
23	11	26	9	1	19320	15	19328	6	1906783	1906780
27	1	4	12	1	19380	10	19400	2	1912640	1912638
27	4	2	8	1	19440	10	19480	2	1919096	1919102
17	14	7	13	1	19440	8	19480	7	1918849	1919586
2	8	28	6	1	19340	6	19348	29	1909138	1909146
8	15	15	15	1	19460	25	19480	12	1920600	1920092
25	12	5	0	1	19320	27	19360	19	1907946	1907968
13	11	25	4	1	19340	26	19348	17	1907860	1907861
17	14	19	13	1	19420	20	19428	15	1916797	1917149
18	11	14	1	1	19360	26	19400	18	1911085	1911094
26	11	6	1	1	19440	23	19480	15	1920451	1920463
5	1	28	10	1	19320	0	19308	23	1905232	1905231
26	3	7	10	1	19260	18	19280	10	1900577	1900579
13	7	3	5	1	19280	31	19300	22	1902007	1901902
5	5	29	9	1	19340	22	19348	13	1907413	1907416
24	3	23	9	1	19280	8	19288	25	1902869	1902327
8	5	25	8	1	19420	21	19428	12	1916972	1916975
18	12	15	1	1	19320	21	19360	13	1907258	1907259
14	0	19	14	1	19280	27	19288	18	1901626	1901627
14	0	23	11	1	19380	6	19388	29	1912277	1912276
19	7	13	6	1	19480	14	19500	6	1922737	1922745
5	5	24	8	1	19400	3	19408	26	1915117	1915103
8	2	26	11	1	19440	10	19448	1	1919166	1919173
7	9	24	4	1	19460	14	19468	5	1919513	1919518
5	3	27	9	1	19480	19	19488	10	1923208	1923213
10	4	22	13	1	19280	1	19288	24	1902246	1902244
7	9	4	9	1	19440	4	19460	28	1918423	1918427
3	6	30	5	1	19300	29	19308	20	1904919	1904939
4	11	30	2	1	19500	22	19508	13	1923456	1923460
31	5	5	8	1	19300	7	19340	31	1905938	1905946
10	4	23	9	1	19580	10	19588	1	1931783	1931785
11	1	21	11	1	19600	10	19608	1	1934946	1934954
18	4	15	10	1	19560	10	19600	2	1931784	1931780
15	3	19	1	1	19600	28	19588	14	1933533	1933120
25	10	7	3	1	19660	1	19680	25	1940570	1940569
15	11	3	5	1	19600	1	19620	17	1934068	1933260
6	2	29	12	1	19620	15	19628	6	1935418	1935426
6	2	1	9	1	19740	11	19760	30	1947594	1946957
27	4	6	8	1	19540	27	19580	19	1930337	1930333
18	6	15	15	1	19640	27	19680	19	1939857	1939859
12	2	21	11	1	19560	21	19568	12	1929673	1929690
29	9	5	5	1	19620	26	19640	18	1936617	1936611
8	12	25	11	1	19620	23	19628	14	1936361	1936360
17	14	18	7	1	19560	15	19588	28	1932332	1931384
5	3	26	10	1	19560	18	19568	9	1929375	1929366
13	0	19	13	1	19640	17	19648	8	1939033	1939043
31	0	2	5	1	19720	4	19760	28	1946817	1946828
5	1	27	12	1	19740	17	19748	8	1948154	1948145
25	10	8	2	1	19580	2	19620	26	1934142	1934145
9	1	22	11	1	19580	19	19588	10	1932697	1932671
24	3	11	9	1	19520	29	19560	21	1927318	1927316
20	9	12	4	1	19520	31	19560	23	1927487	1927482
27	4	4	11	1	19540	22	19580	14	1929794	1929792
19	0	30	6	1	19520	20	19528	16	1926511	1926958
19	7	15	6	1	19620	10	19660	2	1938238	1938242
10	13	0	8	1	19560	23	19580	10	1929936	1929393
8	6	7	13	1	19580	19	19600	4	1932702	1932014
21	9	13	5	1	19600	5	19620	29	1934427	1934431
25	11	8	2	1	19620	10	19660	2	1938256	1938253
3	13	29	1	1	19520	25	19528	16	1926978	1926976
7	10	28	2	1	19620	13	19628	4	1935306	1935301
3	13	26	2	1	19580	9	19588	0	1931746	1931747
4	6	29	6	1	19520	26	19528	17	1927083	1927089
11	0	22	9	1	19580	12	19588	6	1932048	1932380
17	14	15	13	1	19600	11	19640	3	1935142	1935167
24	5	9	15	1	19700	9	19740	6	1944316	1944765
5	7	19	10	1	19640	11	19648	0	1938299	1938068
4	12	29	1	2	19980	5	19988	28	1972336	1972331
27	13	29	1	2	19980	13	19988	28	1973075	1972331
25	5	6	9	2	19880	8	19920	0	1963264	1963258
24	9	7	4	2	19880	9	19920	1	1963323	1963321
8	14	10	4	2	19880	3	19920	0	1962715	1963270
25	11	4	7	2	19900	26	19940	23	1964995	1965523
19	7	14	7	2	19900	1	19940	25	1965696	1965694
29	4	2	8	2	19960	25	20000	17	1971236	1971228
3	12	31	0	2	19780	29	19788	20	1952700	1952692
7	5	26	9	2	19800	4	19808	27	1953427	1953429
19	7	15	6	2	19760	6	19780	30	1950299	1950294
28	8	7	6	2	19800	22	19840	14	1955146	1955149
11	0	22	14	2	19880	27	19888	18	1962029	1962025
4	6	23	9	2	19900	17	19908	8	1964124	1964126
7	3	26	10	2	19920	7	19928	30	1966250	1966256
29	6	2	7	2	19860	26	19900	18	1961954	1961944
19	5	2	4	2	19920	17	19960	11	1967154	1967299
9	3	17	9	2	19880	3	19888	26	1962745	1962741
4	12	30	0	2	19940	12	19928	3	1966706	1966709
25	5	7	7	2	19840	29	19880	21	1959167	1959162
6	2	27	11	2	19880	22	19888	13	1961593	1961594
1	13	13	6	2	19800	19	19840	20	1954907	1955782
10	4	26	10	2	19860	3	19868	26	1959665	1959643
2	12	30	0	2	19900	12	19908	3	1963696	1963691
6	4	26	8	2	20000	12	20008	3	1973014	1973011
16	15	3	4	2	19980	1	20020	3	1972001	1972949
13	1	20	13	2	19980	22	19988	13	1970858	1970861
31	1	4	11	2	19860	18	19900	10	1961255	1961254
0	5	16	12	2	19780	27	19768	31	1950078	1950497
13	2	20	11	2	19820	5	19848	4	1956616	1957391
0	4	22	12	2	19940	30	19948	16	1968261	1967943
23	10	11	4	2	19780	26	19800	18	1952469	1952478
7	1	28	14	2	19800	1	19808	24	1953150	1953152
3	12	31	0	2	19940	18	19948	9	1967245	1967237
29	3	4	9	2	19940	26	19960	18	1968015	1968008
8	2	22	10	2	19980	4	19988	27	1972327	1972288
23	10	11	4	2	19780	10	19820	2	1954084	1954097
19	5	13	8	2	19880	7	19920	31	1963193	1963192
26	0	7	13	2	20000	27	20040	19	1974602	1974604
5	7	29	7	2	19780	14	19788	5	1950942	1950984
3	9	30	5	2	19960	7	19968	30	1969263	1969186
28	3	7	9	2	19760	13	19800	5	1950875	1950871
27	0	3	15	2	19820	17	19860	9	1957749	1957742
29	11	5	2	2	19880	13	19920	5	1963764	1963725
0	13	29	1	2	20120	19	20128	10	1986799	1986794
8	4	26	9	2	20220	17	20228	8	1996094	1996089
1	10	31	4	2	20240	0	20248	23	1997448	1997451
16	1	16	12	2	20100	4	20128	27	1985331	1985318
18	7	15	6	2	20140	6	20180	30	1988714	1988713
19	6	14	7	2	20240	21	20280	13	1999431	1999422
8	14	3	10	2	20120	15	20140	30	1986440	1985541
3	13	29	1	2	20240	30	20248	21	1997235	1997236
4	12	29	1	2	20260	21	20268	12	1999442	1999444
23	3	15	6	2	20060	1	20100	25	1981773	1981772
24	7	8	6	2	20180	25	20220	17	1993673	1993669
18	6	14	7	2	20240	23	20280	15	1999703	1999687
11	0	21	12	2	20080	4	20088	27	1982033	1982039
10	5	23	9	2	20200	27	20208	18	1993889	1993892
18	12	15	1	2	20100	11	20140	3	1986060	1986063
5	3	29	10	2	20060	23	20068	14	1980783	1980777
16	13	2	14	2	20060	0	20100	29	1981726	1982202
14	1	20	13	2	20020	3	20028	26	1975374	1975370
8	13	25	1	2	20080	30	20088	21	1981481	1981486
1	5	29	9	2	20240	29	20248	20	1997200	1997192
23	10	11	4	2	20180	10	20200	2	1992304	1992281
6	4	27	9	2	20120	1	20128	24	1985145	1985144
9	11	25	1	2	20140	7	20148	30	1988825	1988828
15	3	11	6	2	20240	27	20260	12	1997016	1996389
31	14	5	0	2	20040	14	20080	6	1979801	1979806
19	5	9	9	2	20240	23	20280	14	1999724	1999584
20	15	13	1	2	20200	30	20220	22	1994246	1994247
11	1	25	13	2	20140	24	20148	15	1987424	1987429
11	1	21	10	2	20080	6	20088	29	1982358	1982360
27	4	5	9	2	20100	10	20140	2	1985962	1985953
2	8	13	5	2	20060	12	20080	30	1979601	1978897
11	0	22	14	2	20120	19	20128	10	1986867	1986860
13	2	21	12	2	20240	27	20248	18	1997028	1997024
5	15	7	6	2	20260	14	20280	0	1998756	1998184
28	8	7	6	2	20100	9	20140	1	1985854	1985862
17	11	15	1	2	20160	7	20200	31	1991940	1991942
14	14	3	5	2	20140	23	20160	15	1987305	1987311
7	2	27	11	2	20060	14	20068	5	1979855	1979850
14	11	12	11	2	20260	17	20280	9	1999129	1999183
18	6	14	7	2	20080	22	20120	14	1984079	1984073
27	0	4	7	2	20140	13	20180	5	1989464	1989459
23	8	7	5	2	20040	31	20080	23	1978141	1978140
19	12	18	15	2	20140	1	20148	23	1988222	1988114
6	2	29	12	2	20360	25	20368	16	2009581	2009599
16	1	16	14	2	20360	31	20368	22	2010086	2010111
29	13	8	5	2	20500	19	20540	11	2024704	2024717
13	7	6	8	2	20280	15	20320	7	2002144	2002143
4	6	17	8	2	20460	2	20468	14	2019881	2018932
31	0	13	5	2	20340	15	20380	7	2008662	2008663
27	0	7	11	2	20340	21	20380	13	2009235	2009244
29	14	5	0	2	20500	13	20540	5	2024169	2024178
7	1	25	12	2	20320	16	20328	7	2005444	2005436
7	10	25	4	2	20340	4	20348	27	2007699	2007700
12	10	12	4	2	20340	7	20360	31	2007979	2007975
17	11	14	1	2	20480	24	20520	16	2022007	2022009
8	13	25	0	2	20300	23	20308	14	2002957	2002956
3	12	18	8	2	20400	29	20408	20	2013151	2013154
7	2	31	11	2	20420	22	20428	13	2015604	2015596
8	12	7	11	2	20280	11	20300	3	2001799	2001788
5	1	31	13	2	20280	15	20288	6	2002161	2002172
1	2	29	10	2	20440	17	20448	8	2018374	2018367
23	8	8	5	2	20340	8	20360	0	2008075	2008080
3	8	27	5	2	20360	16	20348	7	2008797	2008769
11	1	22	13	2	20460	20	20448	11	2018656	2018642
4	6	29	7	2	20500	6	20508	29	2023467	2023468
25	11	3	4	2	20440	15	20460	4	2018189	2017774
15	11	9	4	2	20340	9	20360	0	2008164	2008081
6	4	8	5	2	20380	20	20400	10	2012258	2012074
20	9	12	4	2	20280	23	20320	15	2002971	2002980
6	4	27	10	2	20300	21	20308	12	2002687	2002689
25	12	8	1	2	20300	5	20340	29	2004355	2004354
2	0	21	11	2	20340	13	20348	29	2008531	2007919
26	3	26	5	2	20260	9	20288	3	2001594	2001883
20	6	13	7	2	20320	5	20360	29	2007806	2007814
9	3	25	11	2	20280	14	20288	5	2002078	2002079
8	13	25	0	2	20280	10	20288	1	2001720	2001719
7	2	26	11	2	20440	2	20448	25	2016803	2016778
28	3	7	10	2	20460	2	20480	26	2019913	2019901
13	1	20	12	2	20280	14	20288	5	2002093	2002131
30	13	21	8	2	20260	6	20288	29	2001401	2001385
29	3	22	12	2	20420	29	20448	24	2016300	2016665
13	0	20	13	2	20340	8	20348	31	2008138	2008141
1	8	28	5	2	20360	30	20368	21	2010078	2010079
23	11	10	2	2	20300	1	20320	25	2003989	2003992
20	3	7	11	2	20440	19	20480	11	2018645	2018573
3	12	29	1	2	20360	18	20368	9	2008956	2008951
20	9	11	0	2	20500	8	20520	0	2023605	2023608
7	9	25	4	2	20540	20	20548	11	2028393	2028396
10	4	6	10	2	20740	17	20760	9	2046704	2046705
20	6	14	7	2	20680	28	20700	20	2041366	2041351
22	13	11	0	2	20740	9	20780	1	2048871	2048879
17	11	0	11	2	20760	20	20800	12	2049896	2049901
7	3	21	4	2	20540	7	20548	31	2027099	2027234
7	3	28	10	2	20620	30	20628	21	2035478	2035474
9	0	20	13	2	20640	26	20648	17	2038098	2038107
21	1	14	2	2	20600	17	20640	9	2034263	2034262
5	1	18	12	2	20680	22	20688	20	2040712	2041431
2	14	22	10	2	20700	6	20708	29	2042456	2042460
14	8	9	4	2	20520	28	20540	20	2025898	2025907
3	9	31	3	2	20680	1	20688	24	2041803	2041809
18	11	14	2	2	20660	21	20700	13	2040586	2040583
25	2	5	13	2	20720	6	20740	30	2045702	2045701
2	14	29	1	2	20540	4	20528	27	2026790	2026784
9	3	29	14	2	20560	29	20568	20	2029220	2029232
17	14	21	11	2	20700	24	20728	16	2044294	2044450
15	3	17	9	2	20520	28	20528	19	2025920	2025913
9	3	23	9	2	20620	6	20628	29	2036263	2036265
17	14	15	1	2	20520	28	20540	20	2025918	2025926
20	3	13	9	2	20600	20	20640	12	2034528	2034510
14	0	19	13	2	20580	31	20588	22	2032522	2032524
14	1	20	13	2	20600	14	20608	5	2033985	2033977
16	1	16	13	2	20640	23	20648	14	2037838	2037845
28	3	3	11	2	20720	10	20760	2	2046030	2046024
7	13	25	1	2	20580	17	20588	8	2031225	2031219
26	15	25	1	2	20560	13	20588	8	2030775	2031219
23	12	9	1	2	20700	27	20740	19	2044772	2044785
12	13	23	14	2	20520	29	20528	20	2026042	2026037
7	10	26	2	2	20560	1	20568	24	2029596	2029594
13	1	20	13	2	20740	28	20748	19	2047722	2047726
19	6	14	7	2	20540	2	20580	26	2029717	2029718
25	9	8	5	2	20680	4	20720	28	2042198	2042207
29	14	5	0	2	20740	25	20760	17	2047441	2047431
2	12	18	8	2	20560	11	20568	2	2030596	2030598
15	3	20	11	2	20580	13	20588	4	2030794	2030803
2	13	30	0	2	20720	2	20728	25	2045348	2045339
23	11	12	5	2	20600	14	20620	6	2034007	2034009
23	8	9	4	2	20600	27	20640	19	2035272	2035266
18	6	12	8	2	20520	1	20560	27	2026486	2026721
5	7	30	6	2	20520	26	20528	17	2025722	2025720
11	0	3	12	2	20560	29	20580	22	2029290	2029337
5	14	24	1	2	20640	26	20648	17	2038167	2038164
23	8	9	5	2	20520	12	20560	4	2027623	2027622
23	12	9	1	2	20640	2	20680	26	2038863	2038880
25	10	7	5	2	20740	27	20780	19	2047652	2047691
15	3	18	11	2	20560	27	20568	18	2029048	2029042
9	1	30	6	2	20640	21	20648	17	2037572	2038080
27	4	6	7	2	20560	5	20580	29	2029945	2029944
24	9	9	5	2	20640	28	20680	20	2038247	2038277
7	5	28	9	2	21000	19	21008	10	2071802	2071801
25	9	8	5	2	20860	29	20900	21	2060431	2060422
20	6	20	12	2	20960	7	20988	30	2070548	2070543
16	15	28	9	2	20980	17	21008	10	2071585	2071801
8	5	27	15	2	20820	9	20828	0	2055455	2055445
31	1	0	13	2	20880	23	20920	15	2063180	2063175
5	7	29	6	2	20860	14	20868	5	2058981	2058987
11	0	20	12	2	20880	29	20888	20	2060454	2060432
12	13	7	9	2	20880	3	20900	27	2060968	2060965
11	1	22	14	2	20940	4	20948	27	2067343	2067344
15	3	19	9	2	20980	2	20988	25	2070130	2070131
18	12	15	1	2	20760	28	20800	20	2050759	2050758
29	9	2	3	2	20840	2	20880	26	2057687	2057693
2	0	29	12	2	20780	0	20788	23	2051113	2051110
14	1	19	13	2	20980	11	20988	2	2071034	2071052
25	12	6	1	2	20960	0	21000	24	2069860	2069868
25	2	3	13	2	20980	12	21020	4	2071145	2071160
3	0	31	14	2	20860	21	20868	12	2059598	2059592
2	8	31	6	2	20980	10	20988	1	2070905	2070908
26	11	16	13	2	20840	4	20848	27	2057922	2057928
13	1	21	12	2	20880	31	20888	22	2060669	2060664
19	2	3	13	2	20900	3	20940	0	2064139	2064680
8	2	26	12	2	20780	5	20788	28	2051619	2051618
9	1	21	10	2	20800	21	20808	12	2053281	2053276
29	14	5	1	2	20960	23	21000	15	2069108	2069112
5	1	27	12	2	20960	24	20968	15	2069199	2069190
8	7	21	6	2	21020	9	21028	1	2074111	2074209
24	15	11	0	2	20900	8	20940	0	2064689	2064682
13	0	20	12	2	20780	7	20788	30	2051840	2051846
8	4	25	8	2	20860	9	20868	0	2058460	2058473
12	13	29	13	2	20880	10	20888	1	2061768	2061771
6	4	10	6	2	21020	14	21040	6	2074675	2074669
13	0	23	9	2	20800	12	20808	3	2052333	2052334
14	1	18	11	2	20800	19	20808	10	2053050	2053038
23	0	2	14	2	20860	27	20900	13	2060292	2059632
1	13	28	14	2	20820	5	20828	29	2055118	2055244
1	8	30	5	2	20880	8	20888	31	2061612	2061605
18	12	13	7	2	20980	18	21020	10	2071778	2071777
17	14	19	13	2	21000	15	21028	6	2074772	2074775
2	13	18	9	2	20860	8	20848	25	2058353	2057729
24	7	8	5	2	20880	14	20920	6	2062402	2062340
29	6	0	8	2	20940	17	20980	9	2068629	2068626
19	2	14	7	2	20900	24	20940	23	2063222	2063804
7	10	24	4	2	21120	27	21128	18	2085596	2085595
7	9	24	4	2	21140	5	21148	28	2086560	2086565
23	5	8	8	2	21040	5	21060	29	2076807	2076814
12	2	21	12	2	21040	10	21048	1	2077339	2077331
4	11	29	1	2	21120	20	21128	11	2084789	2084812
19	7	13	6	2	21200	6	21220	30	2092614	2092587
12	10	13	7	2	21060	24	21100	19	2078849	2079141
1	10	31	4	2	21180	15	21188	6	2090335	2090330
25	11	10	4	2	21100	15	21140	7	2084354	2084383
19	0	21	9	2	21180	23	21188	14	2091158	2091151
14	11	5	13	2	21200	0	21220	21	2092018	2091744
7	2	26	11	2	21100	23	21108	14	2081931	2081920
31	1	10	4	2	21040	20	21100	21	2078372	2079367
0	15	8	8	2	21100	23	21120	15	2081933	2081983
25	10	7	3	2	21160	5	21200	29	2089456	2089470
19	12	12	3	2	21220	0	21260	19	2095029	2094581
18	7	15	6	2	21040	13	21080	5	2077749	2077762
20	9	1	2	2	21080	20	21120	7	2081625	2081143
8	2	25	12	2	21100	31	21108	22	2082643	2082635
8	4	26	10	2	21060	20	21068	11	2078399	2078397
13	7	21	8	2	21080	14	21088	5	2081081	2081083
8	4	18	12	2	21160	1	21168	24	2089105	2089095
14	13	30	3	2	21240	3	21248	29	2095337	2095626
12	2	21	12	2	21060	16	21068	7	2078051	2078052
23	8	12	5	2	21100	8	21140	0	2083651	2083653
0	10	31	3	2	21080	18	21088	9	2081411	2081412
9	1	20	13	2	21240	5	21248	28	2095537	2095540
7	1	25	12	2	21180	22	21188	13	2091072	2091026
18	7	14	7	2	21200	22	21240	14	2094121	2094116
19	6	14	7	2	21420	16	21460	8	2115221	2115219
19	7	13	7	2	21500	0	21540	24	2123043	2123058
7	9	25	4	2	21300	9	21308	0	2102096	2102089
8	4	26	9	2	21500	16	21508	7	2121422	2121407
12	11	25	11	2	21460	4	21468	27	2117089	2117078
23	3	26	9	2	21480	29	21488	22	2119537	2119781
25	9	9	4	2	21500	1	21540	25	2123232	2123225
4	11	26	2	2	21420	5	21428	28	2114178	2114183
19	7	13	7	2	21300	18	21340	10	2102946	2102958
8	5	24	8	2	21300	10	21308	1	2102192	2102196
10	15	30	5	2	21480	28	21488	19	2119487	2119483
23	1	12	5	2	21320	11	21360	3	2105326	2105333
29	9	6	4	2	21420	13	21460	5	2114911	2114908
10	5	22	9	2	21300	15	21308	6	2102672	2102665
24	5	9	7	2	21480	8	21520	0	2120594	2120576
29	9	2	4	2	21520	9	21560	1	2124040	2124045
10	4	25	11	2	21360	27	21368	18	2106976	2106973
10	15	25	3	2	21420	4	21428	27	2114115	2114116
9	13	25	0	2	21480	25	21488	16	2119179	2119185
2	13	19	9	2	21480	26	21488	26	2119277	2120108
6	15	25	1	2	21520	9	21528	0	2124039	2124041
23	8	11	6	2	21380	10	21420	2	2111566	2111560
17	11	3	4	2	21460	16	21500	3	2118335	2117818
14	0	19	13	2	21320	26	21328	17	2103737	2103741
4	0	28	14	2	21400	17	21408	8	2112216	2112207
24	9	7	4	2	21420	7	21460	31	2114377	2114381
27	9	5	7	2	21280	31	21320	23	2101178	2101188
29	11	2	1	2	21440	26	21480	18	2116145	2116146
7	13	25	0	2	21280	23	21288	14	2100436	2100428
29	9	6	3	2	21440	31	21480	23	2116591	2116606
7	9	25	4	2	21320	29	21328	20	2104058	2104060
18	7	15	6	2	21280	29	21320	21	2101039	2101050
17	0	16	14	2	21420	1	21428	24	2113888	2113886
13	2	20	11	2	21320	19	21328	10	2103067	2103076
4	13	30	0	2	21340	22	21348	13	2106512	2106506
16	15	21	8	2	21300	18	21328	16	2102989	2103676
6	2	26	10	2	21480	28	21488	19	2119533	2119529
7	2	23	0	2	21520	4	21528	24	2123586	2123291
28	3	4	9	2	21460	8	21480	0	2117472	2117473
24	5	5	8	2	21380	2	21420	26	2110810	2110807
18	15	4	11	2	21400	24	21440	19	2112803	2113196
23	0	11	9	2	21640	7	21680	31	2136207	2136208
8	7	24	5	2	21620	0	21628	23	2132482	2132476
7	2	11	6	2	21660	11	21680	31	2136661	2136224
6	15	25	0	2	21680	1	21688	24	2138890	2138882
7	2	21	8	2	21760	8	21768	3	2145979	2146379
25	9	9	4	2	21740	18	21780	10	2146970	2146988
9	13	14	2	2	21680	27	21700	19	2138307	2138316
29	6	4	8	2	21760	2	21800	26	2148542	2148536
13	0	20	13	2	21640	20	21648	11	2134248	2134249
3	6	24	4	2	21640	31	21648	16	2135405	2134760
1	10	30	4	2	21680	0	21688	23	2138746	2138740
31	5	5	8	2	21600	29	21640	21	2132216	2132215
2	0	31	14	2	21640	19	21648	10	2134133	2134122
26	2	7	11	2	21540	3	21580	27	2126630	2126620
24	7	21	9	2	21620	13	21628	2	2133571	2133429
11	1	22	13	2	21580	7	21588	30	2130189	2130181
7	1	27	10	2	21640	21	21648	12	2134350	2134346
1	11	31	3	2	21740	3	21748	26	2145517	2145515
23	8	8	5	2	21600	0	21640	24	2132520	2132517
3	8	28	6	2	21640	21	21648	12	2134354	2134349
23	12	9	1	2	21520	21	21560	13	2125304	2125293
12	13	29	13	2	21560	7	21568	27	2127064	2126761
1	4	31	9	2	21560	2	21568	25	2126521	2126522
9	11	24	4	2	21760	21	21768	12	2147341	2147339
15	12	18	8	2	21600	22	21628	20	2131668	2132286
23	10	7	4	2	21720	16	21760	8	2143456	2143455
14	0	19	14	2	21600	27	21608	18	2132127	2132108
7	2	25	11	2	21640	24	21648	15	2134740	2134738
14	11	17	8	2	21780	9	21788	28	2149275	2148893
28	8	2	5	2	21540	24	21560	16	2125619	2125615
27	1	16	14	2	21600	29	21628	23	2132262	2132534
21	9	12	5	2	21620	10	21640	2	2133411	2133402
20	6	14	7	2	21780	11	21820	3	2149440	2149518
13	0	20	11	2	21660	22	21668	13	2137680	2137682
19	0	18	15	2	21680	17	21708	8	2140306	2140284
18	11	13	2	2	21740	13	21780	5	2146509	2146442
3	13	24	8	2	21900	25	21908	12	2159810	2159421
26	2	6	10	2	21880	31	21920	23	2160415	2160429
27	9	3	2	2	22000	9	22040	1	2170881	2170887
8	4	28	10	2	21820	14	21828	5	2152671	2152668
3	9	31	4	2	21880	1	21888	24	2157552	2157541
29	12	11	4	2	21860	6	21900	30	2158022	2158023
9	11	25	1	2	21860	15	21868	6	2155783	2155786
12	2	21	10	2	21940	30	21948	21	2163704	2163705
14	0	21	10	2	22040	4	22048	27	2173469	2173461
27	4	6	9	2	21820	25	21860	17	2153647	2153643
22	13	11	0	2	21880	21	21920	13	2159420	2159423
7	1	21	9	2	21880	17	21888	8	2159014	2159010
16	13	13	2	2	21800	0	21820	22	2151406	2151245
19	7	15	6	2	21820	0	21860	24	2154351	2154354
16	2	13	13	2	21840	15	21880	7	2155799	2155797
0	5	18	9	2	21840	3	21848	1	2154634	2155322
8	12	24	1	2	21940	0	21948	23	2163945	2163940
19	4	19	14	2	21820	27	21828	9	2153881	2153014
25	9	8	5	2	21840	18	21880	10	2156034	2156028
27	1	5	13	2	21920	21	21940	13	2162846	2162852
31	14	5	1	2	21940	10	21960	2	2164934	2164926
11	0	20	11	2	21860	19	21868	10	2156155	2156159
14	15	22	15	2	22020	19	22028	7	2171839	2171562
18	11	6	7	2	21980	19	22000	4	2168744	2168118
0	13	31	2	2	21920	18	21928	9	2162557	2162556
2	12	24	4	2	21920	25	21928	16	2163287	2163283
27	4	4	9	2	21880	13	21900	5	2158687	2158700
10	11	15	10	2	21880	17	21920	15	2159052	2159676
6	15	25	0	2	21940	30	21948	21	2163735	2163738
18	11	17	13	2	21940	16	21968	15	2165494	2166247
14	8	19	13	2	21820	23	21828	14	2153513	2153514
11	0	23	15	2	21980	7	21988	30	2167763	2167762
9	3	27	11	2	21820	5	21828	28	2151858	2151822
19	12	14	2	2	21800	6	21840	30	2151925	2151944
31	13	6	1	2	21920	23	21960	15	2163093	2163092
2	13	29	1	2	21840	3	21848	26	2154712	2154714
24	9	8	2	2	21940	9	21960	1	2164851	2164856
1	13	29	1	2	21940	5	21948	28	2164412	2164374
18	4	15	10	2	22000	23	22040	15	2172188	2172187
2	12	30	2	2	22220	2	22228	25	2192980	2192982
3	9	7	9	2	22240	24	22280	25	2195170	2196029
29	9	7	5	2	22040	24	22080	16	2175472	2175467
18	7	15	6	2	22080	7	22120	31	2180495	2180496
31	1	6	10	2	22220	17	22260	9	2194533	2194534
5	3	31	11	2	22120	1	22128	24	2183096	2183101
13	1	20	12	2	22160	28	22168	19	2185932	2185927
7	5	26	9	2	22220	4	22228	27	2193193	2193204
21	6	18	8	2	22180	3	22208	27	2189740	2189782
25	5	14	3	2	22240	27	22280	19	2195551	2195550
12	2	21	11	2	22160	28	22168	19	2185933	2185937
5	3	26	10	2	22240	18	22248	9	2194627	2194632
15	3	25	8	2	22260	3	22268	26	2196220	2196225
20	3	22	2	2	22240	0	22268	23	2195901	2195906
11	0	20	11	2	22100	11	22108	2	2180879	2180880
27	9	8	5	2	22060	5	22100	29	2176913	2176914
23	12	9	1	2	22040	30	22080	22	2176148	2176147
31	3	28	5	2	22040	31	22068	13	2176223	2175284
11	13	25	0	2	22080	20	22088	11	2178457	2178450
7	10	12	4	2	22180	27	22200	13	2188924	2188422
5	1	29	12	2	22220	24	22228	15	2191899	2191936
10	11	25	0	2	22220	3	22228	26	2193140	2193124
11	1	31	12	2	22240	12	22248	3	2193997	2193988
31	5	3	9	2	22120	7	22160	31	2183697	2183693
23	0	11	12	2	22220	14	22260	6	2194185	2194189
28	3	7	9	2	22060	9	22100	1	2177368	2177370
13	0	19	13	2	22060	26	22068	17	2175726	2175723
0	15	3	1	2	22080	23	22120	23	2178859	2179727
26	15	10	6	2	22240	27	22280	19	2195588	2195589
8	2	26	11	2	22100	6	22108	29	2180426	2180419
3	13	26	5	2	22160	0	22168	23	2186357	2186356
10	4	22	9	2	22260	29	22268	20	2195742	2195746
24	5	9	7	2	22280	3	22320	27	2199359	2199369
14	0	19	15	2	22100	29	22108	20	2179529	2179522
19	2	19	15	2	22080	4	22108	20	2180260	2179522
31	1	1	13	2	22240	20	22260	12	2194864	2194891
14	15	23	15	2	22120	24	22128	15	2182216	2182220
8	6	28	7	2	22160	24	22148	15	2185580	2185552
7	9	24	5	2	22380	30	22388	21	2208425	2208430
0	10	30	2	2	22380	4	22388	27	2209054	2209060
17	14	4	5	2	22360	23	22400	12	2207703	2207429
21	6	13	6	2	22460	27	22500	19	2217692	2217695
11	1	20	11	2	22340	29	22348	20	2205065	2205052
3	12	16	8	2	22460	17	22468	0	2216643	2215784
3	9	31	4	2	22520	9	22528	0	2222020	2222010
9	9	24	4	2	22340	27	22348	18	2204834	2204846
8	14	25	0	2	22380	27	22388	18	2208129	2208118
6	2	1	11	2	22420	12	22460	10	2212857	2213409
10	13	9	13	2	22520	10	22560	7	2222124	2222708
23	11	13	7	2	22380	6	22420	30	2209344	2209343
19	7	14	7	2	22380	17	22420	9	2210330	2210340
9	3	23	11	2	22300	23	22308	14	2201369	2201368
2	8	29	3	2	22500	29	22508	20	2220895	2220873
3	12	30	2	2	22520	16	22528	7	2222798	2222793
31	1	3	13	2	22440	6	22480	30	2215445	2215455
9	3	23	9	2	22380	4	22388	27	2209112	2209134
5	5	28	9	2	22400	15	22408	6	2210123	2210125
9	1	23	12	2	22420	28	22408	19	2211342	2211340
23	11	10	2	2	22300	31	22340	23	2202253	2202272
28	8	3	5	2	22420	22	22460	14	2213894	2213895
10	8	2	6	2	22320	31	22340	30	2202260	2202906
14	8	11	0	2	22360	5	22380	1	2206021	2206315
27	9	6	4	2	22300	1	22340	25	2202414	2202394
10	4	22	10	2	22440	27	22448	18	2214384	2214402
30	11	3	2	2	22380	1	22400	25	2208842	2208852
27	4	0	8	2	22460	27	22500	19	2217738	2217735
7	5	25	8	2	22440	29	22448	20	2214636	2214638
28	8	5	5	2	22360	22	22400	14	2207688	2207684
3	9	30	4	2	22320	26	22328	17	2201724	2201718
29	11	3	2	2	22400	20	22420	12	2210681	2210676
20	6	13	7	2	22500	29	22540	21	2220909	2220910
28	8	8	6	2	22500	31	22540	23	2221094	2221117
9	11	25	1	2	22500	24	22508	15	2220415	2220403
18	11	24	8	2	22380	3	22388	22	2209055	2208643
10	11	25	1	2	22300	20	22308	11	2201087	2201086
5	3	26	10	2	22540	5	22548	28	2224673	2224650
19	12	11	0	2	22320	10	22360	2	2203225	2203207
15	3	18	12	2	22620	9	22628	0	2231632	2231634
28	3	7	10	2	22760	7	22800	31	2247489	2247495
7	2	26	12	2	22640	28	22648	19	2233500	2233504
1	2	31	12	2	22740	6	22748	29	2244303	2244292
18	6	15	6	2	22580	19	22620	11	2229396	2229392
11	0	22	13	2	22740	6	22748	29	2244304	2244301
29	0	29	13	2	22580	19	22608	9	2229408	2229298
29	11	11	6	2	22680	14	22720	11	2238565	2239085
10	4	26	9	2	22600	17	22608	9	2229200	2229308
28	3	7	10	2	22540	11	22580	3	2225342	2225351
17	14	15	1	2	22740	17	22780	9	2245397	2245420
26	5	7	9	2	22780	25	22820	17	2249392	2249383
8	7	28	7	2	22660	31	22668	22	2237148	2237139
9	11	2	9	2	22640	31	22660	23	2233763	2233756
5	14	3	9	2	22680	3	22700	27	2237510	2237502
25	5	8	8	2	22660	27	22700	19	2236690	2236678
29	12	5	1	2	22720	7	22760	31	2244455	2244459
11	1	20	12	2	22560	9	22568	0	2225150	2225138
8	5	20	12	2	22660	28	22668	19	2236769	2236768
31	13	1	0	2	22580	13	22620	5	2228838	2228840
23	8	11	6	2	22780	19	22820	11	2248850	2248841
19	7	13	7	2	22560	4	22600	28	2227880	2227881
29	9	4	3	2	22720	30	22760	22	2243552	2243554
19	12	13	1	2	22600	8	22640	0	2231546	2231547
13	1	20	13	2	22680	8	22688	31	2238040	2238042
17	14	2	8	2	22580	19	22620	11	2229429	2229440
27	9	7	5	2	22740	18	22780	10	2245498	2245496
10	4	21	8	2	22560	23	22568	14	2226594	2226589
17	14	15	1	2	22540	18	22580	10	2225984	2225982
25	12	8	1	2	22660	28	22700	20	2236813	2236809
7	2	27	12	2	22560	15	22568	6	2225783	2225795
21	9	10	4	2	22660	4	22700	28	2237646	2237652
13	0	20	13	2	22560	19	22568	10	2226150	2226105
6	2	26	11	2	22560	25	22568	16	2226776	2226779
26	0	15	6	2	22680	25	22720	17	2239651	2239672
29	14	5	1	2	22780	21	22820	13	2249011	2248956
11	1	23	12	2	22940	12	22948	3	2263973	2263965
23	10	9	3	2	22980	1	23020	25	2269311	2269321
8	13	25	0	2	22860	5	22868	28	2256781	2256788
5	1	31	12	2	22860	25	22868	16	2255746	2255761
16	1	16	12	2	23000	17	23008	8	2270947	2270943
15	11	24	14	2	22900	6	22908	21	2260122	2259242
28	8	4	5	2	22820	26	22840	18	2252867	2252861
13	1	20	12	2	22820	12	22808	3	2251446	2251450
29	11	6	3	2	22840	23	22880	15	2255538	2255542
27	0	15	6	2	22980	4	23020	4	2269595	2270430
21	6	9	5	2	22800	7	22840	31	2250886	2250884
31	0	24	15	2	22840	12	22868	12	2254537	2255360
31	13	3	4	2	23040	21	23060	13	2274723	2274703
18	7	14	7	2	22800	13	22840	5	2251567	2251565
23	10	25	14	2	23000	13	23008	11	2270526	2271301
4	12	9	4	2	22860	23	22880	19	2255572	2255969
7	2	25	11	2	23020	2	23028	25	2272806	2272803
0	2	28	9	2	23040	21	23048	12	2274749	2274752
8	13	25	0	2	22820	25	22828	16	2252792	2252785
5	5	28	7	2	22900	31	22908	22	2259340	2259349
22	13	11	0	2	22860	13	22900	5	2257633	2257623
23	11	9	1	2	23000	25	23040	17	2271884	2271883
14	1	20	13	2	22820	18	22828	9	2252135	2252130
8	2	26	12	2	22880	18	22888	9	2258111	2258110
16	1	17	14	2	22940	1	22968	24	2266196	2266200
29	9	3	4	2	22940	1	22980	25	2266210	2266201
0	2	3	12	2	22820	25	22840	17	2252805	2252796
4	6	27	5	2	22920	28	22928	19	2262452	2262454
14	6	14	3	2	22980	15	23000	7	2267608	2267552
26	2	7	11	2	23020	1	23040	25	2272713	2272714
3	8	30	5	2	22920	2	22928	25	2263054	2263081
4	11	27	3	2	22940	19	22948	10	2264769	2264762
7	2	30	13	2	23020	30	23028	21	2272361	2272359
3	8	26	5	2	22820	24	22828	15	2252744	2252721
17	14	23	12	2	22840	15	22848	6	2254861	2254904
24	9	8	5	2	22900	20	22940	12	2261664	2261668
20	6	13	7	2	22800	17	22840	9	2251877	2251882
23	11	10	2	2	22900	21	22940	13	2261698	2261689
24	9	8	5	2	22920	10	22960	2	2263784	2263758
10	4	24	8	2	23100	20	23108	11	2281100	2281098
16	1	17	13	2	23060	18	23088	9	2277625	2277627
25	11	10	4	2	23140	24	23160	16	2284571	2284566
7	1	25	11	2	23140	13	23148	4	2283414	2283411
27	4	4	9	2	23060	15	23100	7	2277320	2277315
14	13	10	4	2	23140	28	23180	19	2284959	2284905
27	13	5	0	2	23240	15	23280	7	2296196	2296199
17	12	21	12	2	23260	30	23288	27	2297708	2298327
4	13	29	1	2	23140	18	23148	9	2283895	2283914
17	0	16	13	2	23080	0	23088	23	2279049	2279052
26	11	10	4	2	23280	19	23320	11	2299695	2299694
4	11	18	12	2	23100	4	23088	27	2279457	2279455
28	3	4	11	2	23180	14	23220	6	2289822	2289817
14	0	17	8	2	23140	29	23148	20	2285075	2285073
9	0	21	11	2	23280	0	23288	23	2297934	2297941
25	9	7	4	2	23160	31	23200	23	2288468	2288470
26	11	5	1	2	23200	22	23220	14	2290624	2290618
5	7	8	15	2	23180	30	23200	22	2288382	2288381
13	1	9	14	2	23300	15	23320	7	2299279	2299286
26	11	1	0	2	23180	8	23220	0	2289349	2289361
26	0	3	15	2	23180	9	23220	1	2289406	2289405
10	4	23	9	2	23060	3	23068	26	2276271	2276266
0	4	31	9	2	23100	21	23108	12	2281290	2281297
28	8	26	8	2	23100	2	23128	26	2282416	2282509
19	12	16	14	2	23200	5	23228	25	2292015	2291747
13	2	16	12	2	23100	14	23108	15	2280606	2281599
25	12	8	2	2	23280	15	23320	7	2299292	2299289
10	8	24	5	2	23060	2	23068	25	2276212	2276158
15	3	19	10	2	23280	7	23288	30	2298600	2298573
18	7	9	7	2	23080	13	23120	8	2280532	2280843
19	0	16	12	2	23160	17	23168	10	2287130	2287345
29	9	4	5	2	23180	8	23220	0	2289312	2289271
3	6	29	7	2	23480	12	23488	3	2318134	2318135
3	0	30	12	2	23480	18	23488	9	2318711	2318720
5	14	2	8	2	23400	3	23440	6	2310883	2311873
5	15	5	5	2	23460	29	23500	28	2316589	2317234
17	14	17	8	2	23500	12	23528	3	2321319	2321337
7	10	25	4	2	23380	14	23388	5	2308839	2308838
26	2	5	13	2	23300	5	56630798	29	2301597	2301604
14	0	12	3	2	23340	2	23380	0	2304459	2305095
20	9	13	5	2	23300	7	56630798	31	2301828	2301818
25	1	11	13	2	23460	6	23500	30	2317509	2317515
4	6	28	7	2	23500	3	23508	26	2320471	2320459
19	5	13	9	2	23420	25	23460	17	2312990	2313003
25	9	7	4	2	23460	4	23500	28	2317241	2317251
13	0	18	9	2	23480	5	23488	28	2317394	2317408
3	12	29	3	2	23520	19	23528	10	2322110	2322112
23	11	8	0	2	23300	11	56630798	3	2302214	2302219
21	9	12	4	2	23480	21	23520	13	2319043	2319052
6	4	26	8	2	23500	1	23508	24	2320255	2320256
17	14	31	12	2	23440	10	23448	2	2314762	2314876
3	0	1	13	2	23520	10	23540	2	2321170	2321169
28	8	16	13	2	23340	12	23368	3	2305497	2305499
24	2	7	13	2	23380	27	23420	19	2310100	2310097
7	9	24	4	2	23340	26	23348	17	2303645	2303649
20	9	12	4	2	23340	1	23360	25	2304380	2304383
7	1	28	14	2	23420	16	23428	7	2312105	2312119
7	5	26	8	2	23480	9	23488	0	2317853	2317847
9	9	25	4	2	23360	27	23368	18	2306973	2306972
3	9	31	4	2	23500	27	23508	18	2319705	2319708
9	9	6	15	2	23540	31	23560	23	2323585	2323582
25	12	9	1	2	23520	24	23560	16	2322753	2322751
15	12	21	6	2	23340	3	23348	24	2304587	2304424
7	1	25	12	2	23380	14	23388	5	2308920	2308908
3	12	30	2	2	23520	11	23528	2	2321294	2321300
16	2	17	14	2	23520	4	23548	27	2324003	2324005
0	5	3	10	2	23520	17	23540	10	2321928	2322021
26	11	8	1	2	23340	14	23380	6	2305762	2305767
28	3	2	13	2	23360	4	23400	2	2307946	2308569
23	8	9	3	2	23420	25	23460	17	2313053	2313046
3	12	30	0	2	23460	18	23468	9	2315439	2315426
19	2	13	9	2	23400	29	23420	21	2310213	2310262
6	4	27	10	2	23720	29	23728	20	2342035	2342063
14	9	11	4	2	23620	12	23640	4	2330900	2330897
12	11	22	11	2	23620	17	23628	8	2331350	2331348
1	13	31	0	2	23560	23	23568	14	2325735	2325737
13	2	20	13	2	23600	0	23608	23	2329896	2329903
26	11	14	3	2	23620	2	23660	26	2332807	2332799
16	1	16	10	2	23760	22	23788	13	2347989	2347995
18	7	15	6	2	23780	25	23800	17	2348263	2348254
0	4	31	7	2	23580	22	23588	13	2328744	2328737
3	8	28	5	2	23740	8	23748	31	2343197	2343189
25	12	8	1	2	23580	29	23620	21	2329562	2329572
19	6	14	7	2	23760	4	23780	28	2346105	2346104
6	4	29	10	2	23600	1	23608	24	2329963	2329960
30	13	3	1	2	23780	27	23820	19	2348466	2348478
13	7	19	9	2	23600	25	23608	16	2329043	2329045
4	6	28	6	2	23740	23	23748	14	2345010	2345000
10	11	24	1	2	23560	0	23568	23	2326597	2326584
4	13	14	1	2	23580	4	23580	22	2327014	2326414
8	6	26	8	2	23560	24	23568	15	2325857	2325864
31	3	26	8	2	23540	22	23568	15	2325672	2325864
23	11	9	3	2	23760	9	23800	1	2346659	2346650
23	12	10	2	2	23760	17	23800	9	2347486	2347479
15	4	7	3	2	23580	7	23580	18	2325011	2326025
24	2	10	11	2	23700	19	23740	11	2341145	2341149
21	9	12	5	2	23700	27	23740	19	2341925	2341930
29	11	26	10	2	23540	22	23548	7	2325675	2325076
25	11	5	0	2	23700	23	23740	15	2341539	2341528
3	0	27	12	2	23580	20	23588	11	2328622	2328618
15	3	22	10	2	23740	19	23748	10	2344487	2344480
13	1	22	14	2	23600	29	23608	20	2329587	2329598
14	0	19	12	2	23760	29	23768	20	2345474	2345475
23	3	11	6	2	23740	17	23760	9	2344228	2344239
12	2	22	11	2	23580	11	23588	2	2327694	2327691
31	1	1	12	2	23600	23	23640	15	2331902	2331909
24	7	7	5	2	23740	26	23780	18	2345293	2345250
13	1	20	13	2	23560	26	23568	17	2325979	2325956
14	6	18	8	2	23700	13	23708	4	2340394	2340420
18	6	8	6	2	23640	13	23660	6	2333825	2333955
31	10	2	3	2	23660	8	23700	0	2336576	2336616
19	7	13	7	2	23780	9	23820	1	2349803	2349757
10	4	22	9	2	23880	20	23888	11	2357673	2357669
5	1	15	6	2	23900	22	23940	12	2360888	2360739
14	6	18	8	2	23880	25	23888	16	2358119	2358118
2	0	4	11	2	24020	9	24040	28	2371930	2371266
0	7	29	7	2	23940	20	23948	11	2363784	2363783
23	2	21	5	2	23940	24	23948	20	2364158	2364576
6	4	26	9	2	23900	20	23908	11	2360742	2360745
4	6	13	5	2	23980	20	24000	10	2366985	2366700
25	5	8	0	2	23900	3	23940	27	2362211	2362221
12	8	24	5	2	23960	12	23968	4	2366210	2366302
21	9	30	5	2	23900	22	23908	13	2360926	2360925
7	2	25	11	2	23880	3	23888	26	2359084	2359079
14	0	19	12	2	24040	1	24048	24	2374393	2374388
25	9	9	4	2	23860	23	23900	15	2357955	2357947
7	5	28	6	2	23940	14	23948	5	2363304	2363310
5	1	26	11	2	23960	18	23968	9	2366770	2366775
18	7	15	6	2	23820	6	23860	30	2353055	2353061
27	4	6	8	2	24040	28	24060	21	2373929	2373915
13	1	20	11	2	24040	26	24048	17	2373692	2373693
28	8	9	5	2	23840	21	23860	13	2354519	2354510
12	13	23	9	2	23940	20	23948	16	2363838	2364293
31	14	6	1	2	23900	28	23940	20	2361503	2361506
19	0	13	14	2	23960	30	24000	23	2368101	2368110
16	2	5	3	2	23980	1	24000	24	2368392	2368167
18	12	15	1	2	23880	28	23900	20	2358395	2358396
19	12	13	1	2	24020	21	24060	14	2373120	2373124
14	13	2	14	2	23900	30	23940	29	2361727	2362420
26	0	7	13	2	23820	18	23860	10	2354268	2354267
20	9	14	2	2	23920	15	23960	8	2363466	2363460
24	2	14	1	2	23980	1	24020	27	2368411	2368503
7	1	29	12	2	23840	17	23848	8	2354192	2354189
3	9	31	4	2	23980	31	23988	22	2368191	2368193
23	8	9	6	2	23820	1	23840	25	2352420	2352409
12	8	4	9	2	24000	20	24040	22	2370056	2370884
22	3	30	4	2	23820	5	23828	29	2352971	2353093
5	7	2	4	2	23940	24	23960	12	2364135	2363665
9	9	24	4	2	24180	12	24188	3	2388422	2388423
1	10	17	8	2	24260	19	24268	18	2395266	2396078
19	7	14	7	2	24140	15	24180	8	2385533	2385530
19	4	17	8	2	24240	18	24268	18	2395179	2396078
4	12	29	1	2	24120	8	24128	31	2381666	2381670
21	9	12	5	2	24100	10	24140	3	2381856	2381855
23	1	3	9	2	24200	6	24240	30	2390790	2390667
4	6	18	12	2	24160	12	24168	8	2385273	2385751
13	11	0	6	2	24060	18	24100	15	2376070	2376445
4	11	25	0	2	24300	30	24308	21	2399508	2399509
15	3	17	9	2	24100	15	24108	6	2379008	2379006
16	15	15	6	2	24200	0	24240	25	2390248	2390254
8	13	27	3	2	24100	15	24108	6	2379028	2379012
7	5	26	8	2	24160	16	24168	7	2385659	2385655
23	0	8	1	2	24040	10	24100	11	2375305	2376094
29	11	0	1	2	24100	24	24120	17	2379939	2379946
18	11	14	2	2	24200	0	24240	25	2390256	2390269
13	1	19	13	2	24100	13	24108	4	2378823	2378824
8	6	28	7	2	24180	10	24188	1	2388221	2388228
24	2	27	11	2	24200	3	24208	19	2390567	2389924
19	6	15	6	2	24240	9	24280	2	2394347	2394351
9	0	24	14	2	24200	25	24208	16	2389678	2389681
26	5	4	8	2	24220	17	24240	10	2391900	2391902
3	13	29	1	2	24280	16	24288	7	2398146	2398140
19	12	14	2	2	24040	13	24080	6	2375635	2375639
29	6	5	7	2	24240	20	24280	13	2395383	2395384
14	1	19	12	2	24140	20	24128	11	2383003	2383012
3	8	28	5	2	24160	13	24168	4	2385405	2385367
19	6	14	7	2	24160	2	24200	27	2387451	2387444
25	1	8	11	2	24260	7	24300	0	2397244	2397247
13	11	31	14	2	24220	20	24228	2	2392266	2391370
26	11	2	1	2	24040	10	24080	3	2375355	2375358
14	15	18	13	2	24080	7	24108	5	2378181	2378973
13	0	19	12	2	24100	14	24108	5	2378975	2378979
1	11	6	8	2	24080	27	24100	20	2377082	2377089
12	2	22	13	2	24080	8	24088	31	2378368	2378322
8	12	25	0	2	24240	11	24248	2	2394545	2394553
15	12	8	6	2	24260	21	24280	14	2395522	2395520
8	2	26	11	2	24180	14	24188	5	2388590	2388591
29	4	4	9	2	24080	19	24120	12	2379476	2379464
31	3	7	10	2	24380	22	24420	15	2408311	2408309
8	12	30	4	2	24380	19	24388	10	2407950	2407949
15	3	19	13	2	24440	10	24448	1	2413294	2413290
13	9	5	1	2	24400	5	24420	30	2409685	2409696
5	5	27	9	2	24400	8	24408	31	2409988	2410002
7	5	30	13	2	24500	3	24508	31	2419048	2419539
14	0	19	14	2	24320	9	24328	0	2400530	2400531
15	3	18	9	2	24500	11	24508	2	2419870	2419875
27	1	7	11	2	24360	31	24400	24	2405786	2405803
5	3	19	10	2	24420	26	24428	23	2411853	2412322
5	1	30	13	2	24540	21	24548	12	2424174	2424170
11	0	23	14	2	24420	15	24428	6	2410624	2410628
13	0	20	13	2	24500	29	24508	20	2418420	2418413
15	3	18	11	2	24420	20	24428	11	2411195	2411204
2	0	31	12	2	24500	6	24508	29	2419301	2419298
14	0	18	15	2	24360	18	24368	9	2404546	2404542
8	2	26	12	2	24360	27	24368	18	2405389	2405381
5	5	28	9	2	24380	19	24388	10	2408037	2408030
8	12	24	1	2	24560	25	24568	16	2424517	2424504
1	8	26	5	2	24560	30	24568	21	2424975	2424970
29	12	5	1	2	24400	13	24440	6	2410444	2410460
18	4	25	13	2	24440	25	24468	26	2414796	2415751
25	2	8	11	2	24440	17	24480	10	2413981	2413973
4	11	5	9	2	24460	5	24500	27	2415992	2415685
18	12	20	13	2	24380	30	24408	16	2409065	2408614
17	11	4	8	2	24480	4	24520	31	2419175	2419314
8	5	9	9	2	24380	23	24420	16	2408473	2408469
8	13	25	0	2	24500	29	24508	20	2418447	2418450
19	7	14	7	2	24300	15	24340	8	2401110	2401120
30	11	5	2	2	24400	4	24420	29	2409637	2409649
10	8	24	5	2	24360	23	24368	14	2405058	2405064
29	13	5	0	2	24420	2	24460	27	2412569	2412576
14	6	28	9	2	24380	17	24388	11	2407819	2408139
3	9	30	3	2	24400	0	24408	23	2409322	2409324
17	14	9	5	2	24480	22	24500	11	2417835	2417469
25	2	6	10	2	24520	4	24560	29	2422621	2422622
1	8	28	6	2	24520	17	24528	8	2420421	2420375
21	9	12	5	2	24320	20	24340	13	2401565	2401571
14	15	13	5	2	24660	8	24680	1	2435248	2435252
6	4	27	11	2	24680	29	24688	20	2437494	2437481
21	6	11	8	2	24560	19	24600	12	2426855	2426854
2	12	24	4	2	24600	4	24608	27	2428508	2428507
14	12	1	15	2	24720	27	24740	15	2440440	2439800
8	5	26	8	2	24580	27	24588	18	2427606	2427604
19	5	26	15	2	24660	11	24668	2	2435546	2435541
10	11	24	1	2	24620	29	24628	20	2431017	2431019
30	11	5	3	2	24560	8	24600	1	2425960	2425963
18	15	8	6	2	24640	30	24680	23	2434321	2434316
19	4	14	13	2	24760	15	24800	8	2445527	2445524
19	12	15	1	2	24600	18	24640	11	2429843	2429837
11	1	20	0	2	24700	7	24688	21	2438437	2437629
5	3	26	9	2	24800	15	24808	6	2448801	2448808
31	10	6	3	2	24680	10	24720	3	2438626	2438621
22	3	10	11	2	24740	27	24780	20	2443657	2443658
8	7	22	10	2	24700	6	24708	29	2438322	2438329
14	1	20	13	2	24740	16	24748	7	2442629	2442631
21	9	11	4	2	24620	14	24660	7	2432776	2432796
27	4	5	9	2	24640	21	24660	14	2433547	2433550
27	4	7	9	2	24700	26	24740	19	2440284	2440281
11	0	23	15	2	24640	17	24648	8	2433142	2433154
9	0	17	9	2	24720	24	24708	15	2440041	2440042
14	0	19	13	2	24740	14	24748	5	2442487	2442507
23	12	10	2	2	24700	19	24740	12	2439511	2439495
0	10	28	7	2	24560	10	24568	30	2426210	2425927
11	15	18	9	2	24760	19	24768	10	2445940	2445920
17	0	30	0	2	24680	8	24708	3	2438509	2438798
16	15	14	3	2	24740	0	24780	25	2444099	2444105
11	13	12	4	2	24640	8	24660	10	2432166	2433148
24	15	11	13	2	24680	31	24720	3	2437727	2438637
5	3	26	10	2	24580	20	24588	11	2426992	2426987
14	9	9	3	2	24640	12	24660	14	2432641	2433574
8	13	24	1	2	24680	24	24688	15	2437164	2437162
23	11	9	1	2	24680	28	24700	21	2437469	2437473
24	5	9	9	2	24800	21	24820	14	2449427	2449431
14	6	18	8	2	24620	21	24628	12	2430374	2430297
25	2	7	11	2	24560	14	24600	7	2426507	2426533
11	11	12	3	2	24720	0	24740	20	2440911	2440322
30	11	5	3	2	24640	26	24680	19	2433958	2433963
7	15	10	2	2	25000	27	25020	21	2469340	2469402
10	13	18	15	2	25040	25	25028	11	2472216	2471769
29	0	8	13	2	24940	0	24980	3	2463501	2464471
7	9	30	5	2	24860	15	24868	6	2455111	2455104
7	5	28	9	2	24880	25	24888	16	2456236	2456234
27	4	31	12	2	24860	25	24868	15	2456230	2456096
25	9	7	3	2	25020	17	25040	10	2471550	2471558
12	2	31	4	2	24840	0	24868	31	2453690	2454469
29	9	7	5	2	24820	23	24860	16	2452821	2452837
29	12	5	2	2	24940	1	24960	26	2463620	2463632
29	9	3	4	2	25020	27	25060	20	2472411	2472409
15	3	18	12	2	24820	8	24828	31	2451371	2451378
15	3	18	11	2	24860	13	24868	4	2454908	2454940
25	5	6	8	2	24900	31	24940	24	2460030	2460031
29	3	7	9	2	24920	13	24940	6	2461605	2461609
29	0	0	15	2	25020	3	25060	28	2473254	2473252
5	3	27	12	2	25040	1	25048	29	2473074	2473606
8	5	27	9	2	24860	23	24868	14	2455986	2455980
4	11	29	1	2	24960	16	24968	7	2465114	2465111
6	4	26	9	2	24980	1	24988	24	2466697	2466690
18	7	14	7	2	24900	0	24940	25	2460086	2460085
27	1	5	13	2	25040	20	25080	13	2474902	2474918
26	5	9	7	2	24880	8	24920	1	2457773	2457767
9	11	24	1	2	24960	8	24948	31	2464283	2464282
15	3	25	12	2	25060	16	25068	7	2474426	2474421
23	12	10	2	2	24960	20	24980	13	2465480	2465486
1	8	26	12	2	24840	24	24828	6	2452927	2452127
23	0	11	12	2	24900	1	24940	26	2460181	2460194
27	4	5	9	2	25000	8	25040	1	2470725	2470737
11	0	22	14	2	24900	17	24908	8	2458674	2458668
18	6	16	12	2	24900	1	24908	23	2460192	2460108
11	15	7	4	2	24940	2	24960	20	2463752	2463123
17	14	22	9	2	24980	20	25008	8	2468647	2468350
8	5	25	8	2	24820	7	24828	30	2451320	2451323
13	2	23	11	2	25020	15	25028	13	2471417	2471990
24	7	27	12	2	24800	1	24828	24	2450633	2450625
25	1	5	13	2	24880	15	24920	8	2458517	2458529
0	5	31	15	2	24860	11	24868	2	2454768	2454770
7	9	2	12	2	24920	10	24940	3	2461350	2461286
5	7	30	6	2	25000	26	25008	17	2469330	2469334
20	9	21	11	2	24900	1	24908	14	2460272	2459302
23	1	13	2	2	24900	10	24960	7	2461285	2461814
21	6	2	12	2	24900	10	24940	3	2461289	2461286
15	3	18	11	2	24980	7	24988	30	2467304	2467258
24	5	10	8	2	24940	15	24980	8	2464909	2464967
2	0	30	13	2	25200	8	25208	31	2489178	2489175
10	8	24	4	2	25280	12	25288	3	2495966	2495972
1	2	28	10	2	25200	27	25208	18	2487880	2487877
14	1	18	12	2	25220	13	25228	4	2489680	2489673
11	0	23	14	2	25060	28	25068	19	2475654	2475641
15	3	18	11	2	25220	21	25228	12	2490423	2490412
19	2	26	9	2	25160	12	25188	13	2486264	2487249
7	1	16	9	2	25160	18	25168	18	2483859	2484661
31	10	2	3	2	25160	15	25200	8	2486534	2486535
28	8	3	5	2	25180	17	25200	10	2486753	2486764
8	13	24	1	2	25080	10	25088	1	2477045	2477044
14	13	15	1	2	25200	25	25220	19	2487657	2487745
3	12	28	2	2	25240	5	25248	28	2492075	2492078
10	11	25	0	2	25280	15	25288	6	2496276	2496264
29	6	3	2	2	25300	10	25340	3	2498923	2498936
8	5	24	8	2	25220	12	25208	3	2489604	2489605
8	6	0	4	2	25220	30	25260	30	2491444	2492087
25	12	20	1	2	25160	13	25188	1	2486355	2486106
6	15	22	9	2	25260	7	25288	3	2495421	2496008
18	12	29	6	2	25220	28	25228	19	2491231	2491218
8	6	29	10	2	25080	15	25068	13	2475112	2475106
5	3	3	2	2	25260	21	25280	9	2493639	2493116
29	6	5	7	2	25220	5	25260	30	2492111	2492101
12	2	22	12	2	25120	24	25128	15	2481294	2481301
27	4	1	12	2	25060	26	25100	19	2475488	2475486
30	11	6	3	2	25180	29	25220	22	2488116	2488117
14	0	18	12	2	25180	10	25188	1	2486123	2486121
24	1	28	14	2	25120	6	25148	2	2482680	2483248
24	2	12	11	2	25160	5	25180	22	2485702	2484918
20	6	9	4	2	25160	8	25200	1	2485940	2485936
12	10	29	15	2	25100	27	25108	13	2478555	2478168
14	9	0	15	2	25240	9	25260	29	2492488	2492058
12	8	24	5	2	25260	21	25268	12	2493650	2493648
20	6	10	9	2	25120	1	25160	26	2482111	2482090
30	9	19	13	2	25440	7	25468	1	2514558	2514975
9	1	26	14	2	25360	3	25368	26	2504404	2504409
9	0	23	12	2	25520	26	25528	17	2519616	2519609
23	8	11	6	2	25420	18	25460	11	2512317	2512327
9	1	18	11	2	25500	5	25508	28	2517483	2517481
0	13	20	13	2	25540	24	25528	3	2522346	2521390
14	12	19	1	2	25360	0	25368	17	2504107	2503570
5	5	20	12	2	25560	7	25568	30	2523777	2523791
24	5	8	8	2	25400	28	25440	21	2510200	2510203
16	13	13	2	2	25480	13	25520	6	2518324	2518325
27	1	4	14	2	25440	22	25480	15	2512808	2512828
13	0	19	13	2	25400	1	25408	24	2507517	2507514
14	1	19	13	2	25440	8	25428	31	2511255	2511254
30	15	9	1	2	25320	10	25360	3	2502014	2502012
28	8	2	6	2	25560	16	25600	9	2524791	2524789
6	4	2	13	2	25320	1	25360	25	2501210	2501088
19	5	6	8	2	25460	26	25520	29	2516617	2517446
31	3	30	0	2	25540	25	25548	16	2522460	2522466
26	3	4	11	2	25440	25	25480	18	2513146	2513124
19	7	14	7	2	25520	5	25540	30	2520758	2520759
14	1	19	14	2	25320	20	25328	11	2500012	2500010
4	13	14	13	2	25320	28	25340	18	2500687	2500434
29	13	5	1	2	25340	19	25380	12	2502896	2502891
5	1	29	13	2	25380	24	25388	15	2506621	2506586
14	12	8	1	2	25460	15	25500	5	2515627	2515330
18	11	14	2	2	25320	14	25360	7	2502403	2502413
24	9	8	1	2	25460	12	25500	5	2515315	2515330
31	14	17	14	2	25540	25	25548	18	2522484	2522624
13	9	11	0	2	25340	12	25360	5	2502213	2502215
10	15	25	13	2	25380	31	25408	24	2507294	2507580
3	9	27	5	2	25440	20	25448	11	2512700	2512633
18	11	1	9	2	25380	28	25420	21	2506977	2506972
24	9	9	5	2	25400	13	25420	6	2508906	2508910
19	0	27	3	2	25500	28	25528	19	2519839	2519840
6	4	28	9	2	25340	18	25348	9	2502734	2502715
13	1	0	8	2	25520	27	25540	29	2519666	2520605
21	9	11	0	2	25520	11	25560	4	2521210	2521215
6	4	23	9	2	25680	11	25708	4	2537096	2537286
25	10	7	3	2	25600	28	25640	21	2529094	2529118
26	5	15	10	2	25620	22	25660	15	2531743	2531746
31	5	1	9	2	25780	19	25820	12	2547364	2547354
8	14	22	13	2	25780	8	25788	31	2546320	2546318
11	1	22	13	2	25800	27	25808	18	2548146	2548136
23	10	8	2	2	25780	18	25820	11	2547259	2547287
31	10	4	4	2	25580	8	25620	1	2526996	2527009
2	14	31	0	2	25600	9	25608	0	2527137	2527125
18	6	15	6	2	25720	15	25760	8	2540800	2540765
11	11	24	1	2	25620	4	25628	27	2529865	2529874
5	14	25	0	2	25740	23	25748	14	2541539	2541527
29	3	3	10	2	25720	12	25740	5	2540585	2540587
29	11	3	2	2	25720	16	25760	9	2540938	2540946
21	9	14	7	2	25760	0	25800	25	2545591	2545583
5	3	14	1	2	25620	0	25640	31	2529428	2530066
5	7	30	5	2	25680	27	25688	18	2535610	2535611
7	1	25	12	2	25760	10	25768	1	2543454	2543451
10	4	22	9	2	25820	12	25828	3	2549822	2549818
24	7	7	6	2	25720	17	25760	10	2541018	2541031
3	0	29	13	2	25640	18	25648	9	2531375	2531379
13	1	20	12	2	25660	11	25668	2	2533892	2533905
5	3	31	9	2	25660	17	25668	8	2534497	2534492
15	11	0	8	2	25760	9	25780	3	2543318	2543461
14	1	19	12	2	25760	9	25768	0	2543321	2543328
18	6	14	7	2	25720	28	25760	21	2542073	2542061
23	8	7	4	2	25800	8	25840	1	2549394	2549390
2	8	13	5	2	25680	10	25720	3	2537047	2537056
30	13	5	0	2	25760	6	25800	31	2546172	2546169
17	14	29	6	2	25640	28	25648	19	2532423	2532429
25	11	8	2	2	25680	10	25720	3	2537049	2537059
3	8	31	4	2	25740	23	25748	14	2541550	2541542
14	1	19	12	2	25600	13	25608	4	2527543	2527544
11	1	23	12	2	25800	29	25808	20	2548355	2548354
17	0	16	14	2	25620	27	25648	18	2532255	2532264
16	1	17	9	2	25780	10	25788	1	2546607	2546603
8	2	25	12	2	25600	11	25608	2	2527426	2527395
29	3	1	11	2	25580	10	25620	3	2527307	2527312
23	8	28	7	2	25620	9	25628	27	2530495	2529887
12	2	20	11	2	25680	9	25688	0	2537006	2536999
7	9	31	2	2	25780	29	25788	20	2545401	2545405
19	7	13	6	2	25600	29	25640	22	2529250	2529255
29	0	3	15	2	25660	16	25680	9	2534447	2534450
14	0	19	13	2	25600	9	25608	0	2527071	2527067
18	12	15	1	2	25700	0	25740	25	2539310	2539311
12	12	31	15	2	25920	26	25928	17	2560321	2560326
0	10	28	5	2	25960	31	25968	22	2564218	2564215
0	10	31	4	2	26060	30	26068	21	2573575	2573585
19	2	18	11	2	25940	27	25968	18	2563793	2563816
26	11	9	3	2	26060	7	26100	0	2574412	2574415
17	0	16	14	2	25840	15	25868	6	2553130	2553135
23	10	9	3	2	25900	9	25940	2	2558622	2558632
4	6	29	9	2	25860	16	25868	7	2553253	2553250
18	12	16	15	2	25860	10	25888	1	2555659	2555665
8	5	25	8	2	25860	28	25868	19	2554340	2554329
23	12	22	12	2	25860	0	25888	26	2554684	2554973
26	5	2	8	2	26020	28	26060	21	2570208	2570207
26	2	7	10	2	25840	22	25880	15	2553837	2553843
19	7	14	7	2	25900	18	25940	11	2559460	2559461
7	9	24	4	2	25840	8	25848	31	2552371	2552368
5	3	26	10	2	25920	20	25928	11	2559688	2559673
19	6	14	7	2	25840	21	25880	14	2553769	2553772
26	0	9	15	2	26060	1	26080	26	2573893	2573888
5	7	30	6	2	25900	26	25908	17	2557061	2557060
4	6	12	3	2	25980	6	26000	31	2565093	2565107
22	13	9	1	2	25900	10	25940	13	2558792	2559678
13	2	19	10	2	25860	25	25868	16	2554121	2554113
1	2	31	13	2	25920	18	25928	9	2559477	2559479
6	4	27	9	2	26040	9	26048	0	2571506	2571472
17	14	15	1	2	25880	21	25920	14	2556688	2556694
21	9	18	15	2	25980	18	25988	13	2566243	2566590
23	0	9	13	2	26000	17	26040	10	2569223	2569228
25	10	9	5	2	25820	16	25840	9	2550258	2550251
24	3	7	10	2	25980	18	26020	11	2566254	2566257
10	15	21	11	2	26000	1	25988	15	2567786	2566809
8	12	25	1	2	26020	28	26028	19	2570239	2570243
10	11	17	13	2	25840	0	25828	15	2551702	2550953
9	13	24	1	2	25920	8	25908	31	2558584	2558582
5	3	27	10	2	25880	3	25888	26	2555022	2555019
19	7	11	6	2	26060	12	26100	5	2574939	2574933
11	1	22	13	2	25980	5	25988	28	2565031	2565063
8	2	25	11	2	26020	15	26028	6	2569056	2569054
17	11	18	11	2	26040	24	26068	14	2573090	2572994
29	13	3	1	2	25820	1	25860	26	2551740	2551732
6	15	24	1	2	26300	6	26308	29	2596487	2596492
21	9	13	5	2	26060	17	26100	10	2575288	2575289
20	9	13	2	2	26100	27	26140	20	2579638	2579643
19	4	19	13	2	26140	28	26168	25	2583058	2583544
18	12	15	1	2	26140	25	26180	18	2582720	2582722
20	9	10	2	2	26220	18	26260	11	2591532	2591527
14	11	12	11	2	26140	6	26160	31	2580677	2580648
2	0	30	13	2	26200	11	26208	2	2587641	2587650
25	11	5	0	2	26260	19	26300	12	2594578	2594581
26	3	7	10	2	26320	5	26340	30	2599723	2599712
14	9	19	10	2	26080	24	26088	5	2576001	2575058
8	5	25	8	2	26240	10	26248	1	2590726	2590718
9	1	27	15	2	26240	20	26248	11	2591767	2591761
24	9	7	4	2	26200	17	26240	10	2588255	2588259
21	9	12	5	2	26300	29	26340	22	2598901	2598897
10	5	22	9	2	26140	7	26148	30	2580795	2580792
7	2	26	11	2	26280	21	26288	12	2594813	2594812
19	6	14	7	2	26080	4	26120	29	2577300	2577292
26	2	7	11	2	26320	4	26340	29	2599604	2599609
9	0	22	11	2	26140	20	26148	11	2582183	2582182
7	10	31	6	2	26300	22	26308	13	2598215	2598209
27	4	8	8	2	26220	11	26260	4	2590832	2590828
2	13	28	2	2	26300	21	26308	12	2598132	2598131
6	2	19	9	2	26140	17	26148	8	2581880	2581868
12	2	21	11	2	26140	20	26148	11	2582191	2582188
11	1	28	2	2	26180	29	26188	20	2586243	2586242
24	7	8	6	2	26240	5	26280	30	2593303	2593304
1	2	31	11	2	26300	13	26308	4	2597247	2597202
22	3	7	10	2	26160	8	26200	1	2584210	2584204
9	9	24	5	2	26100	3	26108	26	2577216	2577226
26	3	9	13	2	26160	4	26180	29	2583740	2583733
9	11	12	3	2	26120	23	26140	8	2579318	2578428
25	15	6	9	2	26220	15	26260	3	2591222	2590747
31	10	4	4	2	26320	6	26360	31	2599894	2599895
8	12	25	0	2	26100	9	26108	0	2577815	2577805
7	1	25	12	2	26120	22	26128	13	2579247	2579241
8	5	27	10	2	26200	5	26208	28	2587111	2587104
1	10	30	2	2	26100	14	26108	5	2578255	2578212
18	7	23	14	2	26140	25	26168	16	2582657	2582696
20	6	13	7	2	26140	3	26180	28	2583629	2583615
11	0	20	11	2	26380	25	26388	16	2605539	2605543
8	5	27	9	2	26420	3	26428	26	2609715	2609716
29	4	5	9	2	26440	8	26480	1	2613386	2613376
13	14	2	4	2	26380	24	26400	11	2605485	2604821
5	5	26	8	2	26480	5	26488	28	2616250	2616255
5	3	25	8	2	26400	25	26408	16	2608683	2608666
3	13	3	12	2	26420	4	26440	28	2609810	2609711
26	2	5	13	2	26320	16	26360	9	2600893	2600894
25	9	6	4	2	26540	19	26580	12	2623624	2623629
1	4	25	1	2	26440	27	26448	18	2612033	2612030
31	10	7	6	2	26460	1	26500	26	2615877	2615880
25	15	24	5	2	26320	16	26348	10	2600924	2601265
23	5	10	6	2	26500	4	26540	29	2619285	2619290
22	13	29	1	2	26340	11	26368	2	2604149	2604135
25	10	9	4	2	26460	17	26480	10	2614371	2614382
25	11	8	2	2	26360	27	26400	20	2605801	2605802
16	1	8	10	2	26420	25	26460	14	2611894	2611454
24	3	8	11	2	26480	17	26520	10	2617487	2617501
15	12	11	13	2	26500	27	26520	12	2618438	2617668
16	1	26	11	2	26400	4	26428	27	2609845	2609844
12	2	22	12	2	26340	30	26348	21	2602628	2602627
3	6	28	6	2	26480	28	26488	19	2615438	2615434
29	11	4	3	2	26560	23	26600	16	2624024	2624037
31	0	5	7	2	26320	9	26360	2	2600257	2600258
11	0	19	12	2	26480	2	26488	25	2616086	2616061
24	7	8	6	2	26320	13	26360	6	2600717	2600733
19	4	13	9	2	26520	31	26560	24	2621804	2621813
13	1	19	12	2	26460	6	26468	29	2613065	2613011
14	1	6	3	2	26500	18	26520	15	2617509	2617928
23	1	1	12	2	26460	28	26500	21	2615336	2615366
15	11	8	6	2	26720	8	26740	2	2638310	2638419
19	12	13	1	2	26600	8	26640	1	2628701	2628697
21	1	11	14	2	26620	0	26660	25	2631026	2631021
18	4	15	10	2	26700	10	26740	3	2638512	2638513
17	12	28	2	2	26740	15	26748	6	2642324	2642326
14	1	27	12	2	26660	31	26668	15	2634134	2633388
31	3	2	7	2	26720	7	26760	22	2641576	2640579
19	2	13	13	2	26760	3	26800	28	2644315	2644314
9	9	24	4	2	26600	25	26608	16	2627190	2627189
3	6	31	15	2	26820	13	26828	4	2648472	2648466
25	11	8	1	2	26600	14	26640	7	2629386	2629384
25	10	6	4	2	26740	10	26780	3	2641880	2641878
16	1	17	14	2	26780	2	26808	25	2647373	2647379
4	11	15	15	2	26600	23	26620	17	2627031	2627138
7	15	24	1	2	26800	31	26808	22	2647146	2647138
29	4	1	9	2	26600	4	26640	29	2628333	2628334
29	3	1	10	2	26680	19	26720	12	2636059	2636061
31	1	3	11	2	26660	24	26680	17	2633419	2633429
12	11	5	1	2	26660	27	26680	11	2633705	2632808
2	14	23	14	2	26700	20	26688	11	2636135	2636136
17	14	2	4	2	26680	13	26720	14	2635497	2636212
11	0	12	4	2	26600	29	26620	22	2627639	2627648
6	2	30	12	2	26660	15	26668	6	2632515	2632532
5	5	31	9	2	26660	24	26668	15	2633412	2633413
20	9	12	4	2	26600	29	26620	22	2627640	2627648
22	13	13	1	2	26720	23	26760	16	2639980	2639986
13	1	19	12	2	26700	22	26708	13	2636353	2636354
23	12	10	2	2	26640	13	26680	6	2632329	2632337
11	1	21	11	2	26600	27	26608	18	2627454	2627457
10	5	21	9	2	26620	15	26628	6	2629513	2629521
25	5	6	8	2	26720	23	26760	16	2639999	2640004
14	1	20	12	2	26700	5	26708	28	2637993	2637995
29	13	8	5	2	26720	7	26760	28	2641592	2641262
15	3	17	9	2	26640	6	26648	29	2631664	2631667
11	1	21	8	2	26700	20	26688	11	2636178	2636172
24	7	9	6	2	26640	11	26680	4	2632128	2632133
31	10	2	4	2	26760	13	26800	6	2645378	2645387
7	5	26	8	2	26600	2	26608	25	2628227	2628223
3	13	29	1	2	26740	6	26748	29	2641525	2641548
16	2	1	0	2	26640	21	26680	14	2633102	2633105
22	13	11	0	2	26660	7	26700	0	2634970	2634938
27	9	1	2	2	26860	5	26900	30	2653940	2653959
27	4	5	7	2	26920	11	26960	4	2660519	2660526
13	2	20	12	2	26860	21	26868	12	2652306	2652309
8	6	20	0	2	26980	18	26968	1	2663967	2663136
11	0	22	14	2	27000	19	27008	10	2667123	2667116
3	9	31	4	2	26940	10	26948	1	2660418	2660419
24	9	9	6	2	26860	13	26900	6	2654681	2654680
19	6	13	7	2	26900	8	26920	1	2657230	2657235
7	10	29	1	2	26880	24	26888	15	2655675	2655677
27	9	6	4	2	26880	21	26900	14	2655380	2655389
25	12	8	1	2	26880	31	26920	24	2656319	2656324
20	6	13	7	2	26920	30	26960	23	2659355	2659352
8	5	21	12	2	26920	27	26928	9	2659029	2658160
24	9	10	4	2	26820	3	26860	28	2650652	2650657
19	12	22	11	2	26860	12	26888	13	2654582	2655508
25	2	7	5	2	26900	24	26960	23	2658740	2659372
15	3	17	14	2	26920	3	26928	26	2659750	2659777
6	15	21	11	2	26940	4	26928	27	2659892	2659904
8	7	28	7	2	26980	29	26988	20	2665139	2665134
30	11	31	6	2	26880	25	26888	16	2655839	2655836
29	9	5	2	2	26880	0	26920	25	2656450	2656452
11	1	20	12	2	26960	10	26968	1	2663158	2663151
24	7	8	6	2	26840	14	26880	7	2651723	2651700
27	9	4	5	2	27000	23	27040	16	2667620	2667623
8	5	27	9	2	27080	23	27088	14	2674190	2674195
13	2	22	12	2	26840	4	26848	27	2650803	2650797
2	8	4	11	2	26860	20	26880	13	2652279	2652290
13	1	22	12	2	27040	15	27048	12	2670106	2670688
29	6	4	7	2	27040	29	27080	22	2671557	2671565
31	5	5	7	2	26820	3	26860	28	2650681	2650680
3	0	27	12	2	26860	1	26868	24	2653551	2653555
23	11	8	1	2	26880	27	26920	20	2656030	2656020
21	6	11	6	2	27000	13	27020	6	2666682	2666665
13	1	20	13	2	26860	2	26868	25	2653740	2653730
31	5	3	10	2	26820	6	26860	31	2651004	2651009
17	14	15	1	2	27040	30	27080	23	2671632	2671677
1	4	31	15	2	26840	6	26848	29	2650908	2650928
18	7	15	6	2	26900	27	26940	20	2659001	2659028
31	3	2	9	2	27200	29	27240	22	2687730	2687721
8	6	26	8	2	27300	15	27308	6	2695615	2695607
19	6	15	15	2	27180	5	27220	29	2685244	2685190
3	12	26	2	2	27100	19	27108	10	2676938	2676961
2	13	30	0	2	27180	26	27188	17	2684149	2684141
23	11	10	2	2	27240	3	27280	28	2691179	2691180
20	6	13	7	2	27320	12	27340	5	2698446	2698440
5	1	22	10	2	27320	1	27328	24	2697410	2697409
29	11	5	2	2	27220	13	27260	6	2689161	2689167
9	9	24	4	2	27200	20	27208	11	2686899	2686901
3	6	31	7	2	27200	23	27208	14	2687179	2687201
13	5	20	1	2	27120	26	27088	26	2675074	2675322
18	11	15	6	2	27140	27	27180	20	2681150	2681144
6	4	27	10	2	27100	14	27108	5	2676445	2676435
2	0	26	10	2	27220	13	27228	4	2689180	2689181
13	1	20	12	2	27260	23	27268	14	2693291	2693283
16	1	18	13	2	27300	26	27308	17	2696889	2696887
9	9	13	14	2	27180	7	27220	1	2685498	2685598
5	7	28	5	2	27240	22	27248	13	2689985	2689992
24	5	24	5	2	27300	0	27328	0	2697354	2698124
14	6	18	8	2	27280	2	27288	25	2694410	2694395
1	11	30	3	2	27320	9	27328	0	2698131	2698130
25	9	7	3	2	27240	31	27280	24	2690844	2690850
23	8	9	5	2	27240	5	27280	30	2691433	2691435
13	2	19	9	2	27300	30	27308	21	2697218	2697204
12	8	17	14	2	27320	1	27308	22	2697430	2697283
24	7	26	8	2	27080	13	27108	4	2676343	2676365
24	5	11	6	2	27080	14	27120	7	2676466	2676467
9	1	23	11	2	27240	28	27248	19	2690566	2690567
26	0	4	5	2	27120	12	27160	4	2679659	2679538
8	2	26	12	2	27200	23	27208	14	2687265	2687266
25	10	8	2	2	27300	24	27320	17	2696777	2696783
4	12	25	3	2	27260	18	27268	9	2692628	2692668
10	8	24	8	2	27540	6	27548	29	2719999	2720015
4	6	31	7	2	27380	4	27388	27	2704157	2704148
7	2	2	11	2	27400	21	27420	6	2705810	2705106
10	5	24	8	2	27540	30	27548	21	2719260	2719263
19	0	9	14	2	27340	19	27380	12	2702569	2702580
25	2	1	12	2	27360	31	27400	24	2703657	2703665
16	1	16	14	2	27460	2	27488	25	2713644	2713641
7	10	8	6	2	27380	8	27400	24	2704520	2703678
7	2	26	11	2	27420	21	27428	12	2709021	2709028
31	13	0	10	2	27420	1	27460	19	2710287	2709628
24	3	7	6	2	27520	6	27560	31	2720022	2720020
10	5	6	10	2	27400	0	27440	25	2706935	2706945
7	13	14	2	2	27440	2	27480	2	2710407	2711122
20	6	12	8	2	27520	2	27560	27	2719641	2719644
6	15	0	6	2	27540	29	27560	23	2719177	2719283
7	9	31	2	2	27580	11	27588	2	2723461	2723458
24	9	18	11	2	27540	9	27548	29	2720311	2720039
11	0	22	15	2	27500	20	27488	11	2715454	2715463
20	6	12	8	2	27360	22	27400	15	2702896	2702900
18	12	9	4	2	27340	8	27380	27	2701478	2700857
23	10	16	12	2	27480	14	27488	28	2714894	2713985
12	12	22	13	2	27400	21	27408	11	2705867	2705754
14	13	3	9	2	27480	0	27500	25	2713448	2713450
7	5	25	8	2	27520	14	27528	5	2717904	2717917
13	0	19	12	2	27580	8	27588	31	2723239	2723237
24	5	7	7	2	27560	7	27600	0	2723148	2723149
9	3	23	11	2	27380	12	27388	3	2705000	2704993
24	9	8	5	2	27360	23	27400	16	2703040	2703041
23	3	12	9	2	27420	30	27460	23	2710045	2710047
23	10	17	8	2	27440	8	27448	24	2711035	2710341
3	0	22	12	2	27420	19	27428	10	2708832	2708835
6	2	11	14	2	27340	3	27380	28	2700967	2700959
0	15	30	5	2	27360	10	27368	1	2701702	2701720
9	3	27	11	2	27400	22	27408	13	2705968	2705966
11	15	18	11	2	27440	10	27468	5	2711236	2711668
14	13	29	15	2	27420	8	27428	31	2707743	2707785
18	7	0	5	2	27500	10	27540	4	2717641	2717702
17	0	17	14	2	27540	25	27568	16	2721823	2721847
25	9	8	5	2	27580	16	27600	9	2723870	2723869
28	8	4	4	2	27380	12	27420	5	2704944	2704877
17	14	15	1	2	27460	25	27480	18	2712667	2712668
24	9	10	4	2	27620	30	27660	23	2728529	2728522
13	11	27	11	2	27680	26	27708	23	2734158	2734755
6	2	26	10	2	27820	2	27828	25	2748256	2748250
13	2	20	11	2	27600	31	27608	22	2725313	2725296
8	6	13	2	2	27700	5	27720	30	2735264	2735258
0	6	30	6	2	27760	0	27768	23	2741221	2741228
6	4	28	9	2	27780	30	27788	21	2744502	2744501
19	7	13	7	2	27700	26	27740	19	2737194	2737205
3	0	0	4	2	27660	1	27700	29	2731918	2732236
24	15	21	11	2	27700	20	27728	17	2736582	2737209
23	1	26	11	2	27720	13	27748	7	2739277	2739531
19	6	12	9	2	27740	20	27780	13	2739959	2739952
13	11	2	6	2	27640	1	27660	25	2728823	2728730
8	5	25	8	2	27720	26	27728	17	2737225	2737218
31	1	2	12	2	27620	29	27660	22	2728468	2728466
23	8	9	5	2	27660	9	27700	2	2732616	2732610
9	1	22	11	2	27720	18	27728	9	2736448	2736451
19	7	13	6	2	27780	2	27820	27	2744900	2744904
9	11	26	2	2	27600	3	27608	26	2725718	2725721
13	11	7	5	2	27780	12	27780	30	2742555	2741714
25	5	8	8	2	27620	8	27660	1	2729538	2729526
19	6	13	8	2	27740	30	27780	23	2741048	2741058
17	0	16	14	2	27800	16	27808	7	2746456	2746458
3	12	30	3	2	27840	12	27828	26	2749192	2748372
31	3	2	10	2	27600	12	27640	5	2726640	2726634
3	0	17	14	2	27680	10	27668	26	2732709	2732199
3	13	27	12	2	27760	28	27768	22	2740826	2741202
19	7	31	2	2	27620	30	27628	13	2728601	2727674
25	12	8	2	2	27700	9	27720	2	2735662	2735672
25	5	7	9	2	27700	9	27720	2	2735666	2735668
5	5	28	7	2	27720	3	27728	26	2738225	2738287
31	0	0	6	2	27700	8	27720	1	2735563	2735556
23	10	8	2	2	27700	26	27740	19	2737257	2737329
9	1	5	3	2	27760	1	27780	30	2741364	2741751
12	2	20	11	2	27640	8	27648	31	2729472	2729479
24	9	9	4	2	27680	25	27720	18	2733999	2734037
21	9	13	5	2	27700	24	27740	17	2736923	2736914
25	12	8	1	2	27780	25	27800	18	2743945	2743907
20	6	13	7	2	27780	2	27820	27	2744840	2744851
10	8	24	5	2	27940	26	27948	17	2760116	2760110
13	11	0	15	2	28000	21	28040	18	2765769	2766100
9	1	26	14	2	27940	31	27948	22	2760613	2760612
10	4	23	9	2	27900	13	27908	4	2755629	2755630
27	0	2	14	2	27840	31	27880	24	2751062	2751066
23	11	12	3	2	27860	20	27900	13	2753403	2753394
13	0	19	12	2	27860	0	27868	23	2751171	2751169
20	14	2	13	2	28000	2	28040	27	2767019	2767014
8	12	24	1	2	27860	8	27868	31	2751990	2751995
15	3	17	9	2	28020	8	28028	31	2767677	2767679
28	3	3	11	2	27900	26	27940	19	2757046	2757045
26	2	7	11	2	28060	28	28100	22	2772650	2772652
3	9	30	5	2	27880	16	27868	7	2752966	2752937
6	2	29	13	2	27900	11	27908	2	2755480	2755504
24	7	9	6	2	27900	3	27940	28	2758002	2758005
23	1	20	12	2	28060	28	28068	13	2772653	2772054
17	14	15	1	2	27900	24	27940	17	2756865	2756873
14	6	18	15	2	28020	8	28048	8	2767704	2768455
18	7	14	7	2	27940	27	27980	20	2760288	2760269
19	6	13	6	2	28000	26	28040	19	2766224	2766225
10	11	24	1	2	27980	7	27988	30	2764515	2764502
1	13	29	1	2	28020	31	28028	22	2766735	2766731
24	9	9	4	2	27940	6	27980	31	2761297	2761296
20	9	12	5	2	28000	30	28040	15	2766645	2765878
4	0	26	11	2	27900	13	27908	4	2755659	2755652
4	11	27	3	2	28040	2	28048	25	2770197	2770198
16	1	17	13	2	27920	9	27928	0	2758562	2758565
27	4	6	9	2	28060	25	28100	19	2772350	2772353
9	1	26	14	2	27960	15	27968	6	2762190	2762261
7	9	31	3	2	28100	18	28108	9	2774597	2774585
25	5	24	4	2	27880	30	27888	21	2754374	2754345
25	9	9	5	2	28020	8	28040	1	2767707	2767709
24	7	8	6	2	27860	25	27900	18	2753898	2753897
16	2	17	13	2	27900	30	27928	21	2757537	2757513
18	4	5	7	2	27940	26	27980	19	2760026	2760027
26	5	3	1	2	27960	25	28000	18	2763051	2763057
26	5	7	7	2	28060	22	28100	16	2772007	2772017
29	6	6	7	2	28100	27	28140	21	2775485	2775486
18	11	3	9	2	28280	14	28320	9	2793597	2793694
11	0	22	12	2	28180	9	28188	0	2783199	2783189
7	1	6	15	2	28220	10	28240	6	2786600	2786854
11	0	22	13	2	28260	14	28268	5	2790194	2790196
13	2	19	10	2	28320	11	28328	2	2796464	2796463
5	3	31	11	2	28140	0	28148	23	2779159	2779133
17	0	16	13	2	28140	7	28148	30	2779834	2779836
23	0	6	1	2	28140	15	28180	9	2780598	2780596
9	9	25	3	2	28180	0	28188	23	2782331	2782332
24	5	7	13	2	28240	16	28280	5	2790451	2789971
17	14	6	1	2	28260	31	28300	25	2791901	2791911
14	1	18	11	2	28140	23	28148	14	2778203	2778202
5	1	29	12	2	28260	27	28268	18	2791571	2791575
29	0	5	13	2	28180	10	28220	4	2783350	2783345
3	12	5	8	2	28140	0	28160	19	2779163	2778413
27	0	8	0	2	28200	12	28240	2	2786859	2786452
14	13	4	3	2	28160	26	28200	16	2781723	2781320
27	4	6	9	2	28200	28	28220	22	2785242	2785234
23	10	12	4	2	28260	26	28300	20	2791457	2791453
12	2	22	14	2	28120	16	28128	7	2777408	2777412
27	13	29	13	2	28220	16	28228	7	2787241	2787223
27	0	5	13	2	28220	30	28260	24	2788706	2788704
16	2	16	10	2	28140	14	28168	5	2780540	2780544
23	0	8	8	2	28180	11	28220	5	2783452	2783446
13	1	20	12	2	28120	3	28128	26	2776299	2776259
15	3	18	11	2	28280	10	28288	1	2793216	2793209
30	11	3	2	2	28260	31	28300	25	2791957	2791947
26	11	10	4	2	28280	14	28320	8	2793662	2793658
13	2	20	12	2	28140	7	28148	30	2779898	2779901
1	2	27	10	2	28260	15	28268	6	2790380	2790378
28	3	4	9	2	28320	7	28360	1	2799274	2799275
8	12	25	0	2	28140	27	28148	18	2778652	2778643
17	14	15	1	2	28140	1	28180	27	2779322	2779333
9	11	19	12	2	28180	2	28188	30	2782548	2783081
26	2	4	11	2	28180	14	28220	8	2783795	2783777
25	2	24	4	2	28240	9	28268	7	2789825	2790516
7	9	30	5	2	28260	28	28268	19	2791631	2791624
30	13	7	13	2	28100	8	28160	7	2776628	2777096
23	2	3	13	2	28200	1	28240	27	2785685	2785663
22	3	4	5	2	28400	5	28440	31	2805072	2805084
27	4	9	7	2	28500	11	28540	5	2815090	2815074
13	2	19	10	2	28400	0	28408	23	2804706	2804717
3	8	31	6	2	28520	19	28528	10	2815893	2815889
23	11	8	1	2	28380	26	28420	20	2804134	2804133
29	0	4	14	2	28420	4	28460	30	2808071	2808077
4	13	17	9	2	28500	28	28488	19	2813509	2813499
9	1	23	12	2	28500	7	28508	30	2814662	2814688
28	3	7	9	2	28400	9	28440	3	2805433	2805424
18	6	15	15	2	28560	16	28600	10	2822121	2822131
3	9	30	5	2	28420	14	28428	5	2805901	2805874
5	5	7	11	2	28380	10	28380	10	2800129	2800130
0	4	31	9	2	28380	22	28388	13	2803723	2803733
17	14	7	10	2	28500	23	28540	16	2816251	2816188
5	7	5	8	2	28420	12	28420	30	2805729	2805021
5	7	29	7	2	28420	29	28428	20	2807432	2807424
19	7	17	13	2	28440	23	28468	21	2809903	2810672
14	1	5	5	2	28380	16	28400	9	2803134	2803093
13	2	22	14	2	28420	23	28428	14	2806856	2806865
6	2	27	12	2	28580	26	28588	17	2823222	2823221
3	9	28	5	2	28600	2	28608	25	2824007	2824012
29	11	6	3	2	28420	0	28460	26	2807733	2807791
11	11	3	4	2	28420	31	28440	16	2807647	2806800
13	2	20	12	2	28540	5	28548	28	2817844	2817818
23	10	10	2	2	28580	4	28620	30	2824261	2824256
12	8	7	13	2	28520	17	28540	13	2815737	2815938
5	5	26	8	2	28580	30	28588	21	2823681	2823725
19	2	13	2	2	28500	11	28540	7	2815127	2815309
21	6	13	7	2	28540	29	28580	23	2820268	2820212
1	5	14	13	2	28380	20	28420	22	2803564	2804279
16	1	16	13	2	28460	11	28488	2	2811884	2811879
23	8	11	6	2	28500	26	28540	20	2816457	2816501
26	5	6	8	2	28620	9	28660	3	2827982	2827992
20	6	15	6	2	28700	24	28740	25	2835787	2836552
27	9	7	5	2	28800	23	28840	17	2845388	2845385
12	2	19	12	2	28620	31	28628	22	2826964	2826972
17	14	15	1	2	28620	13	28660	7	2828453	2828462
25	10	9	4	2	28820	11	28860	5	2847263	2847268
13	2	20	11	2	28720	5	28728	28	2837145	2837143
24	7	9	6	2	28780	9	28820	3	2843987	2843989
28	8	2	8	2	28680	4	28720	30	2833940	2833934
25	9	8	5	2	28800	6	28840	0	2846719	2846717
3	6	28	7	2	28640	26	28648	17	2829740	2829728
14	6	21	8	2	28840	25	28848	16	2848699	2848705
27	4	7	9	2	28760	22	28800	16	2842248	2842247
11	0	22	12	2	28780	30	28788	21	2843026	2843032
18	6	15	6	2	28800	3	28840	29	2846513	2846532
2	0	30	12	2	28760	14	28768	5	2841301	2841316
27	13	6	1	2	28800	25	28840	19	2845610	2845621
19	7	14	7	2	28800	25	28840	19	2845617	2845605
24	2	8	13	2	28840	2	28880	28	2849569	2849570
12	13	27	10	2	28780	3	28788	26	2843531	2843526
17	11	9	7	2	28600	30	28640	26	2826896	2827068
20	9	13	5	2	28700	30	28740	24	2836505	2836515
31	3	6	9	2	28820	8	28840	2	2846995	2847001
10	4	21	9	2	28620	1	28628	24	2827237	2827187
14	12	29	7	2	28640	23	28648	6	2829401	2828678
10	11	25	0	2	28680	23	28688	14	2832606	2832594
20	3	13	6	2	28720	21	28780	19	2838901	2839356
8	4	16	9	2	28720	30	28728	18	2836526	2836260
7	5	24	8	2	28760	9	28768	0	2840809	2840817
29	4	3	9	2	28640	23	28680	17	2829413	2829414
26	2	7	11	2	28720	17	28760	11	2838441	2838440
14	6	21	9	2	28740	25	28748	16	2839362	2839361
2	12	28	2	2	28760	4	28768	27	2840356	2840328
8	4	27	10	2	28760	14	28768	5	2841319	2841327
24	5	10	8	2	28600	28	28640	22	2826761	2826782
21	6	14	3	2	28840	28	28860	22	2849045	2849044
12	2	24	15	2	28600	19	28608	10	2825730	2825726
4	11	28	2	2	28640	14	28648	5	2828518	2828514
25	2	4	14	2	28620	6	28660	0	2827667	2827666
26	5	5	8	2	28740	25	28780	19	2839235	2839231
11	0	22	13	2	28960	25	28968	16	2861423	2861430
5	5	26	8	2	28880	28	28888	19	2851890	2851889
4	11	28	2	2	29020	7	29028	30	2865986	2865991
26	11	5	1	2	28880	15	28920	9	2853968	2853962
15	3	25	13	2	29020	15	29028	6	2866719	2866715
14	1	18	13	2	29020	9	29028	0	2866205	2866191
7	1	26	12	2	28880	24	28868	15	2851495	2851502
8	14	22	11	2	28900	12	28888	1	2853690	2853398
17	14	14	2	2	28880	10	28920	4	2853392	2853397
29	3	0	11	2	28960	5	29000	31	2862769	2862773
29	11	5	3	2	29040	9	29080	3	2869353	2869358
8	13	25	1	2	28920	6	28928	29	2856327	2856330
1	8	28	5	2	29100	22	29108	13	2873947	2873951
13	1	19	12	2	28980	30	28988	21	2862016	2862018
21	9	13	5	2	28860	17	28900	11	2850894	2850897
5	7	31	7	2	28940	0	28948	23	2858937	2858933
10	5	23	9	2	28980	6	28988	29	2862874	2862869
24	2	13	5	2	28880	5	28920	3	2852875	2853292
28	3	6	10	2	29040	5	29080	31	2868987	2868984
19	12	14	2	2	29080	24	29120	18	2874153	2874158
7	5	7	11	2	28980	10	29000	2	2863167	2863092
29	11	0	0	2	28920	24	28960	18	2858142	2858141
9	3	21	9	2	28900	13	28908	4	2853807	2853830
9	3	26	11	2	28900	15	28908	6	2854001	2854000
7	9	24	5	2	28920	15	28928	6	2857221	2857228
21	9	12	5	2	29000	9	29040	3	2866225	2866219
15	3	28	7	2	28940	21	28948	12	2857824	2857841
3	13	18	8	2	29040	25	29048	16	2867829	2867810
25	5	6	9	2	28920	13	28960	7	2857019	2857024
27	4	4	9	2	29020	23	29060	17	2867612	2867609
6	2	26	11	2	29080	3	29088	26	2872148	2872141
23	3	5	5	2	28880	19	28920	13	2854395	2854396
28	15	26	11	2	29060	29	29088	26	2871447	2872141
9	3	21	9	2	28880	31	28888	22	2852149	2852148
18	15	0	11	2	28920	13	28940	3	2856908	2856565
29	9	13	7	2	28940	6	28980	0	2859506	2859468
20	9	11	4	2	29060	26	29100	20	2871128	2871106
0	2	25	0	2	29120	23	29148	20	2877427	2878071
21	9	12	3	2	29260	11	29300	5	2892047	2892046
21	9	12	4	2	29340	22	29380	16	2899490	2899486
9	3	4	9	2	29180	14	29200	8	2882588	2882584
15	3	24	4	2	29200	26	29208	17	2883889	2883882
23	12	10	2	2	29320	31	29360	25	2897182	2897183
29	12	18	13	2	29120	4	29148	2	2878755	2879293
27	4	2	10	2	29280	23	29320	17	2893353	2893340
23	3	26	11	2	29300	8	29308	31	2894765	2894757
2	12	30	2	2	29300	6	29308	29	2894607	2894594
26	3	7	10	2	29200	22	29240	16	2886609	2886604
26	2	7	11	2	29140	11	29180	5	2879301	2879304
26	5	5	8	2	29340	16	29360	10	2898829	2898835
5	3	26	9	2	29260	24	29268	15	2890303	2890310
17	14	6	7	2	29160	15	29220	15	2882739	2883385
19	5	15	15	2	29220	6	29260	0	2888237	2888238
7	5	28	7	2	29280	26	29288	17	2893581	2893580
1	8	28	5	2	29200	27	29208	18	2884016	2884011
3	0	5	8	2	29200	7	29240	2	2885132	2885211
8	4	26	9	2	29220	19	29228	10	2886345	2886344
1	11	16	9	2	29260	29	29268	20	2890782	2890780
18	7	14	7	2	29160	1	29200	27	2881516	2881520
29	12	26	9	2	29200	19	29228	10	2886354	2886344
29	12	6	1	2	29240	20	29280	14	2889929	2889940
21	9	10	4	2	29260	15	29300	9	2892490	2892489
9	11	21	5	2	29160	29	29168	14	2881189	2880586
14	9	12	4	2	29260	27	29280	13	2890586	2889833
25	10	10	4	2	29220	7	29260	1	2888343	2888353
17	14	30	5	2	29320	30	29328	25	2897132	2897531
29	9	2	4	2	29300	27	29340	21	2896792	2896799
17	0	16	12	2	29140	13	29148	4	2879540	2879578
21	6	22	13	2	29220	4	29228	20	2888067	2887359
21	9	21	8	2	29260	12	29288	0	2892211	2891960
4	12	31	0	2	29160	29	29168	20	2881148	2881098
13	1	20	12	2	29320	17	29328	8	2895582	2895605
18	11	14	2	2	29300	14	29340	8	2895359	2895339
26	0	6	15	2	29320	6	29360	0	2897787	2897859
9	0	22	13	2	29420	28	29428	19	2906238	2906245
7	2	27	10	2	29380	30	29388	21	2903596	2903584
13	2	22	11	2	29480	20	29488	10	2911456	2911374
7	9	29	1	2	29560	0	29548	23	2919136	2919132
20	6	13	7	2	29440	1	29480	27	2909662	2909665
13	7	13	2	2	29420	30	29460	29	2906393	2906784
10	5	22	9	2	29420	4	29428	27	2906872	2906880
6	2	26	11	2	29400	18	29408	9	2905317	2905322
3	9	30	3	2	29560	4	29568	27	2919483	2919499
19	12	14	2	2	29540	1	29580	27	2919241	2919233
8	13	25	1	2	29420	22	29428	13	2905746	2905751
23	10	10	4	2	29360	8	29400	2	2901350	2901370
18	6	6	9	2	29580	2	29620	30	2922683	2922867
14	8	12	5	2	29440	24	29480	15	2908832	2908509
8	7	29	6	2	29580	23	29588	14	2921498	2921495
17	0	8	6	2	29540	31	29580	2	2919035	2919917
3	8	30	5	2	29440	20	29448	11	2908383	2908384
31	3	2	11	2	29340	26	29380	20	2900017	2900015
26	15	3	1	2	29440	31	29480	25	2909411	2909426
29	3	3	10	2	29480	28	29500	22	2912504	2912513
17	14	22	11	2	29520	7	29528	22	2916613	2915871
8	7	26	12	2	29420	1	29428	24	2906637	2906644
26	3	7	9	2	29420	6	29460	0	2907080	2907083
9	9	25	4	2	29360	7	29368	30	2901304	2901303
23	8	9	5	2	29400	25	29440	19	2906069	2906060
19	7	14	7	2	29460	27	29500	21	2912405	2912406
18	7	21	10	2	29420	2	29428	24	2906717	2906651
27	0	4	14	2	29420	7	29460	1	2907213	2907258
25	9	7	4	2	29560	15	29600	9	2920713	2920755
13	9	21	8	2	29380	25	29388	19	2903203	2903445
13	2	19	10	2	29500	8	29508	31	2913703	2913741
29	12	3	1	2	29360	5	29400	31	2900966	2900929
29	12	2	1	2	29360	16	29400	10	2902069	2902075
7	5	26	9	2	29760	25	29768	16	2940805	2940811
11	11	9	6	2	29840	4	29880	1	2948090	2948297
24	9	15	12	2	29640	30	29680	2	2928830	2929825
24	7	8	6	2	29700	11	29740	5	2936376	2936375
5	1	30	13	2	29600	26	29608	17	2925163	2925154
29	4	4	9	2	29820	27	29860	21	2947200	2947206
19	7	13	7	2	29820	29	29860	23	2947362	2947369
7	10	24	4	2	29620	28	29608	19	2925345	2925335
0	6	26	2	2	29620	0	29628	27	2925745	2926143
25	9	3	4	2	29700	24	29720	18	2934449	2934451
16	1	16	13	2	29820	30	29848	21	2947425	2947427
5	14	25	14	2	29680	5	29688	28	2932682	2932666
4	12	28	2	2	29780	0	29788	23	2941536	2941568
27	4	1	12	2	29660	20	29700	14	2931103	2931108
10	4	22	9	2	29640	21	29648	12	2927953	2927958
25	12	8	1	2	29640	8	29680	2	2929854	2929859
7	3	31	11	2	29700	18	29708	9	2933996	2933993
3	8	30	6	2	29800	20	29808	11	2943353	2943362
19	4	12	9	2	29680	18	29720	12	2934000	2933997
7	9	27	3	2	29620	0	29628	23	2925767	2925768
4	6	28	7	2	29700	26	29708	17	2934653	2934646
12	2	21	9	2	29740	4	29748	27	2938780	2938783
29	0	3	13	2	29660	0	29700	26	2932253	2932259
25	9	7	4	2	29780	23	29820	17	2943721	2943722
7	3	31	15	2	29660	15	29668	4	2930610	2930431
21	1	3	9	2	29840	5	29860	21	2948207	2947267
0	10	31	3	2	29740	3	29748	26	2938707	2938704
26	11	5	2	2	29740	3	29780	29	2938702	2938711
24	9	10	4	2	29780	18	29820	12	2943181	2943187
8	2	25	12	2	29640	17	29648	8	2927534	2927561
0	2	31	11	2	29840	25	29848	16	2947059	2947052
24	3	22	10	2	29800	30	29808	19	2944433	2944188
1	4	27	10	2	29660	11	29668	2	2930223	2930231
24	5	8	8	2	29760	5	29800	31	2942023	2942024
29	13	5	0	2	29840	14	29880	8	2949101	2949103
3	6	29	7	2	29640	26	29648	17	2928476	2928478
7	2	17	9	2	29760	13	29768	0	2939659	2939319
28	15	25	12	2	29680	7	29688	24	2932929	2932362
11	1	19	13	2	29780	13	29788	4	2942706	2942696
21	6	10	6	2	29840	17	29880	11	2949316	2949313
24	5	6	9	3	30000	20	30040	14	2965548	2965557
24	7	10	6	3	30060	1	30100	27	2969902	2969875
23	3	26	8	3	30100	17	30128	8	2974662	2974652
7	5	26	8	3	29880	4	29888	27	2951271	2951275
2	0	31	13	3	30080	26	30088	17	2972471	2972476
23	0	11	12	3	29860	10	29900	4	2951707	2951713
18	6	6	3	3	30060	12	30100	29	2971080	2970093
14	9	6	8	3	29860	28	29900	1	2950516	2951502
14	0	19	13	3	29900	1	29908	24	2953984	2954015
4	12	30	0	3	29940	29	29948	20	2956749	2956748
0	4	21	9	3	29940	7	29948	24	2957763	2957151
5	1	25	11	3	29900	24	29908	15	2953057	2953059
17	0	16	13	3	30000	16	30028	7	2965142	2965144
1	11	30	3	3	29960	19	29968	10	2958911	2958909
26	5	2	8	3	29980	26	30020	20	2963110	2963109
10	4	26	11	3	29980	14	29988	5	2961870	2961866
14	12	19	12	3	30080	13	30068	28	2971173	2970300
26	11	3	1	3	30020	6	30060	0	2967515	2967518
24	2	11	9	3	30060	14	30100	8	2971266	2971274
8	12	25	1	3	30080	19	30088	10	2971769	2971791
20	9	14	7	3	30040	24	30080	18	2969186	2969179
30	11	5	3	3	29900	11	29940	5	2954987	2954991
24	9	7	4	3	29940	20	29980	14	2959020	2959023
5	1	26	12	3	29880	1	29888	24	2951078	2951064
0	5	12	4	3	29960	2	30000	28	2960549	2960552
31	13	1	0	3	29860	28	29900	22	2950550	2950555
2	12	26	14	3	29920	9	29928	8	2954769	2955622
9	14	14	1	3	30000	24	30020	17	2962940	2962845
1	5	28	9	3	30080	20	30088	11	2971932	2971931
16	1	16	13	3	30040	16	30048	7	2968493	2968495
13	9	9	6	3	29960	29	29980	22	2960010	2959922
25	10	10	4	3	29960	11	30000	5	2961616	2961606
8	13	24	1	3	29960	0	29968	23	2960385	2960382
14	0	12	5	3	30000	11	30040	31	2964711	2964100
20	9	12	4	3	30000	18	30040	12	2965421	2965426
11	1	23	12	3	29920	18	29928	9	2955758	2955757
24	3	14	1	3	29980	20	30020	14	2962588	2962572
29	6	4	7	3	30020	27	30060	21	2966361	2966362
2	12	18	15	3	30000	27	30008	27	2963156	2963912
9	0	23	11	3	30040	16	30048	7	2968459	2968460
11	0	23	14	3	30100	12	30108	3	2974204	2974217
20	9	13	5	3	30140	17	30180	11	2977983	2977984
11	0	7	7	3	30160	24	30160	8	2978646	2977631
20	3	12	5	3	30140	27	30180	21	2978928	2978924
9	0	23	12	3	30340	25	30348	16	2996660	2996659
18	6	5	3	3	30180	29	30220	23	2982055	2982022
19	6	14	7	3	30280	29	30320	23	2990978	2990966
29	11	2	1	3	30340	2	30380	28	2997573	2997574
0	6	7	10	3	30300	20	30340	14	2993171	2993163
21	9	12	5	3	30140	18	30180	12	2978083	2978087
21	9	12	4	3	30260	9	30300	3	2989173	2989181
26	2	7	11	3	30260	22	30300	16	2990245	2990243
3	6	31	15	3	30180	30	30188	21	2982170	2982175
24	7	12	5	3	30160	6	30200	0	2979944	2979943
19	12	14	2	3	30220	5	30260	31	2985674	2985693
9	0	26	15	3	30180	19	30188	10	2981207	2981211
13	1	20	12	3	30300	8	30308	31	2992023	2992022
16	1	17	13	3	30160	18	30188	9	2981102	2981112
29	9	26	15	3	30120	31	30148	31	2976059	2977029
5	3	27	11	3	30240	26	30248	17	2987598	2987594
11	1	24	15	3	30320	25	30328	16	2993673	2993668
28	3	7	9	3	30200	15	30240	9	2983749	2983761
7	13	24	1	3	30180	31	30188	22	2982328	2982324
23	11	10	2	3	30180	2	30220	28	2982571	2982570
19	4	15	15	3	30360	18	30400	12	2999231	2999236
21	6	9	4	3	30140	27	30180	24	2978978	2979229
29	9	6	4	3	30180	5	30220	31	2982796	2982798
10	5	23	9	3	30260	31	30268	22	2988062	2988061
24	3	10	9	3	30300	24	30340	18	2993589	2993545
27	4	4	9	3	30360	21	30400	15	2999670	2999632
31	0	5	5	3	30360	24	30400	18	2999895	2999946
24	9	7	4	3	30140	25	30180	19	2978806	2978803
9	14	25	0	3	30280	18	30288	9	2989874	2989875
24	15	3	1	3	30200	18	30240	19	2983917	2984564
26	11	13	6	3	30260	24	30300	18	2990420	2990426
30	11	3	2	3	30600	15	30640	9	3024389	3024395
3	12	18	8	3	30420	12	30448	12	3005040	3005813
2	0	31	13	3	30500	15	30508	6	3011449	3011436
13	2	20	12	3	30520	8	30528	31	3014035	3014033
4	11	30	2	3	30400	27	30408	18	3003440	3003424
12	8	31	9	3	30480	11	30508	12	3011112	3012125
24	7	8	6	3	30440	28	30460	22	3006567	3006569
24	9	9	5	3	30540	12	30580	6	3017701	3017679
7	5	29	10	3	30380	5	30388	28	3001067	3001073
9	9	4	8	3	30600	20	30620	19	3021736	3022222
26	5	5	8	3	30580	13	30620	7	3021015	3021033
14	6	30	2	3	30420	4	30428	27	3004317	3004312
9	1	11	9	3	30500	25	30520	12	3012515	3011789
29	9	4	5	3	30540	17	30580	11	3018143	3018144
12	12	20	13	3	30420	8	30428	6	3004685	3005324
24	3	7	11	3	30480	5	30520	31	3010588	3010578
2	14	26	2	3	30460	4	30448	27	3007373	3007350
4	13	16	14	3	30480	28	30468	14	3009737	3009215
19	6	14	7	3	30400	26	30440	20	3003363	3003359
21	9	12	4	3	30400	30	30440	24	3003719	3003711
14	6	23	6	3	30380	7	30388	27	3001331	3000946
1	11	27	10	3	30440	29	30448	19	3006685	3006588
8	13	26	5	3	30600	24	30608	15	3022131	3022136
20	6	11	6	3	30620	16	30640	10	3024510	3024519
6	4	28	9	3	30380	28	30388	19	3000184	3000178
14	6	12	5	3	30380	29	30420	31	3000275	3001111
6	2	26	12	3	30580	14	30588	5	3021134	3021142
8	12	25	1	3	30580	3	30588	26	3020077	3020075
23	0	8	15	3	30520	27	30560	21	3016075	3016080
27	1	10	4	3	30600	1	30640	30	3022925	3023342
7	5	24	8	3	30380	31	30388	22	3000457	3000458
7	2	30	13	3	30480	8	30488	31	3010881	3010868
13	1	20	11	3	30560	19	30568	10	3018486	3018471
24	9	9	5	3	30500	10	30540	4	3014337	3014318
3	14	26	10	3	30460	15	30468	8	3008472	3008598
19	7	13	7	3	30380	2	30420	28	3000768	3000763
25	9	5	3	3	30440	12	30480	6	3008200	3008190
10	4	23	9	3	30400	15	30408	6	3002282	3002281
7	5	29	14	3	30460	6	30448	25	3007628	3007192
14	8	24	5	3	30500	12	30488	25	3011228	3010260
1	13	31	0	3	30580	31	30588	22	3019713	3019718
20	15	20	13	3	30580	16	30588	7	3021378	3021295
21	1	9	13	3	30500	0	30540	26	3013245	3013244
26	5	6	8	3	30660	6	30700	0	3029822	3029827
12	11	11	14	3	30820	13	30840	2	3043610	3043134
31	13	2	1	3	30740	18	30780	12	3037834	3037828
18	12	29	3	3	30660	28	30668	19	3028878	3028874
24	9	7	5	3	30660	3	30700	29	3029545	3029555
9	3	26	12	3	30820	22	30828	13	3044304	3044301
18	7	15	6	3	30780	17	30820	11	3040692	3040691
6	2	27	11	3	30700	20	30688	11	3031440	3031438
7	10	27	3	3	30800	3	30808	26	3042644	3042659
4	13	26	2	3	30840	10	30848	1	3046251	3046246
25	5	5	9	3	30780	0	30820	26	3042340	3042322
26	5	5	8	3	30840	21	30880	15	3047401	3047395
2	0	31	13	3	30660	17	30668	8	3027686	3027710
8	14	25	0	3	30700	5	30708	28	3033245	3033247
17	0	16	14	3	30660	24	30668	15	3028425	3028427
24	9	26	14	3	30660	6	30668	21	3029841	3029108
4	11	30	2	3	30700	24	30708	15	3031764	3031760
17	14	2	7	3	30620	30	30660	30	3025819	3026414
23	8	10	6	3	30820	5	30860	31	3045738	3045740
3	8	27	5	3	30680	17	30688	8	3031143	3031149
18	7	15	6	3	30720	23	30760	17	3035195	3035185
24	2	8	11	3	30780	28	30820	22	3041849	3041846
4	13	0	14	3	30720	10	30740	9	3033874	3034384
7	5	26	8	3	30860	1	30868	24	3048601	3048629
29	0	1	15	3	30660	7	30700	1	3029965	3029966
18	11	14	1	3	30700	4	30740	30	3033157	3033164
29	12	5	1	3	30720	26	30760	20	3035478	3035480
21	6	9	7	3	30800	17	30840	11	3043953	3043945
11	0	20	11	3	30660	20	30668	11	3028003	3027992
0	15	30	6	3	30680	0	30668	23	3029296	3029303
3	9	31	4	3	30840	8	30848	31	3046097	3046095
24	7	6	10	3	30660	28	30700	22	3028918	3028919
25	1	8	11	3	30720	4	30760	30	3036485	3036490
31	0	0	6	3	30860	6	30900	0	3049172	3049184
3	8	30	6	3	30740	2	30748	25	3036312	3036307
5	3	29	1	3	30740	31	30748	22	3036028	3036023
7	5	29	10	3	30760	16	30748	7	3037684	3037703
27	13	6	1	3	30840	20	30880	14	3047377	3047380
17	0	16	13	3	30860	10	30888	1	3049618	3049597
2	13	30	0	3	30840	10	30848	1	3046226	3046198
29	9	6	4	3	30840	14	30880	8	3046588	3046612
3	0	31	13	3	30960	30	30968	21	3057917	3057915
10	8	25	4	3	31020	0	31028	23	3063998	3064014
24	7	9	6	3	31020	6	31060	0	3064569	3064564
12	9	16	13	3	30900	10	30888	7	3050139	3050143
5	14	8	9	3	30960	29	30980	23	3057830	3057838
8	5	24	8	3	30980	26	30988	17	3060422	3060418
12	12	15	6	3	31080	21	31100	15	3069390	3069389
18	6	15	6	3	31060	21	31100	15	3069400	3069389
25	10	7	3	3	31100	23	31140	17	3072797	3072806
7	15	5	7	3	31080	24	31100	18	3069678	3069672
5	1	29	12	3	31120	26	31128	17	3073128	3073116
25	12	16	8	3	31040	6	31068	31	3067841	3068097
19	12	14	2	3	31080	10	31120	4	3071476	3071501
15	11	24	15	3	31040	21	31048	6	3066262	3065663
4	11	29	1	3	31080	2	31088	25	3070675	3070682
25	5	5	9	3	30900	23	30940	17	3054149	3054146
0	10	31	3	3	30920	25	30928	16	3054401	3054400
24	5	9	7	3	30880	5	30920	31	3052470	3052467
27	4	7	7	3	30900	17	30940	11	3053648	3053677
19	4	13	9	3	30980	30	31020	24	3060866	3060861
7	13	25	1	3	30900	2	30908	25	3052159	3052154
17	12	14	2	3	30900	17	30940	11	3053650	3053681
16	1	17	14	3	30900	23	30928	14	3054166	3054172
2	8	31	6	3	30920	17	30928	8	3053672	3053684
26	11	5	0	3	30940	1	30980	27	3058152	3058153
19	6	14	7	3	31000	30	31040	24	3063898	3063897
9	11	17	9	3	30980	26	30988	17	3060485	3060479
18	7	15	6	3	31100	23	31140	17	3072821	3072838
7	1	14	13	3	30980	12	31000	6	3059215	3059212
9	9	24	4	3	31060	12	31068	3	3068450	3068452
9	3	23	11	3	30960	30	30968	21	3057962	3057971
7	5	25	8	3	31040	20	31048	11	3066227	3066225
13	0	21	11	3	31100	23	31108	14	3072839	3072836
24	5	8	0	3	30880	0	30920	26	3051986	3051941
27	1	7	13	3	31040	1	31080	27	3067488	3067457
25	5	13	6	3	31040	7	31080	27	3068021	3067463
10	11	3	9	3	31000	18	31040	21	3062783	3063528
24	3	8	10	3	31020	10	31060	4	3065087	3065095
24	1	26	2	3	31080	2	31108	31	3070724	3071348
11	0	21	11	3	31020	29	31028	20	3063703	3063694
6	2	20	13	3	31040	12	31048	4	3065151	3065271
17	11	6	1	3	30980	0	31020	29	3061043	3061271
20	6	14	7	3	31200	3	31240	29	3083673	3083687
17	14	22	9	3	31220	19	31248	10	3085479	3085487
14	0	19	13	3	31160	17	31168	8	3078618	3078617
19	0	13	14	3	31120	19	31160	13	3075442	3075446
25	9	9	5	3	31300	6	31340	0	3093777	3093776
23	8	6	4	3	31320	31	31360	25	3096215	3096221
16	2	17	9	3	31340	9	31368	0	3097164	3097166
17	14	24	1	3	31360	31	31388	22	3099566	3099575
3	9	30	4	3	31300	30	31308	21	3092931	3092935
25	2	7	13	3	31200	4	31240	30	3083773	3083771
19	7	12	5	3	31300	31	31340	25	3093034	3093049
20	6	14	7	3	31340	18	31380	12	3098143	3098148
10	8	24	5	3	31140	19	31148	10	3075467	3075465
18	15	8	15	3	31260	21	31280	10	3088987	3088401
5	5	23	11	3	31180	5	31208	4	3080702	3081421
25	5	25	3	3	31280	11	31288	2	3091052	3091053
7	9	26	5	3	31200	22	31208	13	3082317	3082310
23	10	8	2	3	31340	4	31380	30	3096701	3096702
10	13	16	8	3	31160	13	31168	11	3078203	3078979
12	10	7	9	3	31340	4	31380	30	3096716	3096707
17	14	14	2	3	31160	20	31200	14	3078975	3078981
29	3	6	9	3	31120	16	31160	10	3075168	3075160
11	0	23	14	3	31200	25	31208	16	3082686	3082675
7	5	28	9	3	31220	0	31228	23	3083435	3083425
24	1	10	11	3	31280	11	31320	5	3091074	3091089
6	4	27	9	3	31180	23	31188	14	3079286	3079287
20	6	9	4	3	31160	25	31200	18	3079478	3079380
21	9	12	5	3	31200	2	31240	28	3083628	3083648
9	1	21	9	3	31220	3	31228	26	3083722	3083724
7	5	28	9	3	31320	0	31308	23	3093164	3093158
24	7	8	6	3	31240	4	31280	30	3087357	3087354
11	11	24	1	3	31220	11	31228	2	3084635	3084642
15	11	22	10	3	31260	19	31268	10	3088815	3088840
2	8	30	6	3	31180	6	31188	29	3080829	3080828
25	10	5	3	3	31140	11	31180	5	3078100	3078059
24	15	23	9	3	31280	15	31308	9	3091520	3091828
1	2	31	11	3	31620	25	31628	16	3123909	3123912
7	10	16	12	3	31380	4	31388	3	3100118	3100806
19	5	14	7	3	31580	28	31620	23	3121275	3121284
9	3	24	8	3	31440	6	31448	29	3106570	3106579
12	10	25	14	3	31560	28	31568	19	3117976	3117966
14	0	19	13	3	31580	15	31588	6	3119936	3119945
31	3	19	9	3	31400	15	31428	3	3104404	3104162
19	7	13	7	3	31520	25	31560	20	3114649	3114677
11	1	23	14	3	31600	4	31608	27	3121892	3121897
30	13	3	1	3	31480	22	31520	17	3111355	3111356
24	9	9	5	3	31580	29	31620	24	3121374	3121369
1	11	30	4	3	31460	25	31468	16	3108418	3108415
13	0	20	13	3	31600	5	31608	28	3121998	3122006
23	10	12	5	3	31580	2	31620	29	3121752	3121749
12	10	14	7	3	31560	26	31600	28	3117837	3118515
21	6	13	7	3	31380	20	31420	15	3101657	3101665
7	10	24	4	3	31500	22	31508	13	3111378	3111391
10	11	22	12	3	31560	2	31568	26	3118648	3118729
11	0	23	14	3	31640	2	31648	25	3124832	3124851
27	0	4	14	3	31380	20	31420	15	3101669	3101667
26	5	5	8	3	31500	18	31540	13	3114070	3114067
20	3	21	10	3	31540	14	31548	6	3116714	3116813
19	5	15	15	3	31380	17	31420	11	3101398	3101414
17	14	19	9	3	31440	20	31468	11	3107885	3107887
31	5	7	3	3	31600	8	31640	3	3122325	3122333
3	8	13	8	3	31400	20	31420	10	3101699	3101287
4	13	30	0	3	31400	26	31408	17	3102272	3102273
13	0	20	12	3	31500	21	31508	12	3111237	3111240
11	1	22	12	3	31500	22	31508	13	3111416	3111396
28	8	5	5	3	31480	13	31520	8	3110426	3110445
14	1	2	11	3	31440	8	31480	3	3106763	3106770
24	5	7	11	3	31500	10	31540	1	3113327	3112886
26	5	4	9	3	31500	16	31540	11	3113935	3113932
28	8	5	5	3	31580	22	31620	17	3120607	3120599
8	4	25	8	3	31420	17	31428	8	3104686	3104691
3	13	31	0	3	31580	16	31588	7	3120088	3120061
29	11	4	3	3	31620	29	31660	24	3124328	3124337
7	3	23	9	3	31520	17	31528	8	3114039	3114032
17	0	15	14	3	31500	8	31540	3	3113147	3113138
21	6	11	6	3	31380	14	31420	8	3101151	3101128
19	7	13	5	3	31600	15	31640	10	3123000	3123024
13	2	20	11	3	31400	30	31408	21	3102673	3102635
3	0	30	13	3	31600	10	31608	1	3122485	3122459
19	12	13	1	3	31380	13	31420	7	3100897	3100856
27	0	3	15	3	31500	10	31540	5	3113211	3113212
13	0	19	13	3	31740	10	31748	1	3135247	3135228
17	14	10	2	3	31860	23	31900	12	3149088	3148516
4	13	9	6	3	31700	29	31720	22	3130748	3130563
10	8	24	4	3	31740	23	31748	14	3136588	3136587
14	14	0	6	3	31820	31	31840	26	3143719	3143711
30	11	3	2	3	31760	21	31800	16	3139705	3139707
4	12	31	0	3	31760	29	31768	20	3137288	3137296
20	9	12	4	3	31840	1	31880	28	3146979	3146984
2	8	27	5	3	31700	13	31708	4	3132444	3132437
2	8	26	5	3	31880	23	31888	14	3149117	3149133
8	6	25	8	3	31780	16	31788	7	3139201	3139190
14	0	18	13	3	31880	17	31888	8	3148536	3148538
27	4	6	9	3	31640	31	31680	26	3127851	3127850
13	2	18	12	3	31860	31	31868	22	3146769	3146765
23	5	9	9	3	31680	1	31720	28	3131072	3131068
17	11	21	10	3	31760	6	31768	2	3138199	3138737
24	15	10	2	3	31840	1	31880	28	3146980	3146990
7	9	24	5	3	31780	19	31788	10	3139503	3139504
21	1	11	9	3	31740	25	31780	20	3136894	3136902
1	8	31	6	3	31820	4	31828	27	3144206	3144204
21	9	11	4	3	31720	11	31760	6	3135349	3135342
8	12	25	1	3	31780	20	31788	11	3139634	3139657
16	1	10	2	3	31680	31	31720	17	3130915	3130007
7	9	3	5	3	31680	21	31700	9	3129919	3129339
2	8	31	7	3	31660	25	31668	16	3127224	3127219
12	2	20	11	3	31680	9	31688	0	3128899	3128902
3	9	13	1	3	31680	16	31700	8	3129458	3129216
4	6	8	1	3	31700	9	31740	4	3132005	3132013
29	4	3	10	3	31800	28	31840	23	3143493	3143474
14	1	19	13	3	31640	16	31648	7	3126363	3126370
14	1	18	11	3	31840	23	31848	14	3145965	3145969
3	6	31	7	3	31880	22	31888	13	3149054	3149053
3	13	31	0	3	31640	10	31648	1	3125828	3125788
22	13	7	15	3	31700	17	31740	18	3132840	3133475
23	3	7	10	3	31800	31	31840	26	3143777	3143773
10	11	28	5	3	31720	20	31728	19	3133014	3133857
23	10	8	2	3	31840	20	31880	15	3145639	3145599
8	5	23	9	3	32060	23	32068	14	3167599	3167591
9	9	27	5	3	32100	12	32088	3	3169743	3169717
31	0	4	7	3	32040	14	32080	9	3166759	3166763
6	2	27	11	3	31900	23	31908	14	3152118	3152114
6	4	29	9	3	32000	10	32008	1	3160145	3160142
23	11	0	10	3	31960	26	32000	21	3158574	3158579
25	5	6	8	3	32100	3	32140	30	3171999	3171998
14	1	19	14	3	32000	10	32008	1	3160148	3160162
13	14	13	1	3	32100	18	32120	13	3170276	3170303
23	11	12	4	3	32040	7	32080	2	3166143	3166124
19	6	13	7	3	32120	20	32160	15	3173782	3173766
13	1	20	12	3	32100	12	32088	3	3169747	3169732
7	2	27	12	3	32100	23	32108	14	3170853	3170849
19	5	17	8	3	31960	26	31988	17	3158598	3158599
18	7	2	1	3	32120	30	32160	25	3174803	3174793
11	0	22	12	3	31940	29	31948	20	3155780	3155779
7	1	12	3	3	32120	5	32160	8	3172307	3173149
11	0	3	11	3	32080	6	32120	31	3169100	3168889
23	3	20	11	3	31900	29	31928	17	3152696	3152417
14	0	19	12	3	32060	12	32068	3	3166614	3166616
9	11	25	1	3	31940	18	31948	9	3154754	3154814
5	1	10	4	3	32120	3	32140	30	3172070	3172048
24	9	10	4	3	32100	3	32140	30	3172064	3172048
23	5	9	9	3	32100	5	32140	0	3172323	3172326
2	13	2	8	3	31940	22	31960	17	3155132	3155130
2	8	3	10	3	32100	21	32120	6	3170710	3169709
3	13	16	10	3	31920	1	31928	0	3153089	3153839
3	0	30	13	3	31940	28	31948	19	3155711	3155709
9	14	18	12	3	31940	25	31948	13	3155428	3155150
11	0	22	13	3	32120	15	32128	6	3173395	3173398
26	0	6	9	3	31960	15	32000	10	3157559	3157570
25	5	9	7	3	31980	8	32020	3	3160005	3159960
18	6	26	14	3	32020	15	32048	16	3163882	3164812
8	7	25	13	3	31940	15	31948	6	3154348	3154373
3	9	30	4	3	32020	11	32028	2	3163411	3163407
31	5	2	8	3	31880	11	31920	6	3150992	3151045
18	7	16	14	3	32180	26	32208	17	3180850	3180839
8	2	25	14	3	32180	29	32148	24	3175101	3175039
2	8	30	5	3	32160	10	32168	1	3176088	3176087
8	14	10	2	3	32160	14	32200	15	3176484	3177143
9	1	23	11	3	32320	22	32328	13	3193206	3193227
29	12	3	1	3	32160	25	32200	20	3177657	3177685
11	11	27	5	3	32180	9	32188	0	3179183	3179167
2	12	29	1	3	32340	9	32348	0	3195075	3195079
26	5	23	15	3	32140	11	32168	5	3176159	3176498
18	15	14	1	3	32260	2	32300	29	3188028	3188025
14	15	20	1	3	32220	20	32228	5	3183565	3182893
3	0	29	12	3	32260	17	32268	8	3186380	3186363
24	5	5	8	3	32240	10	32280	5	3185693	3185696
19	6	24	1	3	32360	31	32368	17	3197173	3196756
14	13	13	5	3	32320	26	32360	21	3193599	3193585
15	3	18	9	3	32160	18	32168	9	3176930	3176931
1	10	30	4	3	32240	3	32248	26	3185037	3185022
14	1	19	14	3	32260	13	32268	4	3185999	3185992
9	3	21	9	3	32380	9	32388	0	3198201	3198191
28	8	7	5	3	32220	17	32260	12	3183211	3183216
11	11	16	13	3	32220	23	32248	19	3183867	3184262
8	13	24	1	3	32240	4	32248	27	3185145	3185183
31	10	5	5	3	32320	21	32360	16	3193120	3193125
14	1	20	12	3	32300	27	32308	18	3190664	3190672
4	6	31	7	3	32360	30	32368	21	3197128	3197134
17	0	16	14	3	32260	3	32288	26	3188192	3188178
7	2	24	5	3	32220	14	32228	11	3182923	3183601
0	10	31	4	3	32360	28	32368	19	3196950	3196957
26	15	31	0	3	32240	23	32268	14	3187012	3187007
14	0	19	13	3	32360	0	32368	23	3197325	3197326
21	1	12	12	3	32220	27	32260	22	3184208	3184206
14	11	6	10	3	32320	18	32340	13	3192826	3192858
26	5	3	9	3	32340	25	32380	20	3196657	3196655
7	9	24	5	3	32160	10	32168	1	3176063	3175985
10	5	26	9	3	32260	25	32268	16	3187194	3187168
29	11	5	2	3	32200	11	32240	6	3182539	3182518
24	9	9	5	3	32320	22	32360	17	3193196	3193192
23	8	11	6	3	32400	8	32440	3	3201515	3201514
1	2	31	15	3	32440	12	32448	3	3205161	3205159
18	12	20	13	3	32420	8	32448	3	3204848	3205166
24	15	11	0	3	32500	20	32540	15	3212319	3212321
5	1	31	14	3	32480	12	32488	3	3208275	3208283
8	4	21	9	3	32500	14	32528	12	3211746	3212455
3	12	5	8	3	32600	18	32640	17	3221802	3222176
24	7	29	6	3	32460	4	32488	0	3207512	3207900
23	2	6	1	3	32540	30	32580	26	3216771	3216873
17	14	31	12	3	32380	3	32408	26	3201025	3201030
21	9	9	13	3	32460	5	32500	27	3207602	3207135
26	5	3	9	3	32560	13	32600	8	3218312	3218320
13	11	24	8	3	32500	28	32508	24	3209959	3210424
16	2	18	15	3	32520	30	32528	21	3213359	3213352
7	9	27	5	3	32420	29	32428	20	3203764	3203749
5	3	29	10	3	32480	14	32488	5	3208450	3208454
9	9	25	4	3	32540	15	32548	6	3215292	3215269
29	3	5	9	3	32440	28	32480	23	3206705	3206704
22	13	13	6	3	32620	15	32660	10	3224875	3224877
7	9	27	5	3	32420	21	32428	12	3203034	3203030
25	9	7	4	3	32420	10	32460	5	3205053	3205040
25	10	18	8	3	32540	2	32568	25	3217179	3217178
1	5	24	4	3	32440	5	32428	19	3204563	3203673
8	13	25	0	3	32620	27	32628	18	3222751	3222763
5	3	28	10	3	32640	9	32648	0	3224290	3224308
21	6	13	7	3	32540	23	32580	18	3216092	3216096
3	0	30	12	3	32440	10	32448	1	3205065	3205060
7	2	27	12	3	32500	8	32508	31	3211140	3211148
15	3	18	11	3	32520	17	32528	8	3212091	3212092
10	8	10	4	3	32580	16	32600	15	3218665	3219055
6	2	26	11	3	32460	27	32468	18	3206671	3206647
23	5	4	8	3	32600	26	32640	21	3222670	3222673
2	0	29	13	3	32580	12	32568	3	3218262	3218258
25	9	7	4	3	32420	1	32460	28	3204203	3204205
29	12	1	0	3	32580	3	32620	30	3220457	3220461
31	3	2	9	3	32440	17	32480	12	3205615	3205606
23	10	12	4	3	32560	23	32600	18	3219233	3219236
16	2	29	3	3	32780	8	32788	28	3240177	3239850
27	4	7	9	3	32800	6	32840	1	3242998	3242997
12	10	21	4	3	32720	25	32708	6	3232203	3231194
23	10	12	5	3	32620	19	32660	14	3225311	3225297
11	15	15	10	3	32820	9	32840	1	3243241	3243009
30	11	4	3	3	32700	18	32740	13	3231479	3231480
13	0	20	13	3	32860	10	32868	1	3246377	3246383
28	15	21	12	3	32740	29	32748	20	3235993	3236001
26	0	5	13	3	32760	12	32800	7	3237584	3237590
3	8	28	5	3	32760	19	32768	10	3238145	3238155
19	7	14	7	3	32620	19	32660	14	3225316	3225325
27	4	18	13	3	32680	10	32708	9	3230656	3231514
18	11	14	2	3	32700	1	32740	28	3232969	3232965
13	14	6	10	3	32740	25	32760	17	3235569	3235270
20	9	12	5	3	32740	1	32780	28	3236397	3236406
31	1	2	11	3	32760	27	32800	22	3238856	3238872
13	0	16	15	3	32800	21	32808	11	3241484	3241382
8	6	23	11	3	32840	25	32848	18	3244864	3245059
3	9	30	3	3	32900	14	32908	5	3249898	3249902
23	5	6	9	3	32620	19	32660	14	3225342	3225427
20	6	13	7	3	32640	29	32680	24	3226263	3226271
23	11	12	3	3	32720	13	32760	8	3234192	3234179
7	1	29	13	3	32640	20	32648	11	3225478	3225482
17	0	16	13	3	32720	22	32748	13	3235290	3235293
24	7	8	5	3	32780	3	32820	30	3239694	3239708
9	11	24	1	3	32700	18	32708	9	3231541	3231567
20	9	12	4	3	32820	12	32860	7	3243570	3243568
20	14	7	7	3	32660	27	32700	22	3229051	3229055
30	11	28	6	3	32700	21	32708	12	3231812	3231781
24	7	7	7	3	32760	24	32800	19	3238622	3238621
1	11	30	3	3	32720	11	32728	2	3234008	3234009
1	5	29	7	3	32660	9	32668	0	3227269	3227268
29	13	5	1	3	33040	13	33080	8	3265451	3265462
13	1	19	9	3	33100	0	33108	23	3270483	3270480
4	6	29	7	3	32900	20	32908	11	3250516	3250526
15	3	18	11	3	33140	6	33148	29	3274391	3274395
3	12	26	2	3	32940	29	32948	20	3254819	3254813
24	5	18	13	3	33020	29	33048	25	3264044	3264437
0	4	10	6	3	33020	15	33060	20	3262743	3263629
8	5	26	8	3	33100	7	33108	30	3271196	3271193
5	1	29	12	3	33120	19	33128	10	3272408	3272414
8	15	19	15	3	33040	10	33068	4	3265180	3265471
3	12	29	1	3	33060	27	33068	18	3266837	3266830
25	15	0	0	3	32900	3	32940	23	3252003	3251332
25	9	5	3	3	33020	0	33060	27	3264250	3264271
24	3	5	13	3	33060	26	33100	21	3266757	3266760
9	1	25	12	3	32900	19	32908	10	3250459	3250448
3	8	28	5	3	32920	9	32928	0	3252624	3252639
16	2	17	13	3	33060	4	33088	27	3267760	3267766
14	0	18	12	3	33100	26	33108	17	3269960	3270004
18	4	10	11	3	33100	5	33140	0	3271031	3271033
31	10	13	1	3	33120	28	33160	30	3273430	3274130
31	13	0	0	3	33140	9	33180	4	3274696	3274703
10	11	25	0	3	32980	29	32988	20	3257854	3257860
10	4	22	9	3	33080	16	33088	7	3269033	3269021
25	5	8	8	3	32900	5	32940	0	3252234	3252238
19	4	25	12	3	32980	9	32988	6	3258960	3259561
14	14	17	13	3	32920	1	32928	30	3251810	3252496
3	12	30	0	3	33020	8	33028	31	3262047	3262064
15	12	25	14	3	33020	20	33028	3	3263236	3262445
19	2	12	11	3	33100	11	33140	6	3271588	3271572
24	7	2	11	3	33120	3	33180	6	3274142	3274949
7	13	24	1	3	32900	23	32908	14	3250859	3250853
9	9	25	4	3	33060	30	33068	21	3267226	3267231
23	10	12	4	3	33080	30	33120	25	3270375	3270373
3	12	30	2	3	32940	5	32948	28	3255620	3255596
15	3	18	12	3	33120	11	33128	2	3271653	3271581
18	4	16	9	3	32960	21	32968	12	3257031	3257035
0	7	29	6	3	32900	21	32908	12	3250579	3250592
3	9	30	4	3	32920	0	32908	23	3251697	3251699
28	3	5	9	3	32980	8	33020	3	3258801	3258774
23	11	10	2	3	33040	12	33080	7	3265278	3265276
18	4	24	1	3	33040	19	33068	15	3266021	3266569
13	1	20	11	3	33240	15	33248	6	3284824	3284833
9	3	2	13	3	33300	14	33340	4	3291204	3290697
27	0	4	14	3	33240	16	33280	11	3284893	3284897
8	6	22	14	3	33320	3	33328	26	3293409	3293402
19	7	13	7	3	33340	18	33380	13	3294973	3294970
13	0	20	12	3	33300	0	33308	23	3289725	3289724
25	10	9	3	3	33300	21	33340	16	3291915	3291935
4	12	26	5	3	33380	30	33388	21	3299082	3299099
19	12	14	3	3	33160	11	33200	6	3277968	3277967
8	5	26	8	3	33240	15	33248	6	3284850	3284851
29	12	5	2	3	33300	23	33340	18	3292125	3292127
31	10	6	4	3	33380	31	33420	26	3299152	3299160
2	13	30	0	3	33300	0	33308	23	3289750	3289740
7	15	9	6	3	33380	13	33400	7	3297406	3297299
20	6	16	9	3	33260	18	33288	6	3288305	3287879
10	5	21	8	3	33220	13	33228	4	3281409	3281405
28	8	5	5	3	33200	21	33240	16	3282110	3282117
19	0	14	13	3	33300	21	33340	16	3291946	3291945
27	9	7	4	3	33240	25	33280	20	3285834	3285842
25	10	6	1	3	33260	4	33300	31	3286882	3286880
12	12	14	3	3	33200	26	33220	27	3279473	3280026
7	2	30	12	3	33220	21	33228	12	3282124	3282125
0	7	11	4	3	33240	5	33260	0	3283784	3283763
6	4	26	9	3	33340	6	33348	29	3293755	3293761
11	11	29	6	3	33280	26	33288	18	3289193	3289228
13	12	27	12	3	33340	21	33368	22	3295321	3296263
17	10	10	6	3	33220	28	33260	22	3282912	3282842
14	9	7	3	3	33160	29	33200	1	3276702	3277602
13	2	19	9	3	33280	14	33288	5	3287846	3287841
23	3	20	12	3	33140	23	33168	11	3276122	3275780
7	5	12	4	3	33220	27	33240	17	3282844	3282231
2	0	30	12	3	33160	22	33168	13	3276006	3276007
6	2	30	13	3	33360	0	33368	23	3296375	3296360
9	11	24	1	3	33220	14	33228	5	3281467	3281472
3	9	27	5	3	33280	24	33288	15	3288805	3288768
11	1	16	13	3	33460	6	33468	27	3306399	3306202
9	9	25	4	3	33460	13	33468	4	3307070	3307053
2	12	29	1	3	33440	24	33448	15	3304968	3304969
7	2	27	10	3	33500	12	33508	3	3310071	3310110
5	1	29	13	3	33440	14	33448	5	3304014	3304005
11	11	3	10	3	33540	29	33580	24	3315161	3315158
25	2	7	11	3	33440	29	33480	24	3305544	3305524
21	1	11	14	3	33560	29	33600	24	3318153	3318159
5	5	27	12	3	33620	31	33628	22	3321333	3321335
19	6	13	6	3	33480	9	33520	4	3309800	3309794
26	3	6	9	3	33540	1	33580	28	3315571	3315568
28	8	4	4	3	33540	8	33580	3	3316201	3316194
9	0	26	15	3	33560	19	33568	10	3317185	3317209
25	1	14	3	3	33460	22	33500	9	3307924	3307191
23	8	6	1	3	33540	11	33580	6	3316455	3316454
29	0	3	13	3	33420	19	33460	14	3304497	3304517
3	12	27	3	3	33420	28	33428	19	3302205	3302201
12	2	21	12	3	33440	9	33448	0	3303419	3303403
10	5	26	8	3	33440	26	33448	17	3305217	3305216
7	9	25	3	3	33460	4	33468	27	3306242	3306244
26	11	0	11	3	33520	11	33560	4	3313317	3313109
6	4	24	8	3	33560	13	33568	4	3316655	3316631
23	8	7	9	3	33500	16	33540	11	3310598	3310596
13	2	20	12	3	33600	24	33608	15	3320826	3320820
29	13	5	0	3	33520	21	33560	13	3314238	3313923
26	2	8	2	3	33420	13	33460	5	3303911	3303542
19	7	14	7	3	33520	20	33560	15	3314179	3314184
11	0	22	15	3	33540	20	33548	11	3314159	3314158
23	11	9	3	3	33540	28	33580	23	3315132	3315135
6	4	28	9	3	33540	17	33548	8	3313892	3313886
7	2	26	12	3	33560	16	33568	7	3316927	3316925
0	2	28	10	3	33620	1	33628	24	3321634	3321628
28	3	7	9	3	33400	17	33440	12	3301035	3301134
29	11	6	3	3	33420	4	33460	31	3303043	3303069
26	3	2	12	3	33580	5	33620	0	3319037	3319022
6	4	28	9	3	33400	12	33408	3	3300413	3300409
5	1	27	12	3	33500	6	33508	29	3309411	3309480
24	1	18	13	3	33600	31	33628	23	3321327	3321416
18	7	15	6	3	33660	23	33700	18	3326859	3326856
26	11	5	2	3	33840	16	33880	11	3344720	3344717
8	2	26	12	3	33760	24	33768	15	3336379	3336390
9	11	26	2	3	33880	0	33868	23	3346232	3346204
29	9	10	2	3	33880	25	33920	20	3348708	3348716
12	12	0	6	3	33660	18	33700	16	3326444	3326667
12	2	20	11	3	33700	14	33708	5	3329072	3329082
10	13	25	13	3	33700	21	33708	15	3329829	3330108
23	3	5	5	3	33800	4	33840	9	3340477	3341413
10	8	16	13	3	33680	7	33688	30	3328367	3328351
23	12	10	2	3	33640	12	33680	7	3325839	3325836
29	13	3	1	3	33740	8	33780	3	3334811	3334821
3	12	2	3	3	33680	29	33700	14	3327342	3326538
17	0	15	15	3	33660	27	33700	22	3327169	3327166
14	0	18	8	3	33720	15	33728	6	3332368	3332372
17	14	6	9	3	33760	2	33820	4	3337299	3338036
0	5	28	7	3	33680	28	33688	19	3327262	3327259
23	1	9	13	3	33700	24	33740	19	3330129	3330131
31	10	13	6	3	33700	26	33740	21	3330328	3330323
31	5	6	8	3	33740	11	33780	6	3335086	3335090
29	4	8	8	3	33880	18	33920	13	3348064	3348072
9	0	24	14	3	33840	31	33848	22	3343192	3343191
31	5	1	9	3	33700	27	33740	22	3330429	3330425
25	12	8	2	3	33860	3	33900	30	3346679	3346659
9	9	26	2	3	33700	29	33708	20	3330653	3330654
7	10	21	8	3	33840	11	33848	2	3344299	3344306
14	1	19	13	3	33820	18	33828	9	3341796	3341798
18	12	15	1	3	33740	8	33780	3	3334854	3334866
16	2	17	13	3	33840	18	33868	9	3344948	3344955
14	0	19	13	3	33680	1	33688	24	3327836	3327840
4	6	31	7	3	33780	13	33788	4	3338437	3338462
27	1	6	9	3	33660	17	33700	12	3326432	3326420
31	1	4	11	3	33740	10	33780	5	3335006	3334999
19	6	14	7	3	33840	4	33880	31	3343699	3343701
8	14	12	8	3	33740	3	33780	30	3334336	3334321
0	2	29	9	3	33700	25	33708	16	3330147	3330146
28	8	7	5	3	33660	26	33700	21	3327068	3327033
28	8	5	5	3	33700	11	33740	6	3332014	3332016
31	1	4	11	3	34060	6	34100	1	3366576	3366579
8	12	3	5	3	33960	25	33980	12	3355377	3354621
7	3	26	11	3	33980	23	33988	14	3358433	3358435
31	13	2	1	3	34060	4	34100	31	3366340	3366330
16	1	17	14	3	34100	26	34128	17	3371596	3371601
8	13	25	0	3	33960	27	33968	18	3355599	3355614
2	12	30	2	3	34060	29	34068	20	3365566	3365563
23	11	9	1	3	33920	29	33960	24	3352670	3352667
21	9	21	11	3	34080	2	34108	25	3369294	3369286
29	3	7	9	3	34120	28	34160	23	3371838	3371836
11	15	25	1	3	34140	10	34148	1	3373267	3373246
29	4	1	10	3	34100	17	34140	12	3370630	3370626
1	13	31	2	3	33920	27	33928	18	3352510	3352511
7	9	25	4	3	34060	20	34048	11	3364655	3364654
0	6	28	6	3	34080	16	34088	7	3367523	3367524
18	7	16	12	3	33980	31	34008	22	3359215	3359219
1	2	29	10	3	34140	22	34148	13	3374407	3374385
4	13	29	1	3	33960	1	33968	24	3356221	3356214
0	10	30	3	3	33980	23	33988	14	3358468	3358455
3	14	9	6	3	34120	18	34140	19	3370784	3371459
18	6	15	6	3	34000	7	34040	2	3360210	3360180
7	1	26	12	3	34040	1	34048	24	3362637	3362640
3	8	2	9	3	34100	0	34120	2	3369216	3369772
24	2	7	13	3	33960	8	34000	3	3356935	3356931
7	2	26	10	3	34100	2	34108	25	3369319	3369326
18	12	15	1	3	34000	21	34040	16	3361526	3361532
10	8	25	3	3	34040	13	34048	4	3363935	3363928
13	1	30	2	3	34140	18	34148	9	3374088	3374082
17	11	15	1	3	33940	19	33980	14	3354852	3354846
5	3	26	9	3	34000	4	34008	27	3359952	3359956
5	1	27	11	3	34040	9	34048	0	3363543	3363551
9	3	25	11	3	34140	21	34148	12	3374326	3374320
31	3	4	9	3	34060	0	34100	27	3365920	3365917
18	11	15	1	3	34120	31	34160	26	3372190	3372182
11	0	22	14	3	33940	10	33948	1	3353939	3353936
4	6	29	6	3	34020	17	34028	8	3361195	3361200
22	3	11	12	3	33900	16	33940	11	3351274	3351279
20	6	14	7	3	34060	3	34100	30	3366325	3366296
10	4	23	9	3	34100	13	34108	4	3370323	3370322
21	9	12	4	3	34000	9	34040	4	3360449	3360454
24	9	8	5	3	34040	17	34080	12	3364363	3364371
12	13	25	8	3	34020	26	34028	13	3362024	3361650
29	3	2	7	3	33960	15	34000	10	3357692	3357691
17	0	16	14	3	34080	2	34108	25	3369338	3369340
1	11	30	3	3	34060	1	34068	24	3365943	3365940
17	14	11	0	3	33900	9	33940	4	3350438	3350441
26	3	7	9	3	34140	31	34180	26	3375260	3375250
31	10	4	4	3	34300	26	34340	21	3390414	3390412
31	0	9	4	3	34300	29	34340	24	3390689	3390679
7	10	30	13	3	34180	24	34188	6	3377553	3376658
7	2	24	8	3	34400	24	34408	15	3399986	3399979
24	3	7	11	3	34160	15	34200	10	3376647	3376644
25	10	6	3	3	34260	8	34300	3	3385230	3385231
5	14	0	11	3	34300	23	34340	17	3390190	3390057
7	10	24	5	3	34320	10	34328	1	3391957	3391965
26	0	5	13	3	34180	30	34220	25	3378185	3378202
2	12	30	2	3	34220	28	34228	19	3380952	3380973
23	3	12	8	3	34220	12	34260	7	3382450	3382456
24	1	6	15	3	34320	20	34360	15	3393082	3393091
14	6	31	13	3	34200	9	34208	28	3379226	3378863
3	0	29	12	3	34220	3	34228	26	3381640	3381629
17	14	23	12	3	34180	29	34188	21	3378131	3378201
26	0	7	3	3	34240	24	34280	19	3383599	3383572
25	2	4	7	3	34160	8	34200	3	3376068	3376082
19	5	28	6	3	34200	13	34228	14	3379628	3380586
7	9	27	5	3	34180	27	34188	18	3377926	3377912
13	2	20	12	3	34280	21	34288	12	3386610	3386619
12	12	1	12	3	34400	12	34440	18	3398925	3399926
23	10	10	2	3	34320	13	34360	8	3392431	3392407
14	8	8	2	3	34200	3	34220	6	3378678	3379444
7	1	22	10	3	34300	4	34288	27	3388210	3388224
22	3	25	8	3	34200	23	34228	14	3380597	3380604
24	15	14	2	3	34220	19	34260	5	3383086	3382328
24	1	13	5	3	34240	2	34280	29	3384600	3384656
14	0	20	13	3	34200	16	34208	7	3379946	3379954
18	15	20	13	3	34200	27	34208	7	3380925	3379954
28	8	6	4	3	34320	23	34360	18	3393396	3393406
10	8	24	5	3	34180	13	34188	4	3376500	3376504
9	11	25	1	3	34280	26	34288	17	3387125	3387093
15	12	23	9	3	34220	23	34228	14	3380609	3380612
5	7	29	7	3	34360	0	34348	23	3394476	3394473
29	4	4	9	3	34180	29	34220	24	3378157	3378168
13	0	20	12	3	34220	3	34228	26	3381601	3381599
7	5	26	9	3	34280	3	34288	26	3387976	3388019
24	7	11	6	3	34640	12	34680	7	3424527	3424532
13	11	31	9	3	34540	23	34548	14	3412717	3412715
26	3	2	11	3	34440	14	34480	9	3405374	3405376
8	13	9	1	3	34480	1	34500	28	3407262	3407274
29	6	4	8	3	34600	6	34640	1	3420719	3420712
5	1	27	11	3	34420	6	34428	29	3401353	3401352
7	10	25	4	3	34440	3	34448	26	3404213	3404218
3	9	31	4	3	34580	7	34588	30	3417430	3417426
18	6	14	7	3	34440	29	34480	24	3403709	3403704
12	8	22	12	3	34580	1	34588	24	3416826	3416833
24	3	6	8	3	34460	26	34500	20	3406579	3406484
27	4	4	11	3	34640	16	34680	11	3424912	3424913
7	9	26	5	3	34540	21	34548	12	3412514	3412515
28	8	3	4	3	34540	17	34580	12	3415119	3415132
15	11	21	10	3	34520	5	34528	31	3410876	3411166
24	3	9	9	3	34480	8	34520	3	3407956	3407944
25	12	9	1	3	34480	17	34520	12	3408752	3408756
17	10	14	3	3	34420	13	34460	16	3402071	3402910
20	9	15	6	3	34640	14	34680	9	3424713	3424720
0	6	22	1	3	34540	20	34548	18	3412464	3413036
16	2	19	14	3	34500	27	34508	18	3409831	3409838
21	6	6	9	3	34500	7	34540	2	3411092	3411095
12	2	21	9	3	34420	10	34428	1	3401784	3401788
8	5	24	8	3	34480	8	34488	31	3407960	3407985
23	0	6	8	3	34440	10	34480	5	3404970	3404980
11	1	22	12	3	34460	16	34468	7	3405548	3405538
13	1	26	9	3	34540	30	34548	21	3413325	3413324
26	11	9	3	3	34480	14	34520	9	3408511	3408515
26	2	7	11	3	34620	18	34660	13	3421863	3421903
10	15	5	0	3	34460	23	34480	8	3406271	3405320
1	13	31	0	3	34600	29	34608	20	3419612	3419606
4	12	29	1	3	34640	29	34648	20	3422991	3422981
24	15	2	11	3	34580	23	34620	12	3419022	3418457
14	1	18	11	3	34480	26	34488	17	3406617	3406614
7	9	25	3	3	34480	27	34488	18	3406637	3406618
23	0	12	12	3	34500	30	34540	25	3410131	3410144
8	14	0	11	3	34840	6	34880	7	3443492	3444132
7	1	26	12	3	34880	11	34888	2	3447130	3447133
18	12	28	10	3	34800	10	34828	4	3440330	3440725
11	1	22	13	3	34720	25	34728	16	3432047	3432051
0	7	18	13	3	34800	7	34808	30	3439974	3439973
21	9	2	13	3	34680	21	34720	22	3428520	3429218
18	12	22	10	3	34860	9	34888	1	3446959	3447050
31	14	3	1	3	34660	25	34700	20	3425836	3425840
28	3	3	11	3	34800	14	34840	9	3440866	3440864
25	10	5	2	3	34840	13	34880	8	3444217	3444195
6	2	26	11	3	34680	13	34688	4	3427736	3427737
21	1	11	15	3	34700	2	34740	29	3429880	3429875
3	6	8	5	3	34880	14	34900	5	3447483	3447074
18	7	27	9	3	34720	2	34748	30	3433006	3433550
8	7	21	9	3	34820	13	34828	4	3440772	3440760
13	2	20	12	3	34880	15	34888	6	3447567	3447562
16	1	16	10	3	34700	16	34728	7	3431239	3431242
0	4	22	13	3	34680	12	34708	13	3427679	3428648
9	1	21	11	3	34880	15	34888	6	3447574	3447568
11	13	18	7	3	34720	27	34728	16	3432353	3432089
4	13	26	2	3	34800	3	34808	26	3439555	3439559
3	0	29	10	3	34880	8	34868	31	3446889	3446892
19	4	6	3	3	34680	14	34720	9	3427829	3427828
13	14	31	7	3	34800	1	34808	26	3439418	3439579
19	6	14	7	3	34660	10	34700	5	3427483	3427480
31	0	5	7	3	34680	14	34720	9	3427835	3427832
18	12	14	2	3	34820	11	34860	6	3444059	3444071
23	3	10	11	3	34840	24	34880	19	3445328	3445327
2	12	24	5	3	34760	1	34768	24	3436049	3436061
19	12	14	2	3	34840	15	34880	10	3444428	3444433
7	1	29	14	3	34720	8	34708	31	3430500	3430504
7	1	27	12	3	34760	17	34768	8	3434597	3434589
28	8	0	5	3	34680	23	34720	18	3428812	3428814
17	14	6	7	3	34860	0	34900	27	3446164	3446166
4	0	29	13	3	34760	22	34768	13	3435070	3435052
13	12	2	4	3	34840	10	34860	5	3444015	3443965
3	0	29	12	3	34880	11	34888	2	3447200	3447206
11	11	10	2	3	34720	26	34740	14	3432253	3431573
18	6	12	4	3	34680	22	34720	12	3428673	3428106
13	12	11	9	3	34840	5	34860	31	3443482	3443400
26	5	3	9	3	34660	5	34700	0	3426995	3426993
20	6	17	8	3	34800	22	34828	16	3441836	3442143
13	0	19	12	3	34720	13	34728	4	3430895	3430914
7	2	26	10	3	34740	15	34748	6	3434369	3434368
28	8	8	6	3	34860	13	34900	8	3447343	3447368
20	3	2	10	3	34940	17	34960	8	3454267	3453858
21	6	29	3	3	35040	0	35048	16	3465076	3464459
17	14	27	10	3	34900	11	34908	7	3450398	3450904
23	0	9	15	3	35100	30	35140	25	3471176	3471183
23	10	10	4	3	35120	19	35160	14	3473318	3473298
10	5	24	8	3	34920	21	34928	12	3451505	3451506
7	13	25	1	3	34980	27	34988	18	3458363	3458356
31	1	2	11	3	35100	20	35140	15	3470178	3470182
16	1	31	11	3	34940	1	34968	22	3455859	3455667
12	2	20	12	3	35040	8	35028	31	3462769	3462773
18	6	15	6	3	35020	1	35060	28	3462139	3462132
14	1	19	12	3	34900	12	34908	3	3450500	3450508
13	2	19	9	3	34920	23	34928	14	3451703	3451701
3	8	30	5	3	35080	26	35088	17	3467626	3467631
16	13	4	11	3	35120	22	35160	8	3473688	3472671
0	10	29	9	3	35060	5	35068	28	3465621	3465611
26	15	31	14	3	35040	21	35048	12	3464130	3464139
12	2	22	12	3	34920	31	34928	22	3452487	3452489
18	4	23	1	3	34900	25	34928	19	3451877	3452119
28	3	2	9	3	35000	17	35040	12	3460586	3460574
21	9	12	4	3	35080	5	35120	0	3468860	3468859
9	0	23	11	3	34920	16	34908	7	3450992	3450993
25	15	11	6	3	34960	8	35000	31	3456496	3456208
18	11	14	2	3	35060	14	35100	9	3466519	3466520
6	2	26	10	3	35000	1	35008	24	3458971	3458965
3	0	31	13	3	35040	14	35048	5	3463430	3463427
27	0	6	15	3	35000	26	35040	21	3461424	3461435
18	4	15	10	3	35040	27	35080	22	3464658	3464659
25	9	9	5	3	35120	16	35160	11	3473009	3473010
5	14	18	9	3	34920	17	34928	13	3451088	3451638
18	7	15	6	3	34920	14	34960	9	3454006	3454007
17	12	15	1	3	35100	19	35140	15	3470167	3470224
19	7	14	7	3	35120	21	35160	16	3473547	3473545
8	6	24	8	3	35060	31	35068	22	3465068	3465080
27	0	7	13	3	34920	10	34960	5	3453574	3453572
14	1	19	12	3	34920	16	34908	7	3451015	3451014
31	3	3	10	3	34940	29	34980	24	3455521	3455519
8	4	27	10	3	34980	12	34968	3	3456812	3456803
29	3	6	10	3	34920	31	34960	26	3452444	3452446
28	8	5	5	3	35300	0	35340	27	3490298	3490304
2	13	31	0	3	35240	1	35248	24	3484128	3484134
5	7	29	7	3	35300	24	35308	15	3489600	3489616
12	10	8	5	3	35200	18	35220	13	3479448	3479437
8	12	24	1	3	35340	5	35348	28	3494187	3494189
31	14	2	1	3	35220	26	35260	21	3483461	3483458
19	6	15	6	3	35180	17	35220	12	3479344	3479342
29	14	21	9	3	35220	11	35228	7	3481911	3482460
24	3	6	10	3	35260	1	35300	28	3487239	3487212
24	7	7	6	3	35300	8	35340	3	3491189	3491188
29	12	5	3	3	35180	6	35220	1	3478152	3478144
19	0	14	13	3	35240	15	35280	10	3485575	3485577
30	11	3	2	3	35260	16	35300	11	3485664	3485675
30	11	0	1	3	35260	30	35300	25	3486931	3486939
28	8	3	5	3	35180	2	35220	29	3477737	3477722
29	12	1	0	3	35220	12	35260	7	3482042	3482045
13	11	18	9	3	35380	15	35408	11	3497984	3498510
16	1	17	14	3	35380	25	35408	16	3498992	3498991
14	13	25	0	3	35180	0	35188	16	3477545	3476947
28	3	1	12	3	35220	8	35260	3	3481596	3481592
24	7	9	6	3	35360	23	35400	18	3496007	3496001
13	14	12	3	3	35300	15	35320	5	3488671	3488246
15	11	20	1	3	35200	10	35188	31	3478609	3478400
11	1	18	9	3	35360	20	35368	3	3495684	3494913
17	11	18	9	3	35340	13	35368	3	3494983	3494913
5	3	30	12	3	35220	6	35228	29	3481403	3481396
15	12	13	1	3	35200	27	35240	22	3480430	3480441
11	0	5	13	3	35220	4	35240	29	3481213	3481014
27	13	6	1	3	35220	16	35260	11	3482509	3482571
28	3	6	10	3	35380	27	35420	22	3499219	3499213
9	0	25	14	3	35200	11	35208	2	3478614	3478611
12	12	27	3	3	35280	26	35268	12	3486529	3486015
7	9	4	4	3	35320	12	35340	2	3491470	3491080
8	4	26	9	3	35620	22	35628	13	3520064	3520067
24	5	2	5	3	35480	24	35520	19	3508076	3508079
10	8	27	3	3	35500	24	35508	15	3508083	3508072
2	0	30	12	3	35660	1	35668	24	3524586	3524588
18	12	15	1	3	35660	0	35700	27	3524482	3524476
9	9	2	9	3	35440	7	35480	8	3503578	3504121
13	0	19	12	3	35580	4	35568	27	3515122	3515114
5	5	31	9	3	35600	11	35608	2	3519048	3519045
11	0	20	13	3	35520	16	35528	7	3510316	3510292
27	4	2	9	3	35460	3	35500	30	3506134	3506138
5	7	29	7	3	35420	9	35428	0	3500499	3500504
5	1	27	11	3	35640	11	35648	2	3522192	3522186
24	3	14	1	3	35500	12	35540	0	3509923	3509314
26	0	25	0	3	35580	16	35588	1	3516348	3515676
23	12	12	3	3	35600	10	35640	5	3518965	3518986
4	13	6	1	3	35460	14	35480	8	3504238	3504146
3	6	26	8	3	35580	11	35588	2	3515768	3515774
24	1	8	13	3	35520	7	35560	2	3512565	3512558
10	5	23	9	3	35580	18	35588	9	3516498	3516502
23	5	11	8	3	35460	24	35500	19	3505118	3505116
25	11	5	1	3	35500	18	35540	13	3510491	3510501
13	1	0	14	3	35500	22	35520	17	3507947	3507958
17	0	18	15	3	35420	19	35428	10	3501500	3501496
30	11	5	3	3	35520	1	35560	26	3512035	3511863
25	9	9	4	3	35600	11	35640	6	3519079	3519073
9	1	6	10	3	35620	23	35660	22	3520226	3520561
25	9	4	4	3	35600	13	35640	8	3519238	3519236
6	2	27	11	3	35440	29	35448	20	3502527	3502529
7	2	31	13	3	35540	7	35548	29	3512600	3512509
4	11	29	3	3	35560	20	35568	11	3513800	3513794
21	1	11	13	3	35460	29	35500	24	3505559	3505561
25	1	7	13	3	35500	5	35540	0	3509341	3509335
25	10	9	4	3	35440	7	35480	2	3503627	3503632
29	3	1	11	3	35460	2	35500	29	3506076	3506048
19	2	5	3	3	35540	27	35580	22	3514462	3514467
5	3	26	10	3	35540	14	35548	5	3513247	3513225
4	6	31	6	3	35580	20	35588	11	3516708	3516707
29	13	7	3	3	35400	5	35440	0	3500130	3500141
26	11	8	2	3	35580	25	35620	20	3517191	3517192
25	5	30	4	3	35600	6	35628	6	3518634	3519432
13	14	20	12	3	35440	5	35448	26	3503454	3503215
14	0	19	13	3	35640	16	35648	7	3522788	3522774
23	11	10	2	3	35500	14	35540	9	3510138	3510142
14	1	19	15	3	35480	9	35488	0	3506613	3506611
10	5	22	9	3	35620	24	35628	15	3520229	3520222
19	7	4	8	3	35580	31	35620	26	3517814	3517755
29	11	0	0	3	35760	10	35800	5	3535059	3535060
23	10	12	5	3	35780	2	35820	29	3537224	3537221
23	5	16	13	3	35680	3	35708	26	3527901	3527908
26	2	29	13	3	35720	5	35748	30	3531241	3531381
1	11	29	3	3	35860	6	35868	29	3544338	3544337
27	9	6	3	3	35860	16	35900	11	3545330	3545319
6	2	4	5	3	35700	28	35720	23	3527238	3527233
5	15	10	4	3	35880	23	35900	10	3545957	3545232
29	4	2	10	3	35720	2	35760	29	3530944	3530925
26	11	6	1	3	35740	21	35780	16	3533009	3533021
5	1	29	14	3	35760	2	35768	25	3534238	3534234
13	2	20	11	3	35880	30	35888	21	3546666	3546669
11	1	20	11	3	35680	12	35688	3	3525732	3525731
29	3	11	6	3	35680	23	35720	18	3526835	3526838
8	13	12	3	3	35800	19	35840	16	3539052	3539258
9	1	22	9	3	35880	30	35888	21	3546677	3546678
24	5	10	8	3	35660	12	35700	7	3525744	3525745
17	0	7	7	3	35820	1	35860	28	3540665	3540659
13	2	21	10	3	35720	31	35728	22	3530613	3530614
13	9	21	6	3	35900	8	35908	8	3547695	3548575
18	6	19	10	3	35780	2	35808	29	3537248	3537711
25	2	7	11	3	35840	30	35880	25	3543487	3543486
20	6	24	8	3	35660	7	35668	30	3525224	3525223
24	9	10	4	3	35800	29	35840	24	3540128	3540120
21	9	19	13	3	35840	2	35868	26	3543934	3544054
15	3	14	1	3	35800	10	35820	31	3538151	3537498
23	5	7	9	3	35660	5	35700	0	3525019	3525034
3	12	31	2	3	35740	22	35748	13	3533157	3533160
14	11	4	11	3	35760	2	35780	29	3534279	3534280
14	1	18	13	3	35860	6	35868	29	3544380	3544390
24	2	8	10	3	35700	19	35740	14	3529538	3529547
24	5	4	9	3	35700	20	35740	15	3529633	3529632
7	2	26	12	3	35680	9	35688	0	3525430	3525425
18	4	21	10	3	35700	24	35728	9	3529979	3529433
26	3	6	9	3	35900	16	35940	11	3548478	3548482
4	13	17	13	3	35720	21	35728	21	3529725	3530557
19	0	29	14	3	35760	6	35768	22	3534724	3534030
25	11	20	0	3	35900	22	35908	15	3549133	3549305
28	8	7	6	3	35660	12	35700	7	3525776	3525800
23	10	9	4	3	35660	15	35700	10	3526038	3526047
17	14	31	9	3	35720	15	35748	6	3532390	3532388
25	11	5	0	3	35780	3	35820	30	3537372	3537378
18	7	15	6	3	35860	16	35900	11	3545299	3545281
9	13	24	1	3	35920	6	35928	29	3550568	3550560
12	2	20	11	3	36100	19	36108	10	3567316	3567317
26	0	21	8	3	36040	12	36068	12	3563619	3564368
13	0	24	14	3	35960	1	35968	31	3553347	3554084
14	0	19	13	3	36160	23	36168	14	3574134	3574135
28	3	6	9	3	35980	16	36020	11	3557997	3557995
20	9	12	3	3	35940	1	35980	28	3553357	3553356
5	3	28	9	3	36020	29	36028	20	3559291	3559288
5	5	0	11	3	36080	4	36120	9	3565928	3566854
24	3	10	9	3	36140	8	36180	3	3572739	3572729
11	0	23	15	3	35960	10	35968	1	3554313	3554255
17	11	14	1	3	36040	10	36080	5	3563475	3563490
13	2	20	11	3	36100	21	36108	12	3567529	3567530
31	5	5	8	3	35920	5	35960	0	3550491	3550487
29	11	17	9	3	35920	15	35948	8	3551524	3551715
17	11	15	1	3	35920	19	35960	14	3551920	3551917
26	5	7	15	3	35960	18	35980	5	3555006	3554257
13	2	4	12	3	36140	20	36160	19	3570794	3571247
27	1	9	3	3	35980	7	36000	24	3557128	3556154
17	12	7	9	3	36060	28	36100	21	3565074	3564853
17	11	7	7	3	36080	15	36120	13	3566995	3567253
14	0	19	14	3	36040	19	36048	10	3561353	3561355
2	14	26	2	3	36160	27	36168	18	3574666	3574672
6	2	25	11	3	35960	2	35968	25	3553513	3553502
23	3	28	7	3	35920	16	35928	1	3551648	3550986
19	7	13	6	3	36000	4	36040	31	3559900	3559909
19	7	29	13	3	36100	29	36108	22	3568377	3568568
14	0	18	13	3	36100	29	36108	20	3568403	3568393
24	7	8	6	3	35960	24	36000	19	3555647	3555648
23	5	13	5	3	35980	13	36040	16	3557725	3558542
9	9	14	3	3	35960	7	35980	6	3554054	3554393
4	12	18	8	3	36100	19	36108	5	3567408	3566907
1	5	31	15	3	36140	24	36148	15	3571241	3571246
17	0	16	12	3	35960	14	35968	5	3554670	3554662
18	7	15	6	3	36160	22	36200	17	3574109	3574126
8	7	13	2	3	35980	26	36000	25	3555882	3556258
19	7	15	6	3	35940	10	35980	5	3554312	3554292
24	7	8	0	3	36080	8	36120	3	3566336	3566345
4	11	30	2	3	35920	5	35928	28	3550455	3550448
3	0	29	10	3	36160	22	36168	13	3574064	3574063
17	0	16	14	3	35920	18	35948	9	3551801	3551749
8	6	25	8	3	36240	27	36248	18	3581306	3581309
5	15	25	0	3	36360	2	36368	25	3594240	3594251
12	8	31	9	3	36380	13	36388	4	3595259	3595270
23	12	23	12	3	36160	3	36188	27	3575443	3575532
27	4	29	10	3	36220	22	36228	4	3580827	3579874
25	10	9	4	3	36260	10	36300	5	3585792	3585807
0	6	30	6	3	36200	31	36208	22	3578347	3578345
11	0	31	13	3	36260	30	36268	21	3584411	3584413
10	5	21	8	3	36300	27	36308	18	3587361	3587365
18	4	0	13	3	36200	11	36240	6	3579715	3579725
23	11	9	1	3	36340	11	36380	6	3592055	3592066
3	8	30	4	3	36360	20	36368	11	3592900	3592925
27	4	5	9	3	36360	2	36400	29	3594243	3594236
13	1	20	13	3	36200	29	36208	20	3578117	3578123
7	9	29	3	3	36360	19	36368	10	3592791	3592793
29	3	3	12	3	36320	5	36360	0	3591422	3591427
27	4	3	10	3	36360	29	36400	24	3593749	3593747
31	1	1	13	3	36380	22	36420	17	3596118	3596124
29	9	2	3	3	36200	6	36240	1	3579202	3579197
17	14	22	15	3	36400	10	36428	6	3598012	3598487
4	12	25	3	3	36180	12	36188	3	3576403	3576395
4	11	29	3	3	36360	27	36368	18	3593572	3593575
13	1	20	12	3	36420	27	36428	18	3599773	3599785
7	2	27	12	3	36200	23	36208	14	3577461	3577459
14	0	7	4	3	36300	20	36320	22	3586817	3587374
0	15	30	6	3	36360	30	36368	21	3593879	3593875
31	10	0	1	3	36300	9	36340	4	3588768	3588778
20	14	9	14	3	36300	10	36340	28	3588916	3588013
5	7	29	6	3	36340	1	36348	24	3591084	3591118
8	5	24	8	3	36360	16	36348	7	3592541	3592536
22	3	13	9	3	36200	0	36240	27	3578567	3578574
25	9	21	11	3	36200	1	36208	27	3578693	3579056
29	0	24	8	3	36340	11	36348	7	3592108	3592536
23	8	11	4	3	36320	31	36360	26	3590908	3590903
13	1	20	13	3	36380	14	36388	5	3595415	3595418
9	9	25	4	3	36260	12	36248	3	3582910	3582895
14	15	13	1	3	36260	16	36280	18	3583272	3583941
2	0	29	12	3	36360	16	36348	7	3592576	3592572
8	6	26	5	3	36400	6	36408	29	3597701	3597705
2	12	30	2	3	36220	5	36228	28	3579078	3579081
9	1	25	12	3	36360	31	36368	22	3593958	3593938
17	14	25	12	3	36320	7	36348	30	3591540	3591601
5	7	24	5	3	36440	17	36448	8	3601862	3601870
14	8	2	6	3	36540	4	36560	3	3610219	3610650
17	14	21	11	3	36580	5	36588	20	3616798	3615955
11	15	20	1	3	36500	3	36488	17	3606807	3605931
3	12	31	2	3	36440	6	36448	29	3600878	3600870
9	0	25	13	3	36600	4	36608	27	3616680	3616675
29	13	6	1	3	36620	15	36660	10	3620575	3620585
5	1	13	5	3	36480	10	36500	5	3604446	3604440
3	13	26	2	3	36500	0	36508	23	3606536	3606531
18	7	15	6	3	36440	18	36480	13	3601984	3601975
25	9	4	3	3	36620	6	36660	1	3619710	3619707
17	0	4	11	3	36660	16	36700	3	3623637	3622880
7	9	3	10	3	36440	17	36480	12	3601869	3601872
3	12	23	14	3	36560	8	36568	0	3613929	3614052
14	9	2	14	3	36660	13	36700	15	3623412	3624073
23	3	12	9	3	36440	15	36480	10	3601703	3601701
23	5	7	9	3	36580	4	36620	31	3616676	3616689
3	8	30	6	3	36660	9	36668	0	3623028	3623033
14	14	18	15	3	36660	12	36668	29	3623352	3622734
31	3	2	11	3	36660	27	36700	22	3624647	3624643
19	12	14	3	3	36620	15	36660	10	3620601	3620598
14	9	3	5	3	36480	12	36500	7	3604700	3604715
2	13	31	0	3	36560	8	36568	31	3613932	3613931
29	11	8	0	3	36480	25	36520	29	3605836	3606762
30	11	3	2	3	36560	22	36600	17	3615259	3615260
20	6	13	7	3	36420	0	36460	27	3600358	3600300
20	9	12	3	3	36440	27	36480	22	3602893	3602892
19	6	13	7	3	36660	12	36700	7	3623343	3623346
10	4	21	9	3	36540	6	36548	29	3610534	3610502
12	2	18	15	3	36440	6	36448	29	3600901	3600908
10	8	25	4	3	36460	31	36468	22	3603266	3603268
13	1	24	4	3	36660	12	36668	1	3623383	3623205
24	9	10	4	3	36620	9	36660	4	3619983	3619985
5	7	28	7	3	36540	21	36548	12	3611903	3611958
27	1	1	13	3	36500	9	36540	4	3607413	3607443
29	9	6	4	3	36680	28	36720	23	3624710	3624688
18	15	15	1	3	36860	27	36920	31	3643435	3644400
4	12	9	4	3	36700	21	36740	14	3627171	3626968
0	10	30	4	3	36840	19	36848	10	3639454	3639456
31	13	3	1	3	36780	19	36820	14	3636381	3636378
1	4	31	4	3	36900	19	36908	7	3645913	3645560
8	13	24	1	3	36720	3	36728	26	3628691	3628681
8	6	25	8	3	36700	9	36708	0	3626066	3626049
3	9	31	2	3	36800	19	36808	10	3636372	3636384
15	3	18	11	3	36900	23	36908	14	3646282	3646271
29	3	5	9	3	36840	13	36880	8	3642200	3642202
11	0	25	3	3	36840	28	36848	17	3640435	3640187
6	2	26	11	3	36760	19	36768	10	3633253	3633259
29	6	5	7	3	36720	12	36760	7	3629461	3629455
20	3	13	9	3	36880	9	36920	4	3644794	3644795
7	2	10	2	3	36920	2	36940	28	3647416	3647257
25	9	9	5	3	36780	7	36820	2	3635167	3635174
23	0	21	9	3	36860	1	36888	24	3644148	3644144
29	3	4	9	3	36920	13	36960	8	3648456	3648460
11	1	21	10	3	36920	4	36928	27	3647590	3647600
7	5	29	9	3	36800	14	36808	5	3635905	3635898
6	4	7	11	3	36820	7	36840	31	3638313	3638051
3	9	25	3	3	36720	10	36728	1	3629304	3629306
23	10	9	4	3	36780	10	36820	5	3635479	3635511
1	8	31	6	3	36780	4	36788	27	3634881	3634883
11	1	8	6	3	36780	5	36800	25	3634960	3634248
29	6	4	7	3	36760	30	36800	25	3634237	3634247
11	11	25	1	3	36780	25	36788	16	3633859	3633800
5	14	30	4	3	36920	12	36928	3	3648392	3648335
21	9	16	8	3	36860	21	36868	2	3642954	3642120
0	10	30	4	3	36860	4	36848	27	3641169	3641166
19	7	14	7	3	36760	19	36800	14	3633199	3633200
16	1	16	12	3	37020	3	37048	26	3659782	3659786
29	3	5	9	3	37120	31	37160	26	3668502	3668494
8	2	29	13	3	37000	29	37008	20	3656035	3656039
16	2	16	12	3	37080	14	37088	5	3663682	3663692
26	3	6	10	3	37120	21	37160	16	3667429	3667432
3	9	30	4	3	36980	29	36988	20	3652947	3652948
10	5	22	9	3	36980	5	36988	28	3653686	3653681
5	3	16	8	3	36980	15	37008	8	3654568	3654768
1	13	26	12	3	37040	3	37048	29	3659785	3660109
25	12	8	1	3	37140	11	37180	6	3669752	3669747
2	0	29	13	3	37020	21	37028	12	3658451	3658458
7	13	25	1	3	37040	27	37048	18	3659028	3659027
13	1	19	12	3	37120	14	37128	5	3666827	3666818
29	11	6	3	3	37000	1	37040	28	3656494	3656506
31	3	2	9	3	37100	18	37140	13	3667119	3667104
1	10	31	2	3	37180	10	37188	1	3672862	3672858
10	4	25	11	3	36980	5	36988	28	3653749	3653697
26	2	7	10	3	37120	2	37160	29	3668812	3668816
8	2	19	14	3	37140	7	37148	30	3669360	3669361
24	1	10	11	3	37000	15	37040	10	3657933	3657934
23	2	2	6	3	37040	15	37080	13	3660970	3661232
15	3	18	11	3	37060	30	37068	21	3662237	3662240
13	1	19	12	3	37120	8	37108	31	3666219	3666216
1	8	20	1	3	36960	8	36948	29	3651026	3650868
17	14	11	0	3	36960	21	37000	20	3652320	3652658
24	7	8	6	3	37060	30	37100	25	3662234	3662243
1	10	31	4	3	36940	3	36948	26	3650580	3650576
13	0	20	12	3	37120	13	37128	4	3666737	3666745
30	11	9	1	3	37040	15	37080	10	3660983	3660998
17	14	5	5	3	37040	19	37080	8	3661327	3660825
25	2	8	10	3	37080	13	37120	8	3663667	3663665
30	11	5	0	3	37140	23	37180	18	3670973	3670971
18	12	15	1	3	37000	7	37040	2	3657129	3657133
23	10	10	4	3	37040	4	37080	31	3659972	3659968
26	5	5	7	3	37040	19	37080	14	3661353	3661330
7	2	25	12	3	37020	13	37028	4	3657564	3657561
16	2	16	12	3	36940	18	36968	9	3651913	3651868
10	13	12	5	3	37380	13	37400	9	3691665	3691667
30	11	3	1	3	37340	24	37380	20	3689837	3689828
24	1	9	13	3	37300	16	37340	12	3685998	3686006
8	14	25	0	3	37280	15	37288	6	3682914	3682917
31	1	3	12	3	37380	6	37420	2	3694305	3694289
5	3	27	10	3	37360	26	37368	17	3690071	3690074
20	6	12	9	3	37300	9	37340	5	3685465	3685468
24	7	7	5	3	37380	10	37420	6	3694635	3694631
3	13	11	9	3	37440	9	37460	28	3697625	3696866
19	6	14	7	3	37220	2	37260	30	3678589	3678573
27	0	3	15	3	37240	22	37280	18	3680563	3680566
10	11	30	4	3	37340	17	37368	17	3689215	3690085
17	10	10	4	3	37200	4	37240	31	3675479	3675386
2	0	29	13	3	37240	11	37248	2	3679501	3679499
29	6	3	9	3	37340	20	37380	16	3689453	3689455
18	15	17	8	3	37280	25	37308	27	3683986	3685000
25	2	4	14	3	37340	22	37380	18	3689650	3689663
18	12	15	1	3	37400	12	37440	8	3694899	3694878
11	0	23	14	3	37260	29	37268	20	3681237	3681243
29	12	3	2	3	37220	5	37260	1	3678918	3678919
25	9	4	5	3	37380	9	37420	5	3694601	3694602
23	5	23	0	3	37320	11	37348	30	3688619	3688143
25	2	14	13	3	37380	3	37420	31	3694072	3694083
23	5	13	8	3	37240	23	37280	19	3680664	3680663
28	3	1	12	3	37200	19	37240	15	3677129	3677133
26	2	4	12	3	37380	25	37420	21	3692977	3692991
17	11	15	1	3	37420	15	37460	11	3698332	3698338
12	2	4	7	3	37340	4	37360	31	3687852	3687752
1	10	3	2	3	37340	10	37360	6	3688545	3688546
4	0	25	11	3	37420	22	37428	13	3695838	3695842
18	12	10	6	3	37240	12	37280	7	3679620	3679511
25	1	18	8	3	37440	22	37448	18	3698902	3699733
2	12	31	2	3	37320	0	37328	23	3687473	3687471
20	3	23	12	3	37280	25	37288	16	3684045	3684021
29	9	7	6	3	37200	21	37240	17	3677295	3677297
17	0	16	13	3	37440	22	37448	13	3698860	3698821
0	4	8	2	3	37500	10	37540	14	3704288	3705113
18	7	7	4	3	37520	4	37560	31	3706934	3706846
23	11	9	3	3	37500	26	37540	22	3705901	3705909
23	11	10	2	3	37580	10	37620	6	3713655	3713652
14	0	19	12	3	37540	18	37548	9	3708264	3708258
24	7	8	0	3	37480	3	37520	31	3703723	3703719
14	1	19	12	3	37580	21	37588	12	3711752	3711747
23	2	10	11	3	37440	3	37480	31	3700593	3700598
16	2	17	13	3	37600	5	37628	28	3716212	3716238
12	2	22	11	3	37580	5	37588	28	3713198	3713206
5	15	25	1	3	37700	26	37708	17	3724704	3724700
24	5	10	9	3	37680	22	37720	18	3724334	3724342
13	11	17	9	3	37460	3	37468	22	3700619	3700210
13	14	25	0	3	37540	12	37528	3	3707717	3707718
31	13	6	3	3	37560	25	37600	21	3712147	3712144
13	14	16	13	3	37560	17	37568	8	3711390	3711374
1	2	31	11	3	37660	6	37668	29	3719658	3719667
20	6	13	7	3	37540	26	37580	22	3709001	3708991
26	11	6	3	3	37600	30	37640	26	3715542	3715535
29	14	5	0	3	37640	7	37680	3	3719746	3719747
15	3	18	9	3	37500	13	37508	4	3704688	3704696
17	14	8	2	3	37520	19	37560	11	3708405	3707993
18	6	31	7	3	37660	29	37688	20	3721854	3721867
6	4	28	9	3	37580	22	37588	13	3711892	3711877
25	2	7	13	3	37440	3	37480	31	3700630	3700635
20	9	13	5	3	37480	11	37520	7	3704487	3704467
5	7	28	6	3	37460	4	37468	27	3700762	3700761
7	5	28	9	3	37640	0	37648	23	3719082	3719080
4	12	28	2	3	37680	8	37688	31	3723027	3723022
19	7	13	7	3	37440	5	37480	1	3700847	3700846
4	0	23	12	3	37560	15	37568	6	3711199	3711204
24	7	6	7	3	37480	1	37520	29	3703577	3703586
22	13	11	0	3	37660	20	37700	16	3721072	3721068
18	7	15	6	3	37520	19	37560	15	3708443	3708442
29	0	4	14	3	37540	30	37580	26	3709433	3709430
25	2	4	8	3	37580	17	37620	2	3714396	3713396
0	4	18	8	3	37500	12	37508	3	3704600	3704627
10	5	21	8	3	37560	2	37568	25	3709870	3709845
7	2	26	14	3	37580	28	37588	19	3712362	3712359
13	12	25	3	3	37680	31	37688	22	3722026	3722052
11	0	22	12	3	37820	20	37828	11	3736622	3736623
4	6	12	4	3	37920	19	37960	15	3745618	3745625
29	11	17	9	3	37880	25	37908	16	3743176	3743169
1	5	22	13	3	37800	26	37808	13	3734290	3733948
25	9	2	9	3	37760	4	37800	0	3732206	3732211
5	5	2	4	3	37840	31	37860	27	3737738	3737736
31	10	2	4	3	37820	31	37860	27	3737731	3737736
19	7	13	6	3	37880	27	37920	23	3743428	3743432
13	14	13	2	3	37780	9	37820	9	3732655	3733012
8	4	27	10	3	37880	0	37868	23	3740727	3740709
13	1	3	11	3	37900	28	37920	15	3743527	3742609
2	8	26	5	3	37880	11	37888	2	3741747	3741740
23	12	12	3	3	37840	22	37880	18	3739766	3739777
9	11	3	10	3	37880	8	37920	7	3741510	3741744
8	12	25	1	3	37780	0	37788	23	3731825	3731827
5	1	25	12	3	37920	8	37908	31	3744596	3744593
18	11	28	9	3	37860	28	37868	19	3740354	3740349
5	3	29	10	3	37880	7	37888	30	3741418	3741429
12	13	29	12	3	37900	4	37908	31	3744227	3744608
24	5	9	9	3	37840	17	37880	13	3739329	3739328
2	8	31	6	3	37820	22	37828	13	3736822	3736830
3	8	23	11	3	37900	20	37888	1	3742714	3741708
23	8	23	9	3	37760	6	37768	19	3732406	3731456
19	5	30	6	3	37860	26	37868	22	3740204	3740617
13	2	20	11	3	37720	12	37728	3	3726626	3726625
25	11	6	4	3	37720	24	37760	20	3727816	3727817
26	3	7	10	3	37780	14	37820	10	3733173	3733177
19	6	15	6	3	37800	31	37840	27	3734883	3734895
1	11	29	3	3	37720	8	37728	31	3726291	3726289
7	2	26	11	3	37800	16	37788	7	3733374	3733376
28	3	7	9	3	37860	9	37900	5	3741618	3741619
29	9	2	4	3	37900	4	37940	0	3744242	3744245
4	12	22	12	3	37760	24	37768	16	3731135	3731217
4	6	2	8	3	37840	24	37880	31	3737124	3738105
10	8	25	4	3	37920	23	37928	14	3746090	3746137
20	9	12	3	3	37900	18	37940	14	3745620	3745575
7	1	27	11	3	37920	11	37928	2	3744820	3744799
19	6	30	5	3	37780	19	37788	1	3733643	3732752
14	12	20	0	3	38040	7	38028	23	3757201	3756633
3	8	31	4	3	38160	0	38168	23	3769466	3769455
26	11	8	1	3	38080	31	38120	27	3763011	3763012
21	6	13	8	3	38200	20	38240	16	3774603	3774613
3	12	27	3	3	38020	28	38028	19	3756297	3756318
7	1	25	11	3	38100	0	38108	23	3763108	3763118
29	0	6	10	3	38200	15	38240	11	3774163	3774167
17	14	5	1	3	37980	24	38020	28	3752649	3753372
27	4	6	9	3	38100	23	38140	19	3765469	3765473
3	12	28	2	3	38040	17	38048	8	3758307	3758309
8	6	24	8	3	38140	11	38148	2	3767538	3767542
29	0	3	13	3	38140	2	38180	30	3769703	3769717
25	11	8	2	3	37980	30	38020	26	3753156	3753157
26	5	2	9	3	38080	23	38120	19	3762197	3762203
19	12	14	2	3	38120	5	38160	1	3766926	3766938
17	14	15	1	3	38180	25	38200	15	3771994	3771365
9	13	24	1	3	37960	1	37968	24	3750306	3750321
14	0	19	13	3	38180	29	38188	20	3772445	3772453
19	12	13	1	3	37960	5	38000	1	3750665	3750666
27	0	18	9	3	38120	1	38128	24	3766548	3766535
8	4	26	10	3	38080	9	38088	0	3760834	3760835
13	2	20	11	3	38160	0	38168	23	3769502	3769504
21	9	12	3	3	38020	26	38060	22	3756121	3756103
23	11	8	2	3	38140	17	38180	13	3768092	3768096
12	11	7	11	3	38020	12	38040	9	3754616	3754702
5	1	26	10	3	38100	29	38108	20	3762897	3762898
19	12	14	1	3	38120	6	38160	2	3767040	3767039
29	6	4	7	3	38180	26	38220	22	3772104	3772108
1	5	31	15	3	38000	24	37988	15	3752700	3752704
24	7	8	0	3	38020	2	38060	30	3756857	3756869
23	0	12	11	3	38080	2	38120	30	3763367	3763366
25	9	6	4	3	38140	29	38180	25	3769305	3769286
0	2	29	7	3	38080	27	38108	20	3762667	3762906
11	11	25	0	3	38140	12	38148	3	3767664	3767666
10	13	26	11	3	38160	29	38168	17	3769302	3769018
23	5	7	9	3	37960	10	38000	6	3751200	3751135
13	1	19	12	3	38060	4	38068	27	3760174	3760175
24	7	9	7	3	38140	2	38180	30	3769697	3769701
4	12	31	0	3	38380	22	38388	13	3790387	3790390
9	11	24	1	3	38420	15	38428	6	3796184	3796187
3	9	29	3	3	38240	8	38228	31	3776677	3776687
13	1	2	11	3	38260	31	38280	27	3779027	3779028
10	11	24	1	3	38340	15	38348	6	3786782	3786783
12	10	18	13	3	38340	25	38348	16	3787826	3787830
26	2	3	12	3	38240	20	38280	16	3777812	3777811
21	1	14	14	3	38360	15	38400	11	3789790	3789789
29	11	5	2	3	38380	3	38420	31	3791902	3791890
8	6	26	8	3	38240	18	38248	9	3777614	3777595
9	1	25	13	3	38300	17	38308	8	3783907	3783905
29	13	8	2	3	38360	12	38400	8	3789502	3789494
24	3	7	11	3	38460	17	38500	14	3799769	3799782
9	1	27	3	3	38320	9	38328	0	3786172	3786187
5	3	26	9	3	38380	31	38388	22	3791514	3791499
6	4	28	9	3	38360	19	38368	10	3790142	3790136
19	0	14	13	3	38320	18	38360	14	3787059	3787058
19	6	14	7	3	38340	25	38380	21	3787843	3787842
7	1	27	12	3	38380	0	38388	23	3791605	3791608
23	10	5	13	3	38240	29	38280	20	3778857	3778254
14	11	18	13	3	38280	1	38288	16	3782332	3781556
13	2	21	11	3	38400	19	38408	10	3793630	3793633
30	11	16	13	3	38240	0	38268	23	3779155	3779142
17	14	16	8	3	38360	26	38388	13	3790936	3790441
23	1	23	11	3	38280	14	38308	5	3783609	3783606
19	12	14	3	3	38300	19	38340	15	3784126	3784129
7	2	27	12	3	38380	6	38388	29	3792228	3792232
17	14	15	1	3	38320	6	38360	2	3785888	3785894
9	0	26	15	3	38260	1	38268	24	3779223	3779226
12	12	13	5	3	38360	9	38380	29	3789246	3788641
26	5	2	10	3	38260	11	38300	7	3780142	3780146
7	1	26	12	3	38320	2	38328	25	3785617	3785613
27	4	3	9	3	38420	14	38460	11	3796142	3796143
11	1	25	12	3	38260	6	38268	29	3779653	3779657
9	13	11	9	3	38440	31	38460	19	3798008	3797009
20	9	21	5	3	38300	1	38328	24	3785513	3785512
21	9	22	14	3	38440	6	38468	30	3798614	3798773
7	10	25	3	3	38240	17	38248	8	3777575	3777585
13	1	20	11	3	38280	29	38288	20	3781961	3781964
13	1	19	12	3	38300	17	38308	8	3783895	3783798
27	1	14	14	3	38620	27	38660	24	3816849	3816862
31	10	4	3	3	38660	10	38720	7	3821463	3821455
13	2	13	1	3	38480	3	38500	26	3801668	3801004
7	13	10	11	3	38620	20	38660	22	3816248	3816633
13	2	20	12	3	38640	30	38648	21	3817184	3817180
8	2	25	12	3	38540	2	38548	25	3807882	3807879
7	9	25	4	3	38600	18	38608	9	3812867	3812869
23	10	8	2	3	38500	11	38560	8	3805408	3805404
20	6	13	7	3	38580	11	38620	8	3812176	3812172
25	9	4	5	3	38640	14	38680	11	3818803	3818781
20	6	13	8	3	38460	22	38500	19	3800206	3800194
25	12	8	1	3	38480	23	38540	20	3803514	3803519
18	11	14	3	3	38540	1	38580	30	3807823	3807820
10	11	2	11	3	38640	4	38680	31	3817817	3817571
9	9	25	4	3	38620	4	38608	27	3814689	3814694
21	1	8	6	3	38560	4	38600	26	3811431	3810697
7	5	24	8	3	38480	11	38488	2	3802524	3802523
13	11	9	4	3	38560	21	38580	14	3809935	3809468
3	13	29	1	3	38580	10	38588	1	3812096	3812084
1	11	29	3	3	38700	29	38708	20	3823584	3823590
25	1	7	13	3	38540	7	38580	4	3808386	3808400
18	12	7	5	3	38640	10	38680	7	3818385	3818382
12	2	21	12	3	38580	7	38588	30	3811761	3811762
24	7	8	0	3	38600	0	38640	29	3814318	3814308
31	5	4	7	3	38660	6	38700	3	3821155	3821167
13	2	22	13	3	38480	27	38488	22	3800849	3801336
14	9	23	11	3	38540	30	38548	18	3807606	3807299
7	9	16	10	3	38620	19	38628	10	3816204	3816182
24	7	8	0	3	38480	21	38520	18	3803367	3803366
18	6	15	15	3	38520	13	38560	10	3805693	3805737
26	11	8	1	3	38540	4	38580	1	3808113	3808101
8	5	26	8	3	38640	2	38648	25	3817623	3817618
17	11	18	13	3	38560	26	38588	26	3810448	3811376
8	13	25	0	3	38620	20	38628	11	3816230	3816208
18	12	14	1	3	38580	14	38620	11	3812450	3812448
27	9	4	4	3	38620	23	38660	20	3816476	3816474
14	0	19	12	3	38920	24	38928	15	3845008	3845019
20	9	13	5	3	38760	9	38800	6	3830860	3830864
16	1	17	13	3	38920	12	38948	3	3846827	3846829
4	13	26	2	3	38720	14	38728	5	3825143	3825144
6	4	26	9	3	38760	27	38768	18	3829459	3829457
24	2	10	11	3	38780	21	38820	18	3832041	3832022
31	5	8	6	3	38800	22	38840	9	3835191	3834257
2	15	30	0	3	38780	20	38788	11	3831946	3831945
8	4	26	10	3	38900	0	38908	23	3842539	3842540
14	12	25	0	3	38920	31	38928	18	3845722	3845388
13	12	26	15	3	38740	28	38728	12	3826446	3825797
9	1	25	13	3	38780	19	38788	10	3831870	3831873
31	0	3	5	3	38780	20	38820	17	3831977	3831951
9	11	5	2	3	38760	19	38780	11	3828773	3828141
29	4	6	8	3	38780	3	38840	0	3833478	3833480
26	2	22	12	3	38840	21	38868	13	3838096	3838232
14	1	3	2	3	38780	19	38820	16	3831885	3831894
23	10	10	2	3	38760	31	38800	28	3829910	3829924
20	3	26	12	3	38920	30	38928	26	3845644	3846111
31	10	4	4	3	38740	26	38800	23	3829443	3829416
16	1	16	14	3	38760	31	38768	22	3829915	3829913
11	1	22	13	3	38760	2	38768	25	3830251	3830262
7	10	25	4	3	38760	2	38768	25	3830255	3830247
3	9	27	5	3	38940	22	38948	13	3847876	3847879
13	1	20	12	3	38760	30	38768	21	3829778	3829772
7	5	24	14	3	38900	7	38908	21	3843225	3842413
15	12	7	10	3	38960	10	39000	4	3849762	3849495
17	14	9	5	3	38820	4	38860	1	3836544	3836550
21	6	13	7	3	38880	7	38940	4	3843214	3843218
10	15	12	5	3	38780	16	38800	10	3831559	3831273
3	6	31	7	3	38840	0	38828	23	3836182	3836142
17	14	16	10	3	38800	12	38808	27	3834306	3833632
28	3	3	11	3	38900	13	38940	10	3843794	3843826
11	1	29	14	3	38760	31	38768	22	3829931	3829928
16	2	17	14	3	38760	15	38788	6	3831461	3831480
23	10	12	3	3	38800	17	38840	14	3834694	3834691
11	7	11	14	3	38800	9	38840	12	3834041	3834550
24	15	17	14	3	38740	14	38748	5	3828168	3828170
29	0	4	12	3	38820	27	38860	24	3835754	3835758
19	12	14	2	3	38860	11	38900	8	3840624	3840623
12	8	8	1	3	38740	15	38780	11	3828248	3828118
3	9	27	5	3	38780	15	38788	6	3831381	3831341
1	11	22	13	3	39140	12	39128	1	3866290	3866112
31	13	5	2	3	39040	6	39100	3	3859071	3859082
23	8	10	6	3	39180	6	39220	4	3872302	3872285
9	0	22	11	3	38980	13	38988	4	3850040	3850042
10	4	22	13	3	39180	25	39188	17	3870859	3870995
17	0	16	12	3	38980	2	39008	25	3852195	3852178
19	5	13	9	3	39140	2	39180	31	3868485	3868503
11	1	20	11	3	39060	0	39068	23	3858416	3858412
1	13	30	0	3	39080	22	39088	13	3860839	3860860
15	3	18	9	3	39220	28	39208	19	3874468	3874463
19	7	13	5	3	38980	27	39020	24	3851402	3851403
26	3	6	10	3	39020	1	39060	30	3855434	3855431
2	12	23	9	3	39020	2	39048	3	3855563	3856495
28	8	8	6	3	39000	15	39040	12	3853504	3853507
30	11	1	2	3	39120	19	39160	16	3866958	3866964
9	1	25	13	3	39120	1	39128	24	3865259	3865253
14	0	19	14	3	39180	28	39188	19	3871250	3871247
24	5	8	8	3	39140	8	39180	5	3869057	3869049
1	2	27	15	3	39080	1	39088	23	3861959	3861824
29	14	15	6	3	38980	26	39020	23	3851325	3851323
29	13	2	1	3	39000	21	39040	18	3854135	3854136
8	2	22	11	3	38980	19	38988	10	3850669	3850678
5	7	25	3	3	38980	30	38988	15	3851806	3851126
5	1	29	12	3	39120	31	39128	22	3865095	3865099
3	0	31	14	3	39180	6	39188	29	3872328	3872326
1	2	27	9	3	39100	4	39088	27	3862285	3862288
18	12	15	1	3	39060	8	39100	5	3859323	3859313
8	4	27	10	3	39100	19	39108	10	3864065	3864062
27	4	4	9	3	39160	19	39200	16	3870222	3870224
13	1	19	10	3	39080	19	39088	10	3860590	3860601
8	2	21	9	3	39200	11	39208	2	3872833	3872831
27	9	4	4	3	39180	6	39220	4	3872357	3872362
27	1	9	4	3	39060	8	39100	3	3859332	3859147
12	11	9	6	3	39120	5	39160	7	3865653	3866166
10	5	24	8	3	39160	19	39168	10	3870235	3870259
7	3	27	3	3	39040	8	39048	8	3856174	3857042
13	9	11	6	3	39180	6	39220	13	3872409	3873249
26	5	4	8	3	39120	15	39160	12	3866684	3866659
8	4	23	9	3	39040	16	39048	7	3856809	3856808
22	3	12	9	3	39080	29	39120	26	3861470	3861469
0	4	29	9	3	39400	20	39408	11	3892233	3892219
20	9	12	4	3	39400	7	39440	5	3894213	3894219
21	9	12	5	3	39240	14	39300	12	3879168	3879173
21	9	12	4	3	39300	11	39360	9	3885155	3885145
26	2	7	11	3	39360	6	39420	4	3890793	3890792
13	1	20	13	3	39260	5	39268	28	3878360	3878361
26	0	7	13	3	39420	27	39460	25	3896133	3896135
2	12	30	2	3	39240	20	39248	11	3876903	3876904
29	0	25	11	3	39360	23	39368	14	3889353	3889354
23	11	2	4	3	39360	31	39400	21	3890131	3889367
21	9	12	4	3	39220	18	39260	16	3876769	3876770
31	1	2	11	3	39280	14	39320	12	3882256	3882261
19	7	14	7	3	39360	31	39400	29	3890136	3890142
12	2	21	11	3	39320	12	39328	3	3885328	3885326
21	9	19	9	3	39400	5	39428	28	3894025	3894012
14	6	25	4	3	39280	31	39288	27	3880934	3881356
6	2	21	10	3	39280	4	39288	31	3881360	3881749
24	9	0	10	3	39300	25	39340	19	3883389	3882983
24	7	9	5	3	39340	11	39380	9	3888321	3888331
28	8	22	14	3	39440	10	39448	1	3897647	3897652
13	2	17	9	3	39440	1	39448	19	3896804	3896276
19	0	14	14	3	39300	5	39340	3	3884700	3884699
9	1	23	12	3	39400	16	39388	30	3891784	3890904
8	12	12	4	3	39240	19	39260	15	3876865	3876700
14	0	18	13	3	39260	5	39268	28	3878380	3878390
3	14	18	13	3	39300	22	39308	11	3883077	3882937
14	0	19	13	3	39360	23	39368	14	3889398	3889392
7	3	27	11	3	39440	27	39448	18	3896205	3896198
11	0	23	14	3	39320	5	39328	28	3884778	3884721
10	4	16	10	3	39440	0	39448	0	3896727	3897587
31	5	4	8	3	39220	10	39260	8	3875926	3875923
29	6	8	0	3	39440	7	39480	5	3897445	3897446
8	2	25	11	3	39320	14	39328	5	3885631	3885605
31	5	5	9	3	39220	20	39260	18	3876952	3876959
20	15	14	3	3	39280	4	39320	2	3881410	3881431
23	8	9	4	3	39300	8	39340	6	3884950	3884951
19	7	13	6	3	39460	27	39500	25	3899429	3899389
13	1	19	12	3	39260	8	39268	31	3878679	3878676
7	13	25	0	3	39280	31	39288	22	3880974	3880967
23	1	9	13	3	39320	16	39360	14	3885856	3885860
11	7	15	1	3	39260	16	39300	11	3879311	3879035
4	12	28	2	3	39340	5	39348	28	3887746	3887733
17	0	21	6	3	39240	14	39268	7	3879154	3879353
31	10	4	3	3	39320	15	39360	13	3885612	3885636
8	4	27	9	3	39720	21	39728	12	3923854	3923844
5	5	26	8	3	39720	30	39728	21	3924708	3924721
29	3	14	2	3	39520	0	39560	27	3905903	3905661
24	7	8	5	3	39520	1	39560	31	3905989	3905982
28	3	3	11	3	39620	31	39660	29	3914974	3914998
2	13	21	9	3	39540	12	39548	1	3907033	3906859
18	11	23	15	3	39580	16	39588	7	3910362	3910350
8	6	26	8	3	39560	25	39568	16	3908265	3908267
29	13	6	1	3	39680	21	39720	19	3920706	3920700
19	12	14	3	3	39680	23	39720	21	3920988	3920987
7	5	24	8	3	39560	21	39568	12	3907860	3907862
29	9	7	5	3	39680	6	39740	4	3922337	3922340
4	12	29	1	3	39500	26	39508	17	3902393	3902388
8	5	25	8	3	39680	15	39688	6	3920002	3919996
16	2	16	12	3	39660	7	39668	30	3919225	3919234
23	12	8	1	3	39540	19	39580	17	3907671	3907670
26	11	11	4	3	39460	4	39500	2	3900229	3900208
23	8	7	5	3	39520	25	39560	23	3905310	3905312
0	4	31	9	3	39480	5	39488	28	3900373	3900376
23	2	8	13	3	39480	30	39540	28	3902849	3902855
31	10	3	4	3	39520	28	39560	26	3905613	3905625
25	2	8	9	3	39540	27	39600	25	3908509	3908508
21	6	13	7	3	39640	28	39680	26	3918087	3918088
24	3	7	11	3	39660	0	39700	30	3918576	3918586
29	9	23	15	3	39680	31	39688	18	3921664	3921343
9	11	26	2	3	39480	6	39488	29	3900444	3900441
8	14	5	2	3	39540	3	39560	24	3906200	3905404
21	1	12	11	3	39700	22	39740	20	3924035	3924015
14	0	19	12	3	39560	30	39568	21	3908793	3908794
24	9	7	4	3	39620	11	39680	9	3916354	3916350
31	10	2	3	3	39640	30	39700	28	3918390	3918373
26	2	18	8	3	39520	22	39528	6	3905057	3904495
27	13	29	3	3	39540	27	39568	27	3908518	3909387
27	4	5	9	3	39660	19	39720	17	3920455	3920457
17	14	18	8	3	39540	11	39548	29	3906999	3906506
27	1	5	13	3	39600	18	39640	16	3913771	3913779
5	5	22	10	3	39600	1	39608	26	3912006	3912225
13	2	19	10	3	39560	20	39568	11	3907852	3907845
23	11	11	0	3	39540	10	39580	8	3906924	3906954
20	14	13	1	3	39560	9	39600	7	3909811	3909819
26	5	7	9	3	39640	12	39680	10	3916472	3916493
8	7	28	6	3	39640	19	39648	10	3917020	3916982
14	11	18	12	3	39680	8	39688	4	3919283	3919779
26	5	7	9	3	39560	2	39600	0	3909147	3909151
23	8	11	6	3	39660	2	39700	0	3918749	3918720
7	2	26	8	4	39940	12	39928	29	3945230	3944615
7	2	18	7	4	39800	17	39808	5	3933201	3932911
4	11	30	2	4	39860	8	39868	31	3938526	3938527
1	11	31	2	4	39980	30	39988	21	3949910	3949912
29	13	6	10	4	39960	26	40020	27	3949513	3949791
21	9	14	1	4	39740	26	39780	24	3927575	3927564
17	14	3	4	4	39820	1	39860	31	3934899	3934909
7	10	28	2	4	39960	4	39968	27	3947535	3947553
28	3	7	9	4	39740	0	39780	30	3928286	3928294
4	0	3	5	4	39760	9	39800	7	3929275	3929268
25	5	4	14	4	39920	21	39980	20	3945979	3946068
7	1	25	11	4	39740	12	39748	3	3926173	3926168
1	4	29	9	4	39840	15	39848	6	3936248	3936243
29	9	6	4	4	39760	23	39820	21	3930635	3930633
2	15	16	10	4	39920	30	39928	31	3943996	3944841
24	2	23	12	4	39960	29	39968	8	3949805	3948793
27	9	9	4	4	39900	21	39940	19	3943093	3943101
7	2	26	11	4	39740	10	39748	1	3926002	3926006
11	1	5	0	4	39820	23	39840	24	3933884	3934170
20	6	13	7	4	39760	5	39800	3	3928905	3928917
23	3	7	11	4	39880	1	39920	31	3940936	3940949
18	6	15	6	4	39880	11	39920	9	3941944	3941939
4	6	30	6	4	39800	13	39808	4	3932867	3932856
29	4	4	9	4	39780	0	39820	30	3931522	3931540
25	1	9	7	4	39840	20	39880	22	3936713	3937083
3	9	29	14	4	39740	16	39748	7	3926628	3926674
8	5	28	6	4	39780	25	39788	16	3930860	3930902
23	10	9	3	4	39740	17	39780	15	3926740	3926791
20	9	16	12	4	39940	27	39948	21	3946617	3946969
10	5	25	8	4	39820	25	39828	16	3934110	3934111
29	11	5	3	4	39780	6	39820	4	3932196	3932177
24	9	9	4	4	39900	26	39940	24	3943584	3943589
12	11	24	5	4	39800	8	39808	31	3932229	3932232
5	3	31	11	4	39880	24	39888	15	3940054	3940035
7	1	25	13	4	40060	7	40068	30	3956959	3956963
6	4	27	9	4	40160	14	40168	5	3967673	3967675
11	1	22	14	4	40220	18	40228	9	3974098	3974086
17	14	15	1	4	40200	15	40260	13	3973878	3973883
5	5	28	9	4	40000	19	40008	10	3952001	3952000
31	1	0	13	4	40020	20	40060	18	3955214	3955213
9	1	22	11	4	40100	23	40108	14	3962228	3962232
4	13	26	2	4	40000	22	40008	13	3952309	3952286
17	0	16	12	4	40020	17	40048	8	3954928	3954931
31	3	0	15	4	40060	19	40100	17	3958294	3958296
20	9	12	4	4	40060	27	40100	25	3959163	3959170
30	13	1	0	4	40120	20	40160	18	3965360	3965410
30	11	4	3	4	40000	27	40040	25	3952715	3952714
1	4	29	9	4	40000	14	40008	5	3951529	3951524
8	13	25	0	4	40200	23	40208	14	3971672	3971676
29	14	19	13	4	40140	15	40168	6	3967817	3967803
11	7	18	13	4	40180	5	40188	27	3969882	3969776
5	1	30	12	4	40180	15	40188	6	3970981	3970977
26	3	3	10	4	40100	7	40140	5	3963978	3963972
13	1	22	13	4	40140	23	40148	14	3965768	3965772
17	14	20	1	4	40200	9	40228	2	3973344	3973550
8	2	23	11	4	40080	8	40088	31	3960674	3960679
5	1	2	1	4	40200	1	40240	31	3972694	3972706
2	0	31	13	4	40060	6	40068	29	3956930	3956923
6	4	27	10	4	40100	19	40108	10	3961934	3961937
30	13	5	1	4	40160	6	40220	4	3970035	3970042
7	5	26	8	4	40100	31	40108	22	3963149	3963151
8	12	24	1	4	40220	8	40228	31	3973299	3973300
13	1	20	11	4	40000	8	39988	31	3950978	3950976
27	9	5	5	4	40120	15	40160	13	3964921	3964924
19	7	29	12	4	40200	9	40228	0	3973367	3973368
5	3	29	10	4	40060	16	40068	7	3957929	3957974
10	5	24	8	4	40240	1	40248	24	3975493	3975504
8	5	25	8	4	40440	13	40448	4	3995034	3995043
21	6	21	6	4	40240	14	40268	11	3976644	3977168
19	6	15	6	4	40340	19	40380	17	3986433	3986436
10	15	21	4	4	40400	5	40408	0	3991374	3991723
2	13	30	0	4	40340	12	40348	3	3985744	3985747
1	4	29	9	4	40440	7	40448	30	3994519	3994518
6	4	28	9	4	40440	15	40448	6	3995279	3995272
16	2	19	12	4	40380	21	40388	12	3989776	3989784
13	2	20	11	4	40440	10	40448	1	3994777	3994778
26	3	7	11	4	40280	18	40320	16	3980127	3980128
4	6	31	7	4	40240	4	40248	27	3975787	3975783
7	1	25	12	4	40240	9	40248	0	3976232	3976250
8	2	26	11	4	40280	18	40288	9	3980140	3980147
18	4	16	8	4	40220	31	40248	22	3975324	3975323
24	5	5	1	4	40240	22	40300	21	3977413	3977491
18	6	15	6	4	40480	30	40520	28	3999927	3999925
2	15	30	0	4	40380	7	40388	30	3988432	3988422
0	5	28	7	4	40440	15	40448	6	3995287	3995298
31	10	4	4	4	40360	1	40400	31	3987978	3987989
14	6	17	14	4	40280	2	40268	23	3978601	3978426
6	4	28	10	4	40400	8	40408	31	3991656	3991662
3	9	30	4	4	40400	9	40408	0	3991785	3991758
20	6	19	9	4	40320	0	40348	1	3984666	3985602
27	1	5	13	4	40340	9	40380	7	3985533	3985546
26	5	7	7	4	40380	23	40420	21	3989959	3989954
11	0	21	12	4	40260	19	40268	10	3977135	3977136
8	7	27	5	4	40260	26	40268	17	3977842	3977806
18	4	15	10	4	40300	16	40340	14	3983213	3983208
3	0	29	7	4	40380	21	40388	15	3989817	3990056
21	6	12	8	4	40340	19	40380	17	3986472	3986488
11	1	22	12	4	40460	30	40468	21	3996897	3996907
2	0	22	12	4	40260	13	40248	31	3976630	3976158
19	7	14	7	4	40300	2	40340	0	3981710	3981711
29	11	6	3	4	40440	31	40500	29	3996955	3996957
4	13	10	8	4	40260	28	40300	29	3978042	3978376
15	3	17	8	4	40420	15	40428	6	3992297	3992288
9	0	25	14	4	40300	21	40308	12	3980351	3980399
7	13	25	0	4	40300	4	40308	27	3981871	3981864
3	9	28	5	4	40400	30	40408	21	3990631	3990630
23	11	12	3	4	40580	25	40620	23	4008947	4008950
6	2	26	12	4	40540	10	40548	1	4004280	4004271
10	11	10	6	4	40560	31	40580	23	4006348	4005780
7	9	26	2	4	40740	27	40748	18	4024773	4024789
7	13	25	1	4	40620	1	40628	24	4013088	4013083
2	0	21	12	4	40740	21	40748	12	4024274	4024259
26	5	3	9	4	40500	17	40560	23	4001678	4002638
21	9	11	4	4	40520	9	40560	7	4004193	4004198
4	11	29	3	4	40500	6	40508	29	4000693	4000689
25	9	7	4	4	40520	15	40580	13	4004859	4004861
20	9	10	6	4	40640	28	40680	27	4015624	4015622
4	11	29	14	4	40720	26	40728	25	4021612	4022344
25	1	29	3	4	40700	2	40728	23	4022349	4022168
18	4	16	10	4	40520	1	40528	24	4003487	4003494
10	8	26	14	4	40720	4	40728	2	4022505	4023272
19	5	23	1	4	40560	22	40568	3	4008744	4007727
6	2	29	13	4	40600	12	40608	3	4010963	4010990
7	15	17	9	4	40580	29	40608	28	4009430	4010229
5	5	28	9	4	40620	7	40628	30	4013606	4013601
3	6	20	11	4	40740	26	40748	18	4024759	4024844
29	4	23	14	4	40620	1	40628	17	4013115	4012325
23	0	11	13	4	40680	5	40720	4	4019595	4019607
10	8	5	8	4	40620	22	40640	20	4011938	4011940
14	0	19	13	4	40740	14	40748	5	4023632	4023635
16	15	29	12	4	40560	21	40588	18	4008621	4009204
26	11	6	3	4	40700	24	40740	23	4021440	4021439
9	13	30	6	4	40560	29	40568	20	4006231	4006228
9	14	22	11	4	40700	6	40708	5	4019666	4020498
23	5	9	9	4	40540	25	40580	23	4005846	4005843
25	9	6	4	4	40620	14	40660	12	4014272	4014281
17	14	11	6	4	40560	10	40600	8	4007528	4007574
8	13	25	0	4	40660	7	40668	30	4016595	4016602
23	12	10	2	4	40700	23	40740	22	4021301	4021310
14	8	24	15	4	41000	25	41008	16	4049675	4049670
10	11	6	3	4	40860	21	40900	20	4037069	4037044
25	1	29	10	4	40760	28	40788	14	4028148	4027628
29	3	2	5	4	40820	22	40880	27	4034018	4034609
27	1	4	12	4	40920	30	40980	29	4044318	4044319
6	4	28	10	4	40760	2	40768	25	4025403	4025400
31	5	2	6	4	40920	30	40980	29	4044352	4044322
12	8	22	10	4	40780	1	40788	24	4028628	4028635
22	3	8	0	4	40740	11	40800	10	4026322	4026307
10	5	26	9	4	40900	27	40908	18	4040688	4040687
13	7	27	9	4	41000	25	41008	16	4049705	4049706
26	5	5	7	4	40800	4	40860	3	4032277	4032275
22	13	11	0	4	40900	28	40940	27	4040802	4040804
5	5	29	7	4	40760	1	40768	24	4025340	4025306
3	8	30	6	4	40800	19	40808	10	4030509	4030510
8	7	9	5	4	40980	14	41020	6	4048663	4048126
13	0	20	13	4	40760	0	40748	23	4025173	4025175
9	3	23	11	4	40800	18	40808	9	4030424	4030432
29	11	0	0	4	40860	19	40900	18	4036908	4036916
23	10	8	2	4	40940	4	40980	3	4044845	4044852
8	5	25	8	4	40920	6	40928	29	4041948	4041943
31	1	1	13	4	40820	24	40880	23	4034269	4034272
28	8	27	9	4	40920	25	40948	21	4043879	4044344
11	0	22	14	4	40980	13	40988	4	4048613	4048607
19	7	26	2	4	40760	17	40768	8	4027033	4027031
22	3	3	13	4	40780	3	40820	8	4028882	4029427
14	1	22	14	4	40760	18	40768	9	4027130	4027128
14	8	15	15	4	40880	27	40920	1	4037666	4038432
18	11	14	1	4	40740	4	40780	3	4025633	4025631
24	9	9	3	4	40940	18	41000	17	4046213	4046215
9	3	25	12	4	40940	3	40948	26	4044833	4044823
27	4	7	9	4	40820	25	40880	24	4034290	4034289
9	9	13	13	4	41240	14	41280	17	4073978	4074342
19	7	13	6	4	41000	14	41060	13	4051894	4051852
20	9	12	3	4	41100	11	41140	10	4061098	4061096
20	14	0	1	4	41140	18	41200	23	4065040	4065668
24	1	7	15	4	41240	18	41280	18	4074493	4074488
3	12	27	3	4	41080	14	41088	5	4058391	4058385
5	15	8	6	4	41160	2	41200	8	4066606	4067295
27	4	3	10	4	41060	28	41100	27	4056585	4056594
13	2	21	12	4	41020	22	41028	13	4052732	4052734
9	13	25	0	4	41020	22	41028	13	4052742	4052733
14	0	19	13	4	41220	24	41228	15	4071875	4071873
6	2	27	11	4	41220	27	41228	18	4072056	4072061
23	0	7	15	4	41100	17	41160	16	4061621	4061637
7	10	25	3	4	41120	12	41128	3	4061190	4061189
16	2	16	12	4	41020	21	41028	12	4052646	4052626
29	0	5	13	4	41180	21	41220	20	4068471	4068465
29	11	7	4	4	41200	4	41240	4	4069864	4069845
14	1	19	12	4	41020	18	41028	9	4052304	4052293
11	15	16	8	4	41060	12	41048	30	4054895	4054362
11	0	22	13	4	41240	2	41248	25	4072868	4072856
18	6	23	12	4	41000	6	41008	22	4051039	4050292
23	1	7	7	4	41040	12	41080	11	4054901	4054896
5	7	28	7	4	41200	6	41208	29	4070000	4069992
26	5	4	8	4	41080	31	41140	30	4059972	4059978
8	2	29	12	4	41140	5	41148	28	4063648	4063654
28	3	7	10	4	41180	23	41220	22	4068625	4068624
23	8	3	11	4	41040	6	41080	5	4054265	4054267
18	12	23	11	4	41080	26	41088	7	4059443	4058597
31	5	0	8	4	41140	9	41180	8	4064192	4064193
1	4	29	9	4	41260	20	41248	11	4074671	4074676
20	9	12	3	4	41000	13	41060	12	4051815	4051810
18	15	24	14	4	41040	6	41048	27	4054275	4054110
25	11	29	14	4	41160	10	41188	28	4067421	4066924
11	0	23	15	4	41060	28	41068	19	4056617	4056627
18	7	7	4	4	41080	16	41120	15	4058605	4058612
17	14	24	1	4	41160	12	41188	5	4067600	4067809
25	10	7	4	4	41220	26	41260	26	4072014	4072016
10	4	20	11	4	41020	20	41028	9	4052509	4052333
11	0	22	14	4	41080	6	41088	29	4057616	4057642
12	2	21	11	4	41180	12	41188	3	4067611	4067606
25	11	0	13	4	41160	1	41200	9	4066555	4067442
7	13	24	1	4	41100	4	41108	27	4060517	4060523
24	2	7	11	4	41160	1	41200	0	4066567	4066615
4	6	6	9	4	41020	12	41060	20	4051608	4052595
24	5	5	8	4	41240	28	41300	28	4075455	4075461
16	1	16	10	4	41380	24	41388	15	4088033	4088038
12	2	21	11	4	41300	31	41308	22	4079077	4079075
13	2	20	11	4	41300	9	41308	0	4080043	4080045
29	4	5	9	4	41340	21	41380	21	4084432	4084435
17	0	5	9	4	41340	0	41380	21	4085404	4084435
8	12	19	9	4	41260	26	41268	21	4075272	4075718
1	5	31	15	4	41300	3	41308	26	4079403	4079405
28	8	7	4	4	41480	15	41540	15	4099846	4099855
7	2	25	12	4	41300	9	41308	0	4080054	4080058
14	1	19	13	4	41320	19	41328	10	4081010	4081007
10	4	23	9	4	41380	15	41388	6	4087115	4087118
20	3	20	12	4	41320	30	41328	17	4082161	4081793
31	14	9	5	4	41400	27	41460	27	4091322	4091324
7	13	24	1	4	41260	31	41268	22	4075843	4075847
9	3	27	11	4	41260	3	41268	26	4076214	4076207
8	12	21	4	4	41340	15	41348	30	4083811	4083044
31	3	2	11	4	41320	13	41380	13	4083597	4083602
30	13	3	1	4	41380	26	41420	26	4088312	4088344
6	4	27	10	4	41420	29	41428	20	4091517	4091518
26	5	7	9	4	41380	2	41420	2	4088993	4088987
7	2	29	12	4	41320	19	41328	10	4081013	4081022
23	10	9	3	4	41340	17	41380	17	4084037	4084034
23	2	16	9	4	41460	25	41488	12	4097626	4097226
13	11	25	3	4	41280	10	41268	24	4076999	4076054
26	11	3	1	4	41360	6	41400	6	4086126	4086133
29	6	2	6	4	41260	3	41300	3	4076254	4076248
23	1	16	8	4	41460	19	41488	13	4096986	4097376
13	2	19	10	4	41280	16	41288	7	4077626	4077584
23	5	8	0	4	41440	5	41500	5	4095666	4095658
9	9	26	11	4	41280	21	41288	16	4078085	4078477
13	2	19	10	4	41320	3	41328	26	4082695	4082691
13	2	20	12	4	41380	20	41388	11	4087645	4087648
27	1	18	15	4	41260	17	41288	8	4077700	4077706
2	0	30	12	4	41280	21	41288	12	4078109	4078110
0	5	4	11	4	41300	4	41340	9	4079581	4080156
7	5	26	8	4	41360	7	41368	30	4086292	4086293
3	9	10	2	4	41400	3	41420	24	4089084	4088128
21	9	12	3	4	41240	27	41300	27	4075448	4075429
7	5	26	9	4	41320	3	41328	26	4082617	4082615
10	5	22	9	4	41480	21	41488	12	4097164	4097167
7	2	27	11	4	41560	4	41568	27	4104850	4104849
4	6	29	7	4	41760	15	41768	6	4124417	4124404
25	12	8	1	4	41560	23	41600	23	4106637	4106639
20	14	19	10	4	41600	21	41628	21	4109751	4110545
4	12	26	2	4	41520	28	41528	19	4100915	4100914
27	13	8	2	4	41600	20	41640	20	4109678	4109669
18	11	14	2	4	41700	7	41760	7	4120788	4120779
9	13	19	1	4	41560	2	41568	3	4104623	4105535
9	13	25	1	4	41660	15	41668	6	4115121	4115119
5	3	29	10	4	41720	6	41728	29	4120662	4120630
0	15	30	5	4	41720	13	41728	4	4121350	4121361
29	3	2	9	4	41640	5	41680	5	4114178	4114193
1	13	2	11	4	41520	30	41560	31	4101082	4101208
26	11	6	1	4	41500	28	41540	28	4100942	4100956
25	10	12	5	4	41580	17	41640	17	4109303	4109311
0	2	28	10	4	41520	6	41528	29	4101805	4101809
14	1	18	11	4	41700	25	41708	16	4119342	4119345
4	12	26	2	4	41720	4	41728	27	4120455	4120431
29	4	3	9	4	41580	16	41640	16	4109225	4109224
29	3	5	9	4	41720	19	41760	19	4121904	4121917
19	12	14	2	4	41500	2	41560	2	4101489	4101484
23	12	12	4	4	41700	8	41760	8	4120881	4120891
12	2	20	11	4	41560	15	41568	6	4105848	4105850
10	4	22	9	4	41600	18	41608	9	4109426	4109421
24	5	6	8	4	41520	19	41580	19	4103314	4103273
9	9	25	4	4	41520	31	41528	22	4101207	4101209
7	9	28	6	4	41640	0	41648	23	4113711	4113707
19	6	14	7	4	41700	27	41740	27	4119577	4119582
29	9	8	5	4	41560	16	41600	16	4105932	4105930
31	10	3	4	4	41560	25	41600	25	4106907	4106903
26	0	4	9	4	41740	8	41780	8	4123740	4123768
8	2	26	12	4	41580	4	41588	27	4107965	4107966
31	14	16	14	4	41520	9	41548	5	4102145	4102745
26	5	29	10	4	41540	30	41568	24	4104290	4104519
31	3	4	9	4	41700	24	41740	24	4119221	4119210
10	5	26	14	4	41920	14	41928	5	4139446	4139447
31	3	26	14	4	41900	10	41928	5	4139066	4139447
9	1	25	13	4	41780	7	41788	30	4126796	4126795
29	9	3	5	4	41900	17	41960	17	4139713	4139714
26	11	7	3	4	41980	26	42020	26	4146654	4146649
5	14	25	3	4	41780	12	41788	3	4127327	4127318
29	3	2	9	4	41800	30	41840	30	4129118	4129095
28	8	4	5	4	41860	27	41900	27	4134750	4134751
26	5	6	9	4	41920	25	41960	25	4140492	4140493
1	10	18	12	4	41800	22	41788	4	4128362	4127438
4	6	28	7	4	41840	11	41848	2	4133282	4133286
4	11	28	2	4	41920	19	41928	10	4139918	4139922
18	11	14	2	4	41840	21	41900	21	4134210	4134211
25	11	10	4	4	41860	7	41920	7	4135750	4135751
12	2	22	12	4	42000	28	42008	19	4146872	4146885
23	12	12	3	4	41920	27	41960	27	4140859	4140888
29	4	5	9	4	41980	30	42020	30	4147071	4147078
13	9	14	2	4	41800	2	41840	4	4129480	4129652
19	4	13	2	4	41780	15	44047873	12	4127664	4127346
24	7	10	6	4	41840	19	41900	19	4134016	4134012
29	11	2	13	4	42000	7	42040	7	4147979	4147984
8	15	25	8	4	41940	0	41928	19	4141333	4141001
6	4	27	10	4	41900	23	41908	14	4137299	4137292
4	0	11	14	4	41940	28	41960	28	4141006	4140995
25	5	8	0	4	41880	31	41940	31	4137995	4138000
14	8	20	0	4	41920	14	41908	29	4139480	4138729
3	6	28	7	4	41940	9	41948	0	4142206	4142212
27	0	3	15	4	41780	14	44047873	14	4127565	4127566
26	5	8	6	4	41800	9	41840	1	4130197	4129422
13	1	20	11	4	41940	13	41948	4	4142561	4142556
24	9	7	4	4	41840	18	41880	18	4133961	4133958
21	1	26	14	4	41940	21	41968	19	4143287	4144066
13	2	21	12	4	41800	31	41808	22	4129267	4129265
14	13	8	2	4	41820	20	41860	13	4131307	4130725
7	2	27	11	4	41820	16	41828	7	4130963	4130969
5	3	30	13	4	41880	18	41888	9	4136954	4136945
20	9	29	7	4	41940	16	41948	7	4142789	4142798
1	8	30	4	4	41940	8	41948	31	4142133	4142140
29	9	4	4	4	41760	24	41800	24	4125279	4125280
26	3	4	11	4	41780	20	44047873	20	4128180	4128176
14	8	30	2	4	42000	6	42008	1	4147838	4148271
27	4	31	7	4	42000	22	42028	13	4149470	4149466
7	2	23	11	4	42180	19	42188	10	4164568	4164570
21	9	12	4	4	42040	24	42080	24	4152846	4152860
25	9	10	2	4	42100	9	42140	10	4157387	4157575
21	9	12	5	4	42160	6	42200	6	4163273	4163277
31	0	0	6	4	42160	22	42220	22	4164847	4164848
19	5	14	7	4	42260	24	42320	24	4174568	4174576
8	13	27	11	4	42060	1	42068	20	4153628	4153312
4	13	14	3	4	42240	11	42260	14	4169897	4170189
28	8	0	6	4	42100	9	42140	9	4157392	4157395
19	2	10	6	4	42160	10	42200	18	4163713	4164504
4	12	18	15	4	42220	22	42208	8	4167835	4167305
17	0	16	14	4	42140	20	42148	11	4161649	4161657
13	1	19	12	4	42080	11	42088	2	4154588	4154590
17	0	16	15	4	42260	8	42268	31	4172853	4172855
11	0	27	5	4	42040	19	42048	10	4152389	4152388
3	0	29	14	4	42120	19	42128	10	4158580	4158569
11	0	21	12	4	42240	17	42248	8	4170489	4170487
25	2	8	10	4	42180	27	42220	27	4165406	4165423
9	11	10	4	4	42020	30	42060	28	4150277	4150063
3	0	20	11	4	42220	21	42228	12	4167728	4167724
25	11	10	4	4	42020	28	42060	28	4150070	4150063
13	1	20	13	4	42060	31	42068	22	4153501	4153500
24	3	18	8	4	42080	28	42088	13	4156308	4155642
31	3	7	6	4	42260	21	42300	21	4174247	4174268
6	4	18	9	4	42060	7	42068	30	4154178	4154179
9	3	26	11	4	42200	19	42208	10	4167583	4167570
17	14	3	1	4	42100	24	42160	24	4159060	4159069
18	7	13	7	4	42140	27	42180	27	4162297	4162295
27	4	7	9	4	42060	19	42120	19	4155360	4155365
18	11	15	1	4	42200	29	42260	29	4168556	4168560
20	9	21	12	4	42060	18	42088	9	4155245	4155259
6	2	26	10	4	42080	13	42088	4	4154772	4154766
2	0	30	13	4	42180	27	42188	18	4165457	4165439
28	8	7	6	4	42220	9	42260	9	4169757	4169762
12	2	18	11	4	42240	20	42248	11	4170851	4170785
24	9	5	3	4	42180	5	42220	5	4166376	4166404
25	5	8	6	4	42120	5	42160	5	4160318	4160320
31	5	2	9	4	42140	1	42200	1	4162787	4162784
23	8	10	6	4	42160	8	42200	8	4163539	4163537
1	5	6	10	4	42080	24	42120	0	4155774	4156638
4	13	30	0	4	42220	6	42228	29	4169442	4169444
28	3	3	11	4	42380	1	42420	1	4185485	4185478
10	15	22	15	4	42300	13	42308	4	4176666	4176673
21	9	12	3	4	42460	21	42500	21	4194008	4194012
14	0	19	13	4	42380	29	42388	20	4185060	4185059
31	0	2	6	4	42300	31	42360	31	4178445	4178441
3	0	13	2	4	42500	14	42520	14	4196404	4196401
23	8	10	4	4	42380	17	42440	17	4187129	4187118
24	1	21	8	4	42320	6	42328	26	4179117	4178845
19	2	1	12	4	42420	14	42460	7	4190190	4189486
8	12	25	1	4	42460	23	42468	14	4194195	4194210
17	14	15	1	4	42300	3	42360	3	4178857	4178856
25	5	5	8	4	42340	3	42380	3	4182256	4182257
21	9	11	4	4	42460	2	42520	2	4195219	4195224
0	6	31	15	4	42420	28	42408	19	4188285	4188284
16	2	17	14	4	42360	30	42388	21	4185212	4185209
18	6	14	7	4	42440	6	42480	6	4192680	4192678
7	2	25	11	4	42460	7	42468	30	4192761	4192752
26	3	8	11	4	42320	4	42360	4	4179002	4179001
3	6	28	7	4	42420	6	42428	29	4189416	4189414
7	10	28	2	4	42440	0	42448	23	4192072	4192073
18	6	13	7	4	42480	20	42540	20	4197096	4197107
5	1	24	1	4	42420	30	42428	24	4188506	4188924
18	7	14	7	4	42300	21	42340	21	4177493	4177509
1	8	29	6	4	42360	14	42368	5	4183395	4183451
7	9	24	4	4	42360	18	42368	9	4183729	4183733
18	6	15	6	4	42440	10	42480	10	4193014	4193023
13	1	20	11	4	42400	24	42408	15	4187887	4187904
24	7	8	6	4	42320	20	42380	20	4180918	4180919
23	3	10	11	4	42340	5	42380	5	4182445	4182449
29	6	26	12	4	42460	19	42488	18	4193896	4194548
15	3	13	9	4	42360	17	42400	17	4183680	4183675
8	4	23	9	4	42300	5	42308	28	4175794	4175809
7	9	24	4	4	42300	10	42308	1	4176294	4176293
10	5	23	9	4	42500	15	42508	6	4196450	4196471
23	10	12	5	4	42300	29	42340	29	4178245	4178244
15	12	0	10	4	42600	0	42640	0	4207701	4207702
13	1	18	12	4	42640	5	42668	6	4211565	4212451
7	1	26	12	4	42620	20	42628	11	4209759	4209768
12	8	3	9	4	42620	4	42640	29	4208172	4207459
24	5	9	7	4	42580	17	42620	17	4206229	4206224
19	0	15	12	4	42600	29	42640	29	4207462	4207456
8	12	25	1	4	42640	8	42648	31	4211849	4211842
27	4	7	10	4	42720	27	42760	27	4219928	4219929
26	5	3	9	4	42720	31	42760	31	4220326	4220320
21	9	12	4	4	42720	4	42780	4	4220647	4220657
27	9	7	4	4	42740	27	42800	27	4222952	4222956
9	9	19	9	4	42680	3	42688	26	4214400	4214403
25	9	7	4	4	42700	19	42760	19	4219098	4219106
4	6	28	7	4	42600	16	42588	7	4206114	4206118
5	1	30	12	4	42660	15	42668	6	4212476	4212478
6	15	24	1	4	42700	21	42708	12	4216200	4216198
1	11	8	5	4	42760	22	42800	31	4222457	4223307
24	7	6	4	4	42580	19	42620	19	4206465	4206466
10	4	23	9	4	42620	20	42628	11	4209802	4209775
10	11	24	1	4	42640	1	42648	24	4211023	4211024
8	7	26	5	4	42720	26	42728	17	4219905	4219842
27	1	7	11	4	42680	22	42720	22	4216303	4216318
23	8	9	5	4	42700	4	42740	4	4217784	4217785
14	0	19	14	4	42580	14	42588	5	4205922	4205931
25	9	9	4	4	42660	26	42700	26	4213634	4213621
10	5	26	14	4	42680	14	42688	5	4215594	4215597
30	11	5	3	4	42600	11	42660	11	4208890	4208883
23	8	25	3	4	42720	4	42748	5	4220687	4221638
5	3	29	9	4	42700	4	42708	27	4217796	4217800
30	11	2	1	4	42640	4	42680	4	4211480	4211499
17	14	24	14	4	42660	8	42688	8	4215050	4215855
3	8	29	6	4	42620	11	42628	2	4208898	4208895
23	8	8	5	4	42560	20	42600	20	4203419	4203417
6	15	4	5	4	42620	20	42660	14	4209817	4209289
8	13	8	11	4	42660	14	42680	14	4212393	4212400
0	13	17	9	4	42700	20	42688	11	4216166	4216160
25	15	26	2	4	42660	0	42668	16	4214147	4213527
18	7	12	5	4	42560	22	42600	28	4203512	4204036
23	12	9	1	4	42660	5	42700	5	4214581	4214578
29	12	5	1	4	42740	9	42780	9	4221153	4221112
25	12	8	2	4	43020	3	43060	3	4249024	4249021
15	3	18	11	4	42880	9	42888	0	4233574	4233583
5	3	29	10	4	42980	30	42988	21	4245465	4245474
13	2	19	9	4	42780	18	42788	9	4225256	4225247
26	5	2	9	4	42840	19	42880	19	4231524	4231529
19	7	13	6	4	42940	27	42980	27	4241976	4241999
9	1	25	12	4	42800	24	42788	15	4225912	4225911
1	8	22	11	4	42900	11	42908	2	4237265	4237277
20	6	13	5	4	42780	22	42820	22	4225699	4225695
19	6	14	7	4	42800	23	42860	23	4228740	4228744
21	1	4	11	4	43020	6	43060	6	4249328	4249342
14	1	19	13	4	42860	4	42868	27	4233079	4233100
10	4	7	11	4	42920	24	42960	24	4238553	4238570
29	0	7	11	4	42900	24	42960	24	4238559	4238570
9	3	26	11	4	43000	15	43008	6	4247105	4247101
12	13	26	10	4	42960	1	42968	24	4242660	4242668
11	1	21	12	4	43020	26	43028	17	4248268	4248276
7	2	25	11	4	42860	4	42868	27	4233112	4233113
13	2	19	9	4	42880	26	42888	17	4235508	4235497
2	15	21	12	4	43020	25	43028	22	4248157	4248699
11	0	21	12	4	43020	29	43028	20	4248530	4248537
20	15	26	10	4	42880	3	42888	19	4236381	4235667
6	2	27	11	4	42800	1	42808	24	4226896	4226900
24	5	12	3	4	42840	26	42880	26	4232180	4232181
25	10	3	2	4	43000	18	43040	18	4247383	4247409
27	1	5	13	4	42900	10	42940	10	4237210	4237214
17	14	19	14	4	42960	11	42968	2	4243564	4243566
7	1	26	12	4	42820	21	42828	12	4228551	4228553
4	11	30	2	4	42840	17	42848	8	4231455	4231454
1	10	30	4	4	43020	28	43028	19	4248485	4248458
31	13	3	1	4	42900	22	42940	22	4238376	4238374
29	6	14	14	4	42940	22	42980	22	4241579	4241576
14	1	19	12	4	42920	17	42928	8	4237922	4237901
11	0	10	2	4	42900	9	42940	15	4237096	4237742
29	13	8	2	4	42800	6	42840	6	4227318	4227309
17	14	0	4	4	42840	23	42880	24	4231976	4232083
17	14	22	14	4	42900	11	42908	31	4237304	4237020
17	14	0	4	4	42860	19	42920	19	4234685	4234724
1	2	28	9	4	43060	15	43068	6	4253200	4253202
3	8	29	6	4	43180	27	43188	18	4263945	4263937
21	1	7	3	4	43160	14	43200	14	4262569	4262572
7	13	25	1	4	43100	11	43108	2	4256073	4256080
19	0	19	9	4	43040	1	43068	24	4251946	4251947
25	10	7	3	4	43160	19	43200	19	4263108	4263099
25	2	9	9	4	43260	27	43300	27	4273271	4273265
3	6	28	7	4	43080	0	43088	23	4255029	4255036
10	11	24	1	4	43240	2	43248	25	4270733	4270743
23	10	11	4	4	43220	23	43280	23	4269708	4269704
18	7	14	7	4	43240	0	43280	0	4270525	4270529
7	5	24	8	4	43060	12	43068	3	4252969	4252966
15	3	18	12	4	43100	22	43108	13	4257166	4257160
14	0	9	6	4	43140	26	43180	26	4260620	4260625
26	5	5	8	4	43100	26	43140	26	4257594	4257602
25	10	9	3	4	43180	18	43240	18	4266346	4266351
20	6	14	7	4	43220	26	43280	26	4269993	4269986
15	3	13	9	4	43040	17	43080	17	4250275	4250282
10	4	22	9	4	43100	7	43108	30	4255766	4255759
24	5	21	4	4	43060	12	43068	25	4252981	4252065
19	7	12	11	4	43140	31	43180	31	4261096	4261071
7	5	26	9	4	43040	19	43048	10	4250552	4250550
19	12	13	1	4	43080	15	43140	15	4256453	4256448
20	6	30	2	4	43180	19	43208	10	4266472	4266467
19	7	15	6	4	43240	28	43280	28	4270185	4270175
15	3	18	11	4	43160	12	43168	3	4262364	4262349
4	6	29	7	4	43240	17	43248	8	4269199	4269191
22	13	11	0	4	43120	6	43160	6	4258826	4258822
25	2	5	13	4	43120	17	43160	17	4259844	4259843
4	12	29	3	4	43040	17	43048	6	4250290	4250126
23	10	10	4	4	43060	27	43120	27	4254548	4254544
29	13	6	1	4	43120	22	43180	22	4260302	4260313
31	10	2	4	4	43220	9	43260	9	4268411	4268414
9	3	25	12	4	43100	10	43108	1	4256064	4256072
28	8	7	6	4	43040	30	43080	30	4251687	4251689
25	10	10	4	4	43200	27	43240	27	4267144	4267138
20	6	13	7	4	43040	6	43100	6	4252461	4252462
29	9	2	3	4	43240	28	43280	28	4270199	4270203
10	4	25	11	4	43100	16	43108	7	4256563	4256560
2	8	4	3	4	43120	6	43160	3	4258860	4258526
29	4	2	10	4	43040	22	43080	22	4250862	4250878
20	15	30	12	4	43180	13	43208	2	4265895	4265738
29	13	7	3	4	43120	17	43160	17	4259858	4259860
29	4	1	10	4	43160	13	43200	13	4262501	4262491
21	6	13	7	4	43140	5	43180	5	4261757	4261762
13	2	21	12	4	43120	1	43128	24	4258387	4258385
21	9	12	5	4	43120	12	43160	12	4259422	4259402
23	1	15	6	4	43160	21	43200	26	4263327	4263907
1	5	31	9	4	43120	2	43128	25	4258393	4258390
3	9	30	3	4	43180	4	43188	27	4265079	4265074
10	4	29	9	4	43480	18	43488	9	4294493	4294487
13	1	20	12	4	43300	18	43308	9	4275516	4275494
24	7	8	6	4	43340	7	43380	7	4281035	4281029
17	0	16	14	4	43480	18	43488	9	4294489	4294500
11	15	20	12	4	43380	9	43388	30	4284255	4284022
13	2	23	14	4	43480	14	43488	5	4294154	4294158
6	4	25	8	4	43500	21	43508	12	4294824	4294826
29	6	5	7	4	43380	17	43420	17	4284920	4284924
18	6	16	8	4	43460	27	43468	18	4292221	4292222
11	1	21	12	4	43400	20	43408	11	4285233	4285234
0	10	29	3	4	43440	3	43448	26	4289911	4289912
24	9	11	4	4	43280	22	43340	22	4276033	4276040
7	9	31	2	4	43300	28	43308	19	4276760	4276759
30	11	0	1	4	43360	22	43400	22	4282466	4282470
26	3	7	10	4	43500	0	43540	0	4296036	4296032
13	0	19	13	4	43400	17	43408	8	4284931	4284929
19	7	17	13	4	43280	22	43308	18	4276039	4276638
20	9	12	4	4	43420	2	43480	2	4289789	4289790
9	1	25	13	4	43520	21	43528	12	4297973	4297974
27	9	6	4	4	43380	17	43420	17	4284942	4284936
7	15	7	15	4	43480	10	43520	10	4293676	4293680
31	10	12	5	4	43440	10	43480	8	4290542	4290389
1	10	31	4	4	43520	20	43528	11	4297875	4297878
8	5	28	9	4	43540	31	43548	22	4298964	4298965
21	9	11	4	4	43320	17	43360	17	4278973	4278980
21	1	27	3	4	43440	14	43448	0	4290889	4290456
3	13	29	1	4	43320	7	43328	30	4277970	4277976
14	11	23	0	4	43340	6	43348	21	4280994	4280060
10	4	22	10	4	43460	23	43468	14	4291888	4291868
7	5	28	6	4	43540	30	43548	21	4298911	4298909
7	9	27	5	4	43400	1	43408	24	4286630	4286608
13	0	20	13	4	43320	1	43328	24	4277270	4277274
9	0	26	15	4	43340	23	43348	14	4279501	4279493
21	9	11	4	4	43340	14	43380	14	4281698	4281727
1	5	31	7	4	43380	4	43388	27	4283757	4283755
24	5	9	9	4	43580	30	43620	30	4304693	4304678
13	7	14	1	4	43680	26	43740	4	4313785	4314608
13	14	25	1	4	43800	0	43788	23	4323561	4323555
18	12	15	1	4	43680	0	43720	0	4314236	4314238
31	1	8	2	4	43720	8	43780	16	4318389	4319021
7	1	26	11	4	43600	7	43608	30	4305499	4305498
4	11	28	2	4	43680	9	43688	0	4312192	4312197
19	5	14	7	4	43620	31	43660	31	4307953	4307958
17	12	28	2	4	43660	5	43688	0	4311813	4312197
7	9	24	5	4	43640	10	43648	1	4309105	4309108
7	9	26	5	4	43680	26	43688	17	4313789	4313793
23	8	7	5	4	43660	0	43700	0	4311409	4311426
10	8	26	5	4	43680	13	43688	4	4312566	4312576
30	13	6	1	4	43680	7	43740	7	4314936	4314934
9	0	22	10	4	43560	20	43568	11	4300828	4300826
8	5	25	8	4	43720	29	43728	20	4317311	4317307
16	13	2	6	4	43580	3	43640	3	4305176	4305182
16	2	17	9	4	43620	28	43628	19	4307723	4307715
8	14	28	2	4	43700	13	43708	4	4315552	4315549
5	1	28	14	4	43760	30	43768	21	4320240	4320256
22	3	18	13	4	43580	30	43588	10	4304702	4303696
3	8	28	5	4	43560	24	43568	15	4301184	4301188
25	1	7	13	4	43660	13	43700	13	4312581	4312579
27	0	7	13	4	43760	18	43800	18	4322275	4322274
11	1	31	0	4	43720	2	43728	25	4317891	4317899
2	0	18	8	4	43560	30	43568	16	4301741	4301282
25	5	25	11	4	43600	17	43628	7	4306579	4306479
27	4	4	9	4	43620	10	43680	10	4309137	4309144
21	9	11	4	4	43580	0	43640	0	4304941	4304932
28	3	7	9	4	43660	2	43700	2	4311630	4311652
25	9	7	3	4	43680	0	43720	0	4314303	4314305
27	4	6	9	4	43780	5	43820	5	4324125	4324129
29	6	8	5	4	43580	3	43640	3	4305207	4305208
5	3	27	10	4	43560	0	43568	23	4301922	4301891
9	9	25	4	4	43620	18	43628	9	4306661	4306671
8	14	18	8	4	43660	31	43668	30	4311407	4312080
29	0	3	13	4	43720	12	43780	12	4318787	4318800
1	2	2	13	4	43760	30	43780	30	4320227	4320155
18	15	7	15	4	43640	22	43680	14	4310291	4309505
27	1	3	13	4	43740	31	43800	31	4320297	4320294
3	13	31	0	4	43840	9	43848	0	4327701	4327696
2	13	11	4	4	44040	21	44080	23	4348043	4348199
25	10	6	3	4	43820	15	43880	15	4328448	4328466
22	13	6	8	4	44000	27	44040	26	4345423	4345363
6	4	28	10	4	43940	22	43948	13	4338522	4338512
4	12	26	2	4	44000	17	44008	8	4344537	4344535
3	8	28	5	4	43840	11	43848	2	4327923	4327929
4	11	25	4	4	43960	3	43968	26	4339857	4339892
30	11	3	2	4	43820	12	43860	12	4328023	4328024
16	15	24	5	4	43900	28	43928	19	4335898	4335872
5	14	6	1	4	43820	25	43860	2	4326033	4326964
14	1	20	13	4	43900	16	43908	7	4334808	4334798
8	2	25	11	4	44040	2	44048	25	4349260	4349258
12	10	4	7	4	44060	4	44080	4	4349433	4349439
31	14	6	1	4	43820	2	43860	2	4326967	4326964
15	3	1	11	4	43920	1	43960	1	4336421	4336439
30	11	5	2	4	43900	16	43940	16	4334799	4334805
3	8	30	4	4	43900	13	43908	4	4334540	4334548
6	4	25	8	4	43940	24	43948	15	4338742	4338752
6	2	4	3	4	43980	28	44000	25	4342448	4342159
13	2	20	12	4	43920	3	43928	26	4336629	4336632
18	6	14	7	4	43840	26	43880	26	4329645	4329638
24	5	6	8	4	43820	16	43880	16	4328577	4328584
24	5	5	5	4	43860	19	43900	9	4332047	4331133
24	9	2	4	4	43960	23	44000	23	4341965	4341960
3	0	3	9	4	43940	30	43980	30	4339313	4339317
31	10	4	4	4	43960	26	44000	26	4342260	4342277
9	0	3	2	4	44060	7	44080	8	4349748	4349845
26	11	5	1	4	43840	31	43880	31	4330131	4330128
13	1	23	15	4	43820	2	43828	25	4327005	4327034
7	5	26	8	4	43920	29	43928	20	4336051	4336058
4	12	27	3	4	43820	4	43828	27	4327216	4327213
26	3	6	10	4	43800	28	43860	28	4326375	4326381
17	14	16	12	4	43900	31	43928	30	4336264	4337141
5	1	27	12	4	43820	7	43828	30	4327585	4327589
14	1	20	11	4	43840	21	43848	12	4329136	4329140
18	4	15	15	4	43840	0	43880	0	4330296	4330253
29	3	1	12	4	43900	21	43940	21	4335265	4335267
11	0	20	13	4	43820	5	43828	28	4327248	4327247
19	4	2	12	4	44020	11	44060	11	4347113	4347114
29	6	5	7	4	44200	30	44240	30	4364478	4364476
23	11	9	1	4	44240	8	44280	8	4368391	4368412
9	1	25	14	4	44160	10	44168	1	4359299	4359295
8	2	25	11	4	44300	28	44308	19	4373704	4373703
27	13	5	0	4	44240	14	44280	14	4368994	4368992
24	9	2	13	4	44260	1	44300	6	4370992	4371444
19	7	13	7	4	44200	1	44240	1	4364757	4364735
3	9	28	5	4	44100	14	44108	5	4353377	4353379
13	1	20	13	4	44260	24	44268	15	4370069	4370047
23	1	11	6	4	44240	6	44280	6	4368198	4368206
4	11	29	1	4	44080	1	44088	24	4352163	4352165
6	4	26	8	4	44240	31	44248	22	4367445	4367446
19	6	13	6	4	44200	4	44240	4	4365048	4365051
16	1	17	13	4	44280	15	44288	6	4372358	4372359
9	9	29	3	4	44260	23	44268	13	4369934	4369785
10	5	22	9	4	44280	7	44288	30	4371578	4371587
20	9	14	3	4	44120	15	44160	13	4356671	4356466
19	12	15	1	4	44260	9	44320	9	4371767	4371770
13	0	22	15	4	44240	10	44248	1	4368594	4368600
9	13	19	13	4	44260	21	44268	12	4369684	4369682
9	3	22	10	4	44180	15	44188	6	4362925	4362929
29	12	3	2	4	44100	0	44140	0	4355122	4355124
22	3	11	9	4	44180	19	44220	19	4363324	4363349
8	2	25	12	4	44060	22	44068	13	4351193	4351183
11	11	7	3	4	44160	14	44180	14	4359599	4359583
14	1	18	12	4	44300	1	44308	24	4374225	4374228
28	3	2	10	4	44100	29	44140	29	4354863	4354880
19	7	13	5	4	44220	29	44260	29	4367288	4367286
5	5	29	9	4	44060	20	44068	11	4351051	4351042
17	14	30	2	4	44140	1	44148	17	4358495	4357872
13	1	20	13	4	44060	16	44068	7	4350664	4350665
13	11	23	0	4	44140	7	44168	5	4359120	4359601
5	5	31	9	4	44160	11	44168	2	4359425	4359429
14	1	18	12	4	44240	10	44248	1	4368682	4368633
20	6	13	6	4	44200	1	44240	1	4364776	4364784
6	4	28	9	4	44120	2	44128	25	4355403	4355362
16	2	18	13	4	44080	13	44108	4	4353334	4353340
17	0	18	15	4	44080	18	44108	9	4353823	4353828
7	2	25	12	4	44080	27	44088	18	4351602	4351594
12	8	14	7	4	44240	5	44280	11	4368049	4368646
29	4	6	9	4	44080	22	44140	22	4354113	4354114
20	6	15	6	4	44480	7	44540	7	4394112	4394115
31	10	2	4	4	44520	15	44580	15	4398220	4398213
8	14	1	12	4	44320	12	44340	12	4375193	4375182
14	6	17	9	4	44340	13	44348	4	4378616	4378614
13	9	7	3	4	44520	1	44540	22	4396673	4395661
4	11	29	1	4	44320	17	44328	8	4375760	4375762
2	12	31	2	4	44460	31	44468	22	4390016	4390000
26	0	7	13	4	44340	18	44380	18	4379160	4379161
14	6	16	8	4	44500	12	44508	30	4394621	4394147
3	0	24	4	4	44560	29	44568	20	4399689	4399693
9	1	23	12	4	44480	18	44488	9	4391770	4391768
9	13	19	10	4	44500	30	44508	23	4393077	4393288
19	4	12	11	4	44460	11	44500	11	4391170	4391167
4	11	30	2	4	44340	2	44348	25	4377444	4377438
12	2	22	11	4	44400	2	44408	25	4383970	4383969
11	0	21	11	4	44400	31	44408	22	4383691	4383699
5	3	27	9	4	44420	16	44428	7	4385506	4385507
2	13	29	1	4	44520	22	44528	13	4395713	4395717
29	11	3	2	4	44360	29	44400	29	4380229	4380227
2	8	19	10	4	44380	17	44388	8	4382340	4382341
31	13	1	0	4	44320	7	44380	7	4378000	4377998
28	8	3	4	4	44400	10	44440	10	4384924	4384909
5	7	28	6	4	44400	27	44408	18	4383310	4383314
26	2	7	11	4	44320	0	44360	0	4377313	4377315
2	0	21	9	4	44480	23	44488	14	4392373	4392366
31	0	16	10	4	44360	3	44368	22	4380918	4380450
1	13	31	2	4	44460	25	44468	16	4389504	4389497
29	3	6	9	4	44360	8	44400	8	4381374	4381375
10	5	25	8	4	44320	10	44328	1	4375110	4375104
15	11	13	5	4	44380	7	44420	14	4381294	4382101
7	9	26	2	4	44500	30	44508	21	4393158	4393154
26	5	9	7	4	44380	26	44420	26	4383264	4383218
8	6	25	8	4	44400	26	44408	17	4383226	4383223
10	4	22	9	4	44440	8	44448	31	4387875	4387904
24	7	9	7	4	44400	23	44460	23	4386251	4386253
29	0	5	13	4	44480	28	44520	28	4392868	4392864
3	12	28	2	4	44420	15	44428	6	4385387	4385388
1	8	30	4	4	44420	18	44428	9	4385672	4385671
15	12	6	3	4	44700	21	44740	18	4414743	4414459
6	4	26	8	4	44620	6	44628	29	4406898	4406899
3	9	29	3	4	44620	6	44628	29	4406900	4406901
5	7	7	11	4	44780	5	44820	8	4422813	4423148
10	11	25	1	4	44680	24	44688	15	4412178	4412184
14	0	19	12	4	44780	5	44788	28	4422817	4422808
17	14	15	15	4	44580	25	44620	25	4402347	4402360
19	6	14	7	4	44680	28	44720	28	4412482	4412493
17	15	5	7	4	44680	12	44740	12	4413976	4413969
11	0	24	15	4	44640	17	44648	8	4408007	4407984
8	7	26	2	4	44700	11	44708	30	4413900	4413551
11	1	22	12	4	44780	28	44788	19	4421960	4421980
23	5	4	5	4	44780	0	44800	23	4422343	4421442
23	10	17	14	4	44600	14	44608	0	4404448	4403905
26	3	4	12	4	44760	30	44820	30	4422181	4422185
15	3	19	9	4	44720	0	44728	23	4415800	4415801
19	12	14	2	4	44620	12	44660	12	4407583	4407584
8	6	26	8	4	44720	28	44728	19	4415427	4415415
27	0	4	14	4	44560	9	44600	9	4400783	4400789
19	6	14	7	4	44760	25	44800	25	4421623	4421631
4	6	31	15	4	44660	9	44668	0	4410648	4410642
7	9	25	4	4	44660	10	44668	1	4410733	4410736
18	12	9	3	4	44620	12	44680	17	4407604	4408037
7	9	25	4	4	44620	6	44628	29	4406937	4406949
7	5	26	8	4	44660	6	44668	29	4410387	4410336
10	4	25	8	4	44800	13	44808	4	4423593	4423592
8	7	28	7	4	44800	14	44808	5	4423728	4423729
18	11	10	2	4	44600	20	44640	20	4405105	4405092
31	10	3	4	4	44720	8	44760	8	4416642	4416651
19	12	13	1	4	44780	16	44840	16	4423956	4423950
8	2	18	8	4	44700	17	44708	8	4414453	4414448
7	10	25	3	4	44740	26	44748	17	4418441	4418438
5	3	8	5	4	44760	14	44800	13	4420431	4420353
24	7	8	6	4	44560	23	44620	23	4402189	4402252
5	15	25	1	4	44580	24	44588	15	4402251	4402195
1	4	29	9	4	44600	12	44608	3	4404226	4404229
15	3	18	13	4	44760	18	44768	5	4420790	4420351
25	1	29	9	4	44600	22	44608	3	4405207	4404229
9	0	11	0	4	45000	31	45040	0	4445241	4445298
12	2	21	11	4	44820	9	44828	0	4426494	4426495
14	1	13	1	4	44920	2	44940	2	4435850	4435826
18	11	15	1	4	44920	20	44960	20	4437758	4437737
2	0	13	1	4	44820	14	44880	24	4427090	4428101
8	4	14	7	4	45020	18	45060	18	4447145	4447152
8	6	4	11	4	45020	23	45060	23	4447670	4447661
6	4	27	9	4	44900	16	44908	7	4434180	4434198
19	7	12	5	4	44900	25	44940	25	4434988	4434989
17	0	16	12	4	44960	30	44988	21	4442282	4442275
24	1	25	0	4	45020	22	45048	19	4447516	4448350
13	0	20	13	4	45040	8	45048	31	4449528	4449521
17	0	16	14	4	44880	6	44888	29	4433065	4433064
6	2	26	10	4	44840	29	44848	20	4428624	4428619
17	14	29	13	4	44860	2	44888	25	4432541	4432546
24	7	10	6	4	44880	7	44920	7	4433130	4433131
17	11	11	6	4	44900	31	44940	5	4435524	4436204
19	7	13	5	4	45020	24	45060	24	4447823	4447822
12	2	21	12	4	44900	28	44908	19	4435266	4435264
5	3	29	10	4	45040	2	45048	25	4448894	4448909
14	0	19	13	4	45040	9	45048	0	4449606	4449601
31	3	4	11	4	44960	2	45000	2	4442677	4442691
31	3	29	7	4	45020	26	45048	21	4448035	4448563
14	0	18	13	4	44820	5	44828	28	4426124	4426122
7	1	26	12	4	44900	19	44908	10	4434472	4434458
2	12	26	15	4	44900	31	44928	26	4435553	4435984
9	0	23	12	4	45040	10	45048	1	4449685	4449682
19	7	17	14	4	44940	2	44968	3	4439188	4440210
17	12	30	13	4	45020	25	45048	16	4447944	4447942
11	0	21	12	4	45000	20	45008	11	4444247	4444246
23	1	31	6	4	44860	31	44868	12	4432293	4431302
30	15	18	9	4	44900	4	44928	0	4436114	4436613
26	11	8	2	4	44960	1	45000	1	4442626	4442639
31	3	1	11	4	44980	13	45020	13	4443607	4443595
14	12	22	12	4	44840	26	44848	25	4428414	4429178
9	0	26	15	4	44860	12	44868	3	4430422	4430426
24	5	6	10	4	45020	29	45060	29	4448477	4448504
10	8	25	3	4	44880	6	44888	29	4433032	4432998
8	2	25	12	4	44960	17	44968	8	4440779	4440780
2	0	31	13	4	45160	17	45168	8	4459868	4459873
24	7	9	6	4	45100	19	45160	20	4456762	4456754
31	3	2	10	4	45280	27	45320	28	4473577	4473576
23	2	8	13	4	45080	16	45120	16	4453020	4453024
10	15	19	9	4	45060	26	45068	17	4451144	4451140
29	3	4	11	4	45060	29	45100	29	4451392	4451382
9	11	25	1	4	45080	9	45088	0	4452410	4452407
13	0	19	12	4	45220	21	45228	12	4466436	4466435
1	10	30	3	4	45280	9	45288	0	4471651	4471644
31	1	2	13	4	45200	21	45260	22	4466441	4466448
19	12	15	1	4	45260	12	45300	13	4471970	4471971
24	9	8	5	4	45040	21	45100	21	4450521	4450522
31	5	5	7	4	45260	0	45300	1	4470943	4470944
7	2	12	11	4	45080	10	45100	4	4452490	4452008
29	3	1	11	4	45040	21	45100	21	4450536	4450539
27	9	22	10	4	45080	18	45088	30	4453187	4452252
0	7	31	7	4	45240	13	45248	4	4469006	4469005
2	0	25	13	4	45260	20	45248	11	4469818	4469820
21	9	3	13	4	45220	29	45260	24	4467281	4466685
20	6	13	7	4	45100	0	45140	0	4454817	4454816
18	12	15	1	4	45120	2	45180	3	4458421	4458409
9	1	8	15	4	45160	3	45200	5	4461740	4461816
13	7	15	12	4	45260	5	45300	12	4471356	4471905
20	6	11	6	4	45100	4	45140	4	4455198	4455191
17	14	15	1	4	45260	10	45300	11	4471790	4471796
7	2	26	10	4	45080	13	45088	4	4452790	4452781
7	9	13	5	4	45140	5	45180	12	4458720	4459363
18	7	15	6	4	45120	6	45180	7	4458770	4458775
17	14	28	2	4	45160	15	45188	7	4462967	4463053
9	3	26	11	4	45200	26	45208	17	4464050	4464042
25	1	2	14	4	45040	16	45080	16	4450198	4450213
25	10	26	11	4	45180	24	45208	17	4463892	4464042
24	3	8	11	4	45060	25	45100	25	4451069	4451070
29	0	1	15	4	45140	27	45200	28	4460980	4460990
23	8	7	4	4	45300	9	45340	5	4474992	4474458
27	0	5	13	4	45080	13	45120	13	4452728	4452723
29	12	0	0	4	45400	12	45440	13	4484610	4484616
5	3	28	10	4	45360	0	45368	23	4480368	4480359
7	5	26	8	4	45520	8	45528	31	4496772	4496770
31	13	25	4	4	45360	12	45368	3	4481590	4481592
19	4	13	8	4	45500	22	45540	23	4494858	4494851
31	3	0	10	4	45540	27	45580	23	4498771	4498266
26	11	5	1	4	45440	28	45480	29	4489435	4489436
10	4	26	10	4	45340	5	45348	28	4477512	4477514
11	0	22	14	4	45460	12	45468	3	4490842	4490841
26	5	6	9	4	45340	26	45380	27	4479848	4479864
2	0	31	13	4	45320	0	45328	23	4477163	4477165
29	9	3	4	4	45480	3	45520	4	4492942	4492943
23	1	9	13	4	45360	15	45400	16	4481859	4481858
19	7	14	7	4	45500	3	45560	4	4496277	4496279
5	3	31	9	4	45340	10	45348	1	4478156	4478147
27	4	6	9	4	45500	19	45540	20	4494583	4494585
20	9	12	3	4	45320	2	45360	3	4477337	4477332
20	9	12	5	4	45400	27	45460	28	4486101	4486096
23	11	11	4	4	45400	29	45460	30	4486229	4486235
29	13	5	1	4	45520	7	45560	8	4496704	4496709
6	4	31	14	4	45440	19	45448	10	4488492	4488493
7	1	26	12	4	45500	22	45508	13	4494884	4494888
27	13	6	1	4	45480	1	45520	2	4492781	4492789
19	6	26	12	4	45480	15	45508	13	4494249	4494888
5	14	25	1	4	45460	1	45468	24	4489909	4489914
14	1	18	12	4	45560	0	45548	23	4499275	4499287
31	1	2	13	4	45440	31	45480	0	4489718	4489719
8	7	30	6	4	45340	19	45348	10	4479301	4479291
12	8	11	9	4	45360	27	45380	28	4479975	4479960
26	2	18	12	4	45340	19	45348	10	4479294	4479300
23	8	12	4	4	45380	28	45420	29	4483122	4483127
24	5	10	8	4	45440	7	45500	8	4490461	4490457
24	9	7	4	4	45500	3	45560	4	4496323	4496311
4	6	31	7	4	45360	10	45368	1	4481366	4481365
19	0	13	14	4	45360	5	45400	6	4480831	4480830
16	1	16	12	4	45400	21	45428	12	4485542	4485540
26	0	5	13	4	45400	27	45460	28	4486125	4486129
9	1	21	8	4	45440	13	45448	4	4487891	4487893
10	11	25	1	4	45500	10	45508	1	4493778	4493801
29	9	3	4	4	45460	17	45500	18	4491374	4491367
19	7	14	7	4	45480	0	45520	1	4492756	4492745
27	4	3	9	4	45320	0	45360	1	4477133	4477125
20	9	13	5	4	45340	21	45380	22	4479357	4479361
4	13	29	1	4	45600	15	45608	4	4503631	4503434
7	1	26	12	4	45820	7	45828	30	4524790	4524801
4	12	23	1	4	45760	17	45768	13	4519300	4519908
20	3	13	5	4	45580	11	45640	15	4503230	4503502
31	3	6	9	4	45676	12	45720	13	4512739	4512757
3	6	28	7	4	45660	4	45648	27	4508780	4508775
10	5	24	8	4	45720	18	45728	9	4516537	4516529
14	6	18	8	4	45640	19	45648	10	4507236	4507247
10	11	13	5	4	45640	3	45680	7	4508690	4509029
3	13	26	2	4	45720	5	45728	28	4515387	4515383
25	5	6	9	4	45620	12	45660	13	4506498	4506500
17	14	17	13	4	45776	10	45788	1	4521899	4521912
7	1	26	12	4	45580	29	45588	20	4502016	4502036
23	10	9	3	4	45580	11	45620	12	4503259	4503240
18	6	15	6	4	45640	2	45680	3	4508603	4508600
5	7	30	6	4	45660	5	45668	28	4508866	4508865
20	3	22	2	4	45600	26	45608	10	4504722	4504050
16	2	17	13	4	45540	10	45568	1	4500222	4500220
21	6	10	8	4	45676	19	45740	20	4513561	4513568
29	12	15	14	4	45696	28	45740	23	4514410	4513884
19	12	1	0	4	45736	28	45780	27	4517442	4517250
25	12	8	1	4	45756	17	45800	18	4519357	4519347
13	14	27	3	4	45660	7	45668	30	4509139	4509127
25	9	8	2	4	45580	2	45620	3	4502449	4502451
29	6	31	9	4	45736	3	45748	26	4518162	4518157
24	9	7	3	4	45776	8	45820	9	4521720	4521723
4	11	18	8	4	45620	28	45608	11	4504887	4504173
27	13	27	15	4	45776	22	45808	11	4523084	4522893
17	12	15	1	4	45756	20	45800	21	4519745	4519752
7	15	25	0	4	45600	18	45608	9	4503959	4503957
11	11	24	1	4	45700	31	45708	22	4514884	4514882
15	3	31	2	4	45780	11	45788	2	4522052	4522051
22	13	11	0	4	45716	18	45760	19	4516569	4516615
6	4	29	10	4	45640	19	45648	10	4507206	4507212
15	12	7	4	4	45980	13	46000	8	4540890	4540343
9	1	22	11	4	46000	7	46008	30	4543506	4543507
24	3	18	15	4	45876	23	45888	6	4532595	4531918
19	7	13	6	4	46036	11	46080	12	4547022	4547024
2	12	29	1	4	45920	23	45928	14	4535739	4535743
14	0	18	13	4	46000	30	46008	21	4542530	4542516
26	2	8	11	4	45856	30	45900	31	4530092	4530107
26	5	6	8	4	45936	11	45980	12	4537483	4537489
6	2	29	13	4	45820	17	45828	8	4525797	4525794
7	1	27	12	4	45920	24	45928	15	4535833	4535820
20	9	15	1	4	45916	2	45980	3	4536754	4536737
18	11	15	1	4	45996	2	46040	3	4542932	4542940
14	0	19	13	4	45840	26	45848	17	4526655	4526646
17	14	18	7	4	45856	28	45888	27	4529903	4530675
20	9	18	8	4	45956	4	45968	17	4540065	4539054
20	14	13	2	4	46056	1	46100	2	4549201	4549186
5	7	28	7	4	45860	20	45868	11	4529283	4529296
13	0	19	13	4	45920	14	45928	5	4534810	4534808
29	9	20	11	4	45936	17	45968	10	4538087	4538231
12	2	21	11	4	45880	2	45888	25	4530548	4530535
13	2	22	15	4	45920	14	45928	5	4534823	4534870
29	4	6	8	4	45856	6	45920	7	4530925	4530927
5	1	26	12	4	45980	9	45988	0	4540550	4540548
20	6	13	7	4	45976	27	46020	28	4542301	4542307
8	5	26	8	4	45860	29	45868	20	4530051	4530058
13	2	20	12	4	46020	29	46028	20	4545732	4545726
30	11	20	1	4	45836	0	45848	19	4527305	4526880
23	5	11	4	4	46036	13	46080	25	4547222	4548219
30	11	6	3	4	46036	27	46100	28	4548517	4548512
10	11	24	1	4	46060	22	46068	13	4548071	4548088
3	12	28	2	4	45900	27	45908	18	4533012	4533005
29	0	8	11	4	45916	28	45960	29	4536158	4536163
13	1	20	12	4	45860	22	45868	13	4529439	4529437
4	6	28	6	4	45900	25	45908	16	4532880	4532858
5	15	25	0	4	45920	17	45928	8	4535199	4535174
13	14	29	6	4	45940	0	45928	13	4536608	4535714
7	9	26	5	4	45860	19	45868	10	4529253	4529255
13	2	20	11	4	46000	25	46008	16	4542098	4542073
19	6	19	9	4	45856	21	45868	12	4529360	4529362
0	15	12	4	4	45820	21	45860	29	4526269	4526904
5	1	29	13	4	45880	5	45888	28	4530890	4530891
16	1	17	14	4	45856	3	45888	26	4530640	4530641
18	12	15	1	4	45916	17	45960	18	4535065	4535064
8	4	26	10	4	46320	2	46328	25	4574333	4574329
19	2	16	15	4	46136	19	46148	10	4557267	4557271
3	0	31	12	4	46080	14	46088	5	4550427	4550446
14	13	31	13	4	46160	24	46168	20	4557727	4558285
8	5	28	9	4	46220	4	46228	27	4565173	4565171
28	3	7	4	4	46096	10	46140	17	4553234	4553839
23	10	9	4	4	46136	26	46180	27	4557987	4557981
23	12	12	4	4	46276	7	46320	8	4571863	4571844
1	2	5	2	4	46120	29	46160	30	4555053	4555051
3	0	30	13	4	46240	15	46248	6	4566298	4566295
25	5	6	8	4	46116	10	46180	11	4556425	4556453
27	13	5	0	4	46276	11	46340	12	4572181	4572182
4	11	18	15	4	46160	8	46168	2	4559408	4559755
8	6	24	8	4	46300	5	46308	28	4571588	4571598
12	10	5	13	4	46300	20	46340	21	4573117	4573114
25	11	22	15	4	46136	22	46148	13	4557531	4557536
0	4	31	9	4	46080	12	46088	3	4550269	4550271
7	1	29	14	4	46100	31	46108	22	4552077	4552074
24	7	9	6	4	46196	13	46240	14	4563027	4563022
14	0	23	1	4	46100	2	46108	29	4552458	4552903
26	2	7	11	4	46196	15	46240	16	4563144	4563142
7	1	29	13	4	46200	14	46208	5	4563093	4563102
21	9	12	4	4	46176	3	46220	4	4562077	4562072
9	9	24	4	4	46220	5	46228	28	4565349	4565344
8	5	24	8	4	46240	22	46248	13	4567038	4567030
11	1	21	10	4	46140	8	46148	31	4556193	4556168
23	10	9	1	4	46176	4	46220	5	4562159	4562158
24	7	8	6	4	46216	15	46280	16	4566339	4566334
25	5	9	4	4	46216	10	46260	11	4565782	4565780
4	13	9	5	4	46080	12	46100	14	4550375	4550423
14	0	18	11	4	46180	12	46168	3	4559900	4559895
23	5	10	8	4	46136	31	46200	0	4558534	4558493
17	14	18	11	4	46156	6	46168	3	4559246	4559895
17	10	30	12	4	46156	16	46188	15	4560283	4561070
2	12	28	2	4	46080	24	46088	15	4551476	4551468
1	2	31	11	4	46220	25	46228	16	4564149	4564123
13	14	15	1	4	46140	10	46180	17	4556483	4557020
9	13	3	11	4	46220	0	46260	1	4564862	4564813
1	10	29	3	4	46280	25	46288	16	4570538	4570534
20	6	13	7	4	46196	10	46240	11	4562746	4562750
5	1	20	11	4	46100	9	46108	25	4553230	4552526
17	14	6	1	4	46176	2	46240	8	4562002	4562492
8	6	23	9	4	46340	25	46348	16	4576459	4576440
30	11	1	2	4	46516	13	46560	16	4594083	4594074
14	1	18	11	4	46360	8	46368	31	4578005	4578033
20	9	19	13	4	46336	27	46348	12	4576624	4576049
25	2	31	4	4	46416	12	46428	27	4584555	4583599
18	15	18	13	4	46556	16	46568	10	4597252	4597455
13	14	2	8	4	46540	20	46560	22	4594731	4594634
7	1	26	11	4	46360	0	46348	23	4577146	4577142
14	1	18	11	4	46420	2	46428	26	4583469	4583449
19	6	13	2	4	46396	3	46460	8	4583613	4583865
10	5	23	11	4	46400	22	46408	14	4582320	4582316
10	4	22	9	4	46440	30	46448	22	4586222	4586218
25	12	9	1	4	46376	29	46420	30	4579884	4579882
17	0	16	15	4	46516	21	46548	13	4594837	4594833
7	3	25	12	4	46380	30	46368	10	4579977	4579044
23	11	12	4	4	46456	15	46500	17	4588015	4588020
14	8	27	12	4	46340	22	46348	23	4576214	4577159
9	3	25	0	4	46380	7	46388	30	4580975	4580971
7	10	13	9	4	46400	8	46420	3	4581085	4580487
1	4	31	9	4	46520	19	46528	11	4594655	4594654
18	11	14	3	4	46376	9	46420	10	4581155	4581157
17	0	16	15	4	46476	7	46488	31	4590382	4590376
24	7	29	6	4	46576	5	46588	28	4599285	4599213
14	1	11	9	4	46520	10	46560	9	4593781	4593410
21	1	11	12	4	46376	29	46420	30	4579888	4579883
1	13	28	5	4	46500	14	46508	6	4591153	4591151
18	6	15	6	4	46536	6	46580	9	4596411	4596414
3	6	29	6	4	46380	2	46388	25	4580498	4580492
24	7	19	10	4	46396	2	46428	30	4583505	4583891
18	11	18	12	4	46476	12	46508	8	4590964	4591342
24	2	15	6	4	46556	28	46600	25	4598403	4597847
9	0	26	15	4	46360	6	46368	29	4577887	4577883
13	2	30	12	4	46580	6	46588	1	4599431	4599675
22	3	9	3	4	46536	28	46580	31	4595608	4595598
0	6	29	3	4	46380	1	46388	24	4580379	4580380
5	15	22	10	4	46560	14	46568	9	4597149	4597396
23	5	0	5	4	46336	3	46380	4	4577587	4577586
17	14	13	13	4	46476	13	46520	16	4591067	4591069
5	14	12	11	4	46360	11	46400	22	4578321	4579243
13	7	4	8	4	46400	13	46420	9	4581540	4581121
17	14	14	2	4	46376	31	46420	0	4580214	4580216
20	14	0	1	4	46476	5	46520	8	4590187	4590184
8	14	25	0	4	46480	29	46488	21	4589233	4589290
20	9	7	5	4	46496	20	46520	14	4591600	4590785
23	11	10	2	4	46616	14	46660	17	4602976	4602975
28	3	8	9	4	46636	13	46680	16	4605951	4605947
16	1	18	13	4	46756	31	46768	23	4617406	4617410
31	3	3	10	4	46796	1	46840	4	4620860	4620859
21	1	11	13	4	46576	22	46640	25	4600804	4600787
31	14	5	0	4	46616	28	46680	31	4604287	4604282
23	2	10	11	4	46716	16	46760	19	4612586	4612596
8	14	28	5	4	46680	10	46688	8	4608872	4609484
8	7	29	6	4	46660	31	46668	23	4607707	4607705
28	3	31	15	4	46756	29	46768	24	4617260	4617541
20	3	12	11	4	46796	5	46840	8	4621251	4621244
8	14	24	5	4	46620	8	46628	0	4602462	4602455
5	3	28	10	4	46620	20	46628	12	4603595	4603571
13	1	19	12	4	46640	29	46648	21	4604369	4604362
5	3	29	12	4	46700	6	46708	30	4611633	4611624
6	2	27	12	4	46780	14	46788	6	4618966	4618967
23	3	10	11	4	46616	15	46660	18	4603090	4603096
19	4	21	1	4	46716	31	46748	31	4614207	4614938
25	9	7	6	4	46796	7	46840	10	4621498	4621508
10	5	21	8	4	46740	6	46748	30	4614860	4614862
8	5	26	10	4	46780	11	46788	3	4618644	4618639
19	7	14	7	4	46776	30	46840	1	4620590	4620595
11	13	24	8	4	46800	7	46828	9	4621510	4622495
24	9	8	2	4	46676	16	46720	19	4609522	4609523
6	4	26	8	4	46640	28	46648	20	4604312	4604308
8	12	1	9	4	46800	26	46820	19	4620163	4619144
18	6	14	7	4	46816	28	46860	31	4623651	4623653
19	5	13	7	4	46796	16	46860	19	4622444	4622415
6	2	31	13	4	46600	1	46608	25	4601859	4601863
29	6	4	8	4	46716	25	46760	28	4613524	4613503
28	8	2	4	4	46776	16	46820	19	4619157	4619158
1	10	31	2	4	46740	2	46748	26	4614386	4614409
27	4	3	10	4	46756	7	46800	10	4618258	4618236
6	2	21	10	4	47020	26	47028	17	4642407	4642316
10	4	18	11	4	47000	15	47008	1	4641238	4640548
24	7	10	6	4	46896	18	46940	21	4632175	4632169
15	3	22	12	4	46880	16	46888	17	4628783	4629713
26	15	2	12	4	47016	5	47060	12	4643495	4643924
11	0	22	1	4	46880	15	46888	7	4628611	4628604
8	6	25	8	4	47020	26	47028	18	4642417	4642414
21	6	11	6	4	46896	20	46960	23	4632354	4632390
19	4	29	15	4	46996	14	47008	5	4641124	4641024
24	9	9	3	4	47056	13	47100	16	4647531	4647513
25	2	4	14	4	47056	17	47100	20	4647905	4647897
6	4	26	14	4	46980	12	46988	4	4637940	4637928
19	0	14	13	4	47036	31	47080	2	4646028	4646035
18	7	31	11	4	46856	31	46868	20	4626821	4626575
25	9	8	5	4	46896	16	46940	19	4632026	4632024
17	0	16	13	4	47016	9	47048	1	4643961	4643973
11	0	22	13	4	47020	0	47028	24	4643107	4643095
24	15	6	15	4	47056	18	47100	20	4647994	4647912
13	1	21	12	4	46940	8	46948	0	4634231	4634238
11	1	24	14	4	47060	31	47068	23	4646061	4646058
23	10	9	1	4	47016	14	47080	17	4644414	4644415
9	3	26	12	4	46860	27	46868	19	4626498	4626484
5	7	7	6	4	47040	12	47060	11	4644238	4643855
3	12	6	10	4	47060	31	47080	2	4646070	4646081
23	11	8	1	4	46936	12	46980	15	4634679	4634672
28	8	7	6	4	47016	8	47060	11	4643850	4643855
5	3	28	9	4	46960	26	46968	18	4636143	4636149
26	2	26	14	4	46836	27	46848	10	4626504	4625616
5	3	29	10	4	47060	28	47068	20	4645766	4645771
15	3	18	11	4	46860	26	46868	18	4626450	4626443
11	15	30	5	4	46880	9	46888	6	4628066	4628566
12	2	21	12	4	46880	21	46888	13	4629439	4629415
23	8	11	6	4	46896	8	46940	11	4631283	4631256
27	13	8	1	4	47056	13	47100	16	4647546	4647548
31	0	0	11	4	47056	23	47120	26	4648589	4648592
14	13	16	10	4	46980	29	46988	20	4639568	4639448
19	12	14	2	4	46856	31	46900	2	4626849	4626850
14	14	21	5	4	46860	31	46868	16	4626783	4626185
7	5	25	8	4	47160	3	47168	27	4655812	4655799
1	11	30	3	4	47220	14	47228	6	4663186	4663188
26	2	8	10	4	47336	8	47380	12	4674986	4674987
24	5	9	7	4	47136	22	47180	25	4654577	4654574
27	9	7	4	4	47196	20	47240	23	4660832	4660833
4	6	31	7	4	47180	5	47188	29	4659377	4659399
1	11	30	3	4	47180	22	47188	14	4657690	4657696
25	1	2	5	4	47236	0	44046610	10	4664801	4665416
8	2	25	11	4	47320	11	47328	3	4671976	4671970
29	0	0	15	4	47336	28	47380	0	4673687	4673689
13	9	0	4	4	47160	8	47200	13	4656342	4656528
8	5	25	8	4	47200	21	47208	13	4660936	4660930
20	3	13	9	4	47216	11	47260	14	4662924	4662920
19	12	13	1	4	47316	24	47380	28	4673306	4673310
23	5	8	9	4	47096	25	47140	28	4651765	4651773
27	4	2	10	4	47176	3	47220	6	4659217	4659216
5	5	27	9	4	47140	26	47148	18	4654961	4654967
8	12	27	15	4	47200	15	47208	16	4660373	4661199
0	10	30	3	4	47260	17	47268	9	4666334	4666333
10	5	9	4	4	47100	20	47140	30	4651409	4652011
13	2	9	1	4	47160	4	47200	7	4655966	4655972
0	6	22	15	4	47180	20	47168	2	4657529	4656566
16	1	16	12	4	47236	6	47268	30	4665371	4665351
18	7	15	6	4	47336	4	47380	8	4674604	4674603
13	1	19	12	4	47180	21	47188	13	4657662	4657647
19	6	17	8	4	47196	21	47208	13	4660958	4660953
26	2	1	15	4	47216	10	47260	13	4662880	4662887
7	9	24	4	4	47220	28	47228	20	4661591	4661585
29	13	5	1	4	47276	15	47320	18	4669411	4669412
10	4	23	9	4	47120	30	47128	22	4652291	4652294
14	1	8	6	4	47220	9	47260	10	4662851	4662662
14	0	19	13	4	47140	23	47148	15	4654641	4654646
7	10	25	3	4	47200	13	47208	5	4660085	4660067
29	11	4	3	4	47116	6	47160	9	4652979	4652987
29	9	5	5	4	47156	26	47220	29	4658101	4658074
30	11	0	1	4	47316	22	47360	26	4673006	4672983
29	12	13	5	4	47356	27	47420	6	4676773	4677418
2	8	4	9	4	47540	11	47580	19	4693721	4694153
27	0	19	12	4	47456	30	47488	28	4686309	4686882
27	4	1	10	4	47496	0	47540	4	4689539	4689513
25	12	8	2	4	47576	25	47620	29	4698389	4698388
9	3	28	6	4	47560	29	47568	21	4695661	4695662
5	1	27	11	4	47560	1	47568	25	4696061	4696064
29	0	17	8	4	47356	28	47388	26	4676884	4677434
27	0	5	7	4	47416	22	47460	26	4682484	4682502
7	1	25	12	4	47580	7	47588	31	4696722	4696723
28	8	3	5	4	47576	18	47620	22	4697766	4697775
7	1	28	14	4	47360	20	47368	12	4676181	4676182
3	0	31	14	4	47440	24	47448	16	4682755	4682759
24	7	9	6	4	47356	25	47400	29	4676638	4676633
4	6	28	7	4	47380	10	47388	2	4678323	4678325
25	5	4	8	4	47476	27	47540	31	4689117	4689124
29	4	4	9	4	47576	16	47620	20	4697585	4697586
9	13	18	9	4	47500	24	47508	18	4688787	4689011
30	11	2	1	4	47376	8	47420	12	4678121	4678120
28	8	5	5	4	47516	28	47560	0	4692301	4692300
19	12	13	1	4	47576	16	47620	20	4697587	4697603
7	9	24	4	4	47520	9	47528	1	4690470	4690468
20	9	12	5	4	47376	9	47420	13	4678197	4678193
7	9	24	4	4	47520	20	47528	12	4691524	4691518
19	7	13	7	4	47376	14	47420	18	4678726	4678733
19	7	13	7	4	47576	24	47620	28	4698306	4698325
14	13	18	12	4	47460	26	47468	18	4685934	4685925
13	7	24	4	4	47520	23	47528	13	4691823	4691615
3	9	31	4	4	47560	2	47568	26	4696169	4696191
6	2	30	12	4	47380	9	47388	1	4678200	4678212
6	2	26	10	4	47520	16	47528	8	4691185	4691168
28	3	4	11	4	47596	3	47640	7	4699400	4699403
11	1	21	12	4	47360	27	47368	19	4676861	4676860
23	5	10	8	4	47356	19	47400	23	4676128	4676129
19	7	15	6	4	47356	26	47400	30	4676747	4676746
17	14	8	6	4	47556	3	47600	7	4696285	4696315
14	1	19	15	4	47400	30	47408	22	4679999	4680038
12	2	21	11	4	47560	16	47568	8	4694218	4694219
25	11	6	1	4	47576	24	47620	28	4698259	4698224
15	3	17	9	4	47840	14	47848	6	4722217	4722213
11	15	7	5	4	47820	24	47840	20	4720150	4719378
3	0	30	13	4	47640	1	47648	25	4702216	4702218
7	10	29	3	4	47860	7	47868	31	4724490	4724481
24	2	4	14	4	47816	4	47860	8	4721382	4721388
6	4	29	10	4	47800	11	47808	3	4718910	4718900
31	5	3	9	4	47616	27	47660	31	4701642	4701653
23	12	10	2	4	47836	18	47880	31	4722618	4723438
5	15	25	0	4	47640	3	47648	27	4702411	4702410
11	0	21	9	4	47780	27	47788	19	4717358	4717355
23	2	10	11	4	47636	15	47680	19	4703669	4703661
29	11	2	1	4	47756	15	47820	19	4716094	4716093
4	12	5	2	4	47700	12	47740	16	4709731	4709702
8	13	25	0	4	47800	8	47808	0	4718622	4718615
9	11	24	1	4	47860	31	47868	23	4723848	4723849
21	6	13	7	4	47696	9	47740	13	4709446	4709447
25	10	5	2	4	47696	12	47740	16	4709704	4709702
23	8	10	6	4	47756	2	47800	6	4714979	4714971
19	7	14	7	4	47776	25	47820	29	4717098	4717105
13	2	20	11	4	47860	10	47868	2	4724856	4724862
8	5	28	9	4	47620	25	47628	17	4701488	4701484
25	1	7	13	4	47696	4	47740	8	4709023	4709013
29	11	10	2	4	47776	6	47840	10	4718468	4718477
9	0	23	12	4	47840	13	47848	5	4722165	4722151
23	5	14	3	4	47676	26	47720	22	4708033	4707216
29	11	3	2	4	47756	14	47800	18	4716044	4716046
11	15	8	5	4	47660	25	47700	30	4704742	4704824
9	14	13	2	4	47700	31	47720	2	4708514	4708385
21	9	16	9	4	47616	25	47648	25	4701496	4702262
25	1	6	15	4	47796	23	47860	27	4720109	4720082
8	13	24	1	4	47820	31	47828	23	4720890	4720892
0	10	27	5	4	47700	31	47708	23	4708515	4708521
10	8	29	7	4	47740	9	47748	0	4712618	4712491
20	9	12	4	4	47836	30	47880	2	4723820	4723808
2	15	20	11	4	47640	4	47648	28	4702575	4702574
13	7	27	10	4	47780	26	47788	20	4717323	4717528
24	9	5	3	4	47756	11	47800	15	4715771	4715773
1	11	29	3	4	47620	19	47628	11	4700869	4700914
9	0	25	12	4	47680	18	47688	10	4707252	4707253
10	11	3	2	4	47700	3	47740	6	4708953	4708879
9	13	21	9	4	47760	2	47768	25	4714950	4714802
18	4	15	10	4	47996	20	48040	24	4738137	4738128
20	6	14	7	4	48036	28	48080	0	4742238	4742227
8	4	26	11	4	47920	10	47928	2	4731069	4731065
29	3	3	11	4	47916	4	47960	8	4730462	4730472
20	9	12	3	4	48036	7	48100	11	4743670	4743659
9	1	25	13	4	47940	22	47948	14	4732160	4732155
27	1	7	4	4	47996	31	48060	3	4739222	4739229
3	0	30	13	4	47940	15	47948	7	4731580	4731589
18	7	15	6	4	48036	0	48080	4	4742758	4742761
12	8	27	9	4	47960	0	47968	31	4733099	4733664
27	1	4	14	4	47936	24	47980	19	4732327	4731599
29	4	2	10	4	47976	0	48020	4	4736199	4736200
7	10	25	0	4	47920	2	47928	29	4730264	4730561
15	3	19	13	4	47940	17	47948	9	4731756	4731759
7	5	24	8	4	48000	16	48008	8	4737774	4737766
12	2	22	12	4	48060	13	48068	5	4744274	4744273
24	3	9	5	4	47896	19	47940	25	4728803	4728970
26	0	9	13	4	48056	27	48120	31	4745539	4745547
18	6	14	7	4	47936	0	47980	4	4733116	4733117
29	6	6	9	4	48036	7	48100	11	4743686	4743681
9	11	25	0	4	47880	23	47888	15	4726188	4726191
7	2	27	11	4	47960	6	47968	30	4733633	4733626
24	7	9	6	4	47956	15	48000	19	4734552	4734584
29	0	0	15	4	48096	5	48160	9	4749733	4749725
0	2	16	12	4	48120	3	48128	26	4749494	4749371
31	5	5	8	4	47916	19	47980	23	4731920	4731896
5	3	26	10	4	47880	28	47888	20	4726586	4726593
8	5	27	10	4	47880	3	47888	27	4727239	4727287
9	9	24	4	4	47940	15	47948	7	4731617	4731616
1	10	31	3	4	48020	28	48028	20	4738849	4738848
12	2	23	12	4	48060	4	48068	28	4743281	4743277
4	6	5	7	4	48100	21	48140	30	4748155	4748582
19	12	14	2	4	47856	14	47900	18	4725395	4725398
29	4	1	9	4	47956	21	48000	25	4735133	4735156
3	6	20	13	4	47920	30	47928	27	4729891	4730402
7	2	25	12	4	47960	8	47968	0	4733834	4733837
8	4	31	12	4	48020	4	48028	28	4739769	4739733
4	6	28	7	4	48080	31	48088	23	4746016	4746007
24	9	7	3	4	48096	21	48140	25	4748131	4748129
27	4	0	13	4	47896	14	47940	19	4728268	4728437
29	6	2	7	4	47936	4	48000	8	4733416	4733388
11	1	22	12	4	48260	23	48268	16	4763754	4763759
14	1	18	12	4	48340	15	48368	8	4772570	4772571
22	3	10	11	4	48216	23	48260	27	4760580	4760572
28	3	1	10	4	48236	8	48280	13	4762301	4762298
24	7	9	6	4	48276	24	48340	29	4767126	4767127
11	1	21	11	4	48140	20	48148	12	4751201	4751210
23	1	7	4	4	48136	11	48180	9	4753424	4752917
27	1	3	13	4	48156	3	48220	7	4755690	4755711
14	0	19	15	4	48140	5	48148	29	4752931	4752926
21	9	12	4	4	48256	0	48300	5	4764759	4764770
23	8	9	4	4	48356	3	48400	8	4774760	4774770
7	2	22	9	4	48360	27	48368	20	4773868	4773862
8	5	26	9	4	48200	20	48208	12	4757226	4757216
1	2	3	13	4	48220	15	48260	29	4759812	4760796
23	5	9	7	4	48196	5	48240	9	4759010	4759007
29	3	3	10	4	48336	19	48400	24	4773054	4773059
3	12	31	0	4	48200	24	48208	16	4757728	4757727
25	1	6	15	4	48116	13	48160	17	4750491	4750502
27	4	6	9	4	48356	4	48400	9	4774885	4774897
17	14	9	5	4	48356	2	48400	7	4774664	4774663
10	4	23	9	4	48240	24	48248	16	4760743	4760709
13	11	7	3	4	48320	23	48380	6	4770194	4771172
19	12	4	4	4	48116	12	48160	21	4750417	4750947
8	12	25	1	4	48340	5	48348	30	4771649	4771630
25	10	21	1	4	48116	15	48128	3	4750701	4750328
26	3	7	11	4	48256	1	48300	6	4764903	4764887
18	6	14	7	4	48336	13	48380	18	4772365	4772366
5	7	28	7	4	48180	7	48188	31	4756142	4756136
8	6	23	15	4	48280	7	48288	5	4765551	4766044
1	5	29	7	4	48300	29	48308	22	4767770	4767771
19	5	15	6	4	48156	22	48200	26	4754550	4754551
26	5	6	8	4	48216	18	48260	22	4760101	4760102
9	11	18	12	4	48320	11	48328	3	4769011	4768939
3	14	25	1	4	48320	12	48328	5	4769116	4769117
7	9	30	2	4	48340	14	48348	7	4772507	4772505
26	15	26	2	4	48136	29	48148	29	4752157	4752990
18	15	22	10	4	48196	1	48228	0	4758681	4759251
2	0	30	12	4	48140	3	48148	27	4752661	4752660
9	14	16	10	4	48160	26	48168	16	4754870	4754669
10	15	19	10	4	48480	9	48488	2	4785246	4785247
9	11	25	3	4	48500	31	48508	24	4787556	4787561
8	12	24	1	4	48520	28	48528	21	4790197	4790181
20	6	13	7	4	48356	11	48420	16	4775633	4775629
24	3	7	11	4	48516	24	48560	29	4789873	4789870
27	1	4	12	4	48516	29	48560	2	4790311	4790321
31	0	7	13	4	48576	23	48620	28	4795779	4795784
19	6	14	7	4	48376	23	48420	28	4776765	4776758
18	7	15	6	4	48556	17	48620	22	4795147	4795145
13	9	10	4	4	48440	5	48480	19	4781491	4782297
14	0	18	15	4	48560	29	48568	22	4793130	4793131
11	0	24	15	4	48620	26	48628	19	4799052	4799069
23	2	24	1	4	48536	31	48568	22	4793354	4793129
1	8	31	4	4	48480	27	48508	20	4787150	4787142
7	2	4	12	4	48560	3	48600	8	4793772	4793778
23	1	4	9	4	48576	24	48620	3	4795911	4796436
26	11	2	1	4	48616	3	48660	30	4799871	4798938
13	0	20	13	4	48420	21	48428	14	4779927	4779938
7	10	25	3	4	48600	9	48608	2	4797451	4797453
5	1	30	13	4	48400	24	48408	17	4776835	4776841
5	3	20	13	4	48520	25	48548	28	4789950	4790802
11	1	21	10	4	48460	5	48468	30	4784894	4784893
12	8	7	11	4	48560	1	48600	6	4793620	4793626
9	0	25	12	4	48580	17	48588	10	4795182	4795212
11	0	6	10	4	48600	8	48640	12	4797349	4797251
27	4	5	9	4	48376	21	48420	26	4776628	4776635
18	4	16	10	4	48396	5	48408	30	4778218	4778231
24	5	16	14	4	48556	6	48568	31	4794068	4794081
14	0	19	14	4	48420	26	48428	19	4780411	4780427
23	3	19	14	4	48416	28	48428	19	4780646	4780427
18	4	29	10	4	48536	16	48548	9	4792029	4792028
7	2	27	12	4	48400	2	48408	27	4777929	4777932
19	7	13	6	4	48456	15	48520	20	4785831	4785839
1	10	22	2	4	48460	26	48468	20	4783778	4783886
4	12	28	2	4	48540	6	48548	31	4791119	4791118
31	1	6	9	4	48456	2	48500	7	4784596	4784602
10	8	24	5	4	48380	6	48388	31	4775092	4775096
1	4	31	9	4	48520	16	48528	9	4789303	4789306
6	4	28	10	4	48420	15	48428	8	4779219	4779216
15	3	18	11	4	48620	25	48628	18	4798998	4798999
13	0	20	13	4	48400	29	48408	22	4777302	4777342
19	12	13	1	4	48416	22	48460	27	4779950	4779951
18	11	14	2	4	48456	7	48500	12	4785061	4785023
29	3	2	11	4	48796	29	48840	2	4818471	4818485
3	9	28	5	4	48740	30	48748	23	4812336	4812327
13	14	13	5	4	48760	4	48800	9	4812871	4812879
27	4	2	8	4	48776	3	48820	8	4815951	4815947
0	4	18	7	4	48700	13	48708	4	4807325	4807103
7	5	27	9	4	48860	4	48868	29	4822876	4822860
27	4	7	9	4	48676	29	48720	2	4805716	4805715
23	12	8	1	4	48716	14	48780	19	4810866	4810869
19	5	14	7	4	48856	23	48900	28	4824653	4824664
2	15	18	9	4	48700	8	48688	26	4806828	4806111
23	0	7	15	4	48696	30	48760	3	4809134	4809133
10	4	23	9	4	48640	21	48648	14	4801808	4801841
12	11	21	9	4	48760	13	48788	14	4813802	4814647
29	6	6	8	4	48816	17	48860	22	4820933	4820928
9	13	21	9	4	48660	8	48668	5	4803676	4804047
14	1	31	3	4	48680	23	48688	15	4805158	4805021
1	11	17	9	4	48760	2	48748	23	4812679	4812346
0	6	31	7	4	48840	1	48848	26	4822646	4822639
26	11	5	1	4	48656	23	48720	28	4805142	4805145
29	11	7	3	4	48716	10	48760	15	4810414	4810416
24	2	9	9	4	48716	8	48760	13	4810261	4810253
8	12	24	1	4	48620	6	48628	31	4800220	4800215
27	0	7	11	4	48656	20	48720	25	4804810	4804837
12	2	21	11	4	48680	31	48688	24	4805974	4805950
14	11	17	8	4	48840	3	48868	28	4822816	4822809
29	11	8	2	4	48676	30	48720	3	4805848	4805847
31	3	16	14	4	48776	10	48808	3	4816721	4816723
14	0	18	13	4	48680	18	48688	11	4804659	4804658
12	11	7	10	4	48720	30	48760	6	4809249	4809505
26	5	5	8	4	48796	29	48840	2	4818538	4818535
11	1	21	11	4	48840	18	48848	11	4821092	4821090
17	0	16	13	4	48636	3	48668	28	4803168	4803169
8	0	9	4	4	48660	9	48660	9	4800038	4800039
9	3	23	9	4	48640	16	48648	9	4801174	4801168
14	14	21	11	4	48820	3	48828	28	4819133	4819134
1	5	25	11	4	48860	11	48868	4	4823473	4823480
12	12	14	2	4	48920	8	48960	8	4829290	4828777
24	7	8	0	4	48936	8	48980	13	4832248	4832256
7	9	24	4	4	49120	20	49128	13	4849284	4849283
18	12	16	13	4	48956	20	48968	12	4833510	4833403
17	14	25	8	4	49116	27	49128	11	4849938	4849005
14	1	19	12	4	48940	0	48948	25	4831598	4831599
17	12	15	1	4	49036	6	49080	11	4841677	4841693
8	12	25	3	4	48880	3	48888	28	4825841	4825843
27	1	5	13	4	48896	26	48940	31	4827926	4827925
9	9	3	10	4	48880	9	48920	11	4826346	4826099
29	3	3	10	4	48876	6	48920	11	4826100	4826099
7	10	25	3	4	49020	18	49028	11	4839830	4839849
19	7	14	7	4	48876	14	48940	19	4826740	4826747
29	13	5	2	4	49056	20	49100	25	4842896	4842898
1	8	30	5	4	49100	26	49108	19	4846680	4846685
24	3	7	10	4	48916	24	48980	29	4830861	4830880
26	11	0	1	4	49096	6	49140	11	4847831	4847820
2	15	13	1	4	48960	13	49000	18	4832791	4832776
7	5	26	8	4	49000	3	49028	28	4838257	4838256
6	15	19	9	4	49020	10	49028	3	4839101	4839102
6	4	26	8	4	49060	23	49068	16	4843238	4843241
27	1	7	10	4	49116	27	49160	0	4849985	4849984
7	9	27	3	4	49120	24	49128	17	4849650	4849645
19	0	9	4	4	48896	31	48940	4	4828377	4828382
14	0	19	15	4	48900	25	48908	18	4827877	4827878
24	9	7	3	4	48916	24	48980	29	4830910	4830914
3	6	29	7	4	48900	26	48908	19	4827945	4827944
23	8	11	6	4	49016	17	49060	22	4839769	4839748
27	13	10	2	4	49096	28	49140	1	4846904	4846908
27	13	25	4	4	48916	21	48928	5	4830485	4829611
4	11	27	3	4	49200	8	49208	1	4857345	4857339
8	7	28	6	4	49340	17	49348	10	4870918	4870922
26	5	5	8	4	49216	20	49260	25	4858802	4858772
11	1	25	13	4	49280	24	49288	17	4865271	4865290
30	15	13	13	4	49336	13	49380	20	4870476	4870704
22	13	21	1	4	49356	3	49368	26	4872631	4872479
9	13	25	0	4	49200	0	49208	25	4856646	4856655
25	1	7	13	4	49336	23	49380	28	4871583	4871590
4	0	25	14	4	49220	24	49248	26	4859270	4860143
23	8	9	5	4	49336	22	49380	27	4871485	4871476
10	4	21	1	4	49180	14	49188	13	4854969	4855473
11	13	2	11	4	49280	12	49300	12	4864140	4863705
8	5	26	9	4	49340	20	49348	13	4871275	4871269
31	10	11	9	4	49296	14	49360	26	4867349	4868008
13	1	22	11	4	49160	21	49168	14	4852456	4852461
8	7	24	5	4	49180	17	49188	10	4855211	4855208
3	6	25	3	4	49380	25	49388	18	4874817	4874791
23	11	8	1	4	49236	19	49280	24	4861791	4861790
14	0	18	11	4	49360	11	49388	4	4873419	4873416
21	1	11	13	4	49316	10	49380	15	4870171	4870155
12	2	19	10	4	49280	22	49288	15	4865094	4865095
8	14	24	1	4	49160	17	49168	10	4852101	4852106
11	0	22	13	4	49280	8	49288	1	4863798	4863794
7	2	26	11	4	49180	20	49188	13	4855504	4855508
4	12	30	0	4	49240	14	49248	7	4861369	4861371
10	5	26	10	4	49140	13	49148	6	4851698	4851701
12	2	23	12	4	49180	21	49188	14	4855596	4855579
25	12	13	7	4	49176	19	49220	20	4855423	4855104
26	5	13	5	4	49196	0	49240	13	4856700	4857410
18	11	14	3	4	49316	8	49380	13	4870035	4870036
25	9	9	3	4	49336	23	49380	28	4871623	4871621
4	12	19	10	4	49340	16	49348	9	4870751	4870753
15	3	18	12	4	49380	21	49388	14	4874367	4874385
25	5	6	7	4	49176	24	49220	29	4855751	4855748
24	5	9	7	4	49336	13	49380	18	4870414	4870473
19	2	19	13	4	49596	20	49608	19	4896053	4896661
8	2	21	10	4	49600	20	49608	13	4896048	4896061
20	6	13	8	4	49416	14	49480	19	4880266	4880267
29	4	2	10	4	49476	8	49540	13	4885769	4885774
29	3	2	11	4	49576	5	49620	10	4894603	4894601
14	0	19	15	4	49480	28	49488	21	4884538	4884542
14	8	31	12	4	49520	11	49548	10	4889255	4889799
18	11	13	1	4	49496	14	49540	19	4886434	4886435
19	6	13	6	4	49536	26	49580	31	4890589	4890588
20	9	12	3	4	49536	1	49580	6	4891300	4891320
3	12	28	2	4	49420	1	49428	26	4878693	4878689
8	14	24	1	4	49560	13	49568	6	4892313	4892325
25	1	2	8	4	49476	24	49520	29	4884178	4884172
20	9	12	4	4	49516	13	49560	18	4889450	4889449
3	0	30	13	4	49400	17	49408	10	4877035	4877045
10	8	27	3	4	49460	14	49488	13	4883061	4883712
7	1	29	13	4	49580	22	49588	15	4893265	4893275
8	13	28	7	4	49600	8	49588	26	4894958	4894289
26	0	7	13	4	49496	27	49560	0	4887698	4887697
18	6	14	7	4	49516	10	49560	15	4889202	4889207
29	11	0	0	4	49596	23	49640	28	4896357	4896356
10	5	24	8	4	49420	26	49428	19	4878007	4878006
13	11	5	2	4	49540	31	49580	1	4891142	4890857
19	12	14	2	4	49596	17	49640	22	4895796	4895800
13	2	19	10	4	49500	22	49508	15	4887127	4887122
29	6	4	8	4	49516	16	49580	21	4889714	4889708
5	1	26	11	4	49540	12	49548	5	4889384	4889383
11	13	20	11	4	49540	13	49548	16	4889474	4890353
12	8	24	8	4	49520	4	49528	21	4888704	4887828
14	0	18	11	4	49600	24	49608	17	4896543	4896534
5	15	8	5	4	49640	24	49680	29	4899719	4899718
27	9	7	4	4	49416	5	49460	10	4879132	4879117
17	0	16	14	4	49496	27	49528	20	4887742	4887740
26	5	9	7	4	49616	14	49660	19	4898654	4898630
19	6	14	7	4	49496	12	49540	17	4886274	4886272
6	4	28	9	4	49440	20	49448	13	4880918	4880920
19	12	13	1	4	49576	15	49640	20	4895677	4895678
23	8	11	6	4	49596	27	49640	0	4896826	4896822
7	5	25	8	4	49640	24	49648	17	4899778	4899779
20	6	11	6	4	49416	8	49460	13	4879536	4879581
14	0	19	14	4	49460	31	49468	24	4881887	4881861
9	3	26	11	4	49500	23	49528	16	4887167	4887150
14	0	19	12	4	49540	23	49548	16	4890305	4890298
14	11	1	11	4	49760	12	49780	8	4910938	4910108
12	2	20	11	4	49820	14	49828	7	4917494	4917495
13	0	20	12	4	49660	13	49668	6	4901718	4901714
7	1	27	12	4	49680	26	49688	19	4902955	4902949
12	8	24	1	4	49720	9	49728	2	4907555	4907559
13	1	2	6	4	49820	23	49880	6	4918423	4919398
25	15	21	4	4	49696	7	49728	5	4907354	4907889
13	1	20	11	4	49660	23	49688	16	4902709	4902706
25	9	5	3	4	49676	13	49720	18	4904798	4904814
18	4	25	4	4	49816	22	49828	14	4918268	4918160
20	9	12	3	4	49836	7	49880	12	4919819	4919813
13	1	20	12	4	49720	3	49728	28	4906989	4906976
17	14	2	6	4	49696	22	49740	1	4905707	4906211
7	1	25	11	4	49860	18	49868	11	4920894	4920898
26	5	8	0	4	49756	31	49820	4	4912805	4912808
7	5	27	10	4	49700	23	49708	16	4905811	4905798
5	3	27	10	4	49820	15	49828	8	4917602	4917606
24	5	8	9	4	49836	13	49880	18	4920392	4920408
11	0	21	12	4	49740	31	49748	24	4909828	4909819
27	9	6	4	4	49756	26	49800	31	4912367	4912355
17	11	10	6	4	49856	5	49920	9	4922889	4922804
29	6	4	7	4	49696	24	49740	29	4905853	4905858
19	0	14	14	4	49696	3	49760	8	4907023	4907022
8	12	25	1	4	49640	0	49648	25	4900435	4900434
31	10	2	3	4	49776	12	49820	17	4914220	4914227
5	15	25	1	4	49760	19	49768	12	4911705	4911717
2	8	30	4	4	49820	22	49828	15	4918311	4918312
31	5	2	9	4	49756	21	49800	26	4911884	4911885
11	1	21	12	4	49700	13	49708	6	4904857	4904856
5	1	31	13	4	49700	25	49708	18	4905958	4905955
31	1	8	10	4	49836	13	49880	18	4920451	4920449
3	9	31	4	4	49660	22	49668	15	4902561	4902571
5	1	30	13	4	49820	4	49828	29	4916448	4916445
28	8	8	5	4	49736	30	49780	3	4909663	4909664
13	1	20	13	5	49920	12	49928	5	4926880	4926859
4	11	25	3	5	49940	13	49948	6	4929935	4929931
0	5	22	9	5	50040	2	50048	27	4938379	4938382
10	8	26	5	5	50080	13	50088	6	4943008	4943002
6	2	27	11	5	49920	27	49948	20	4928236	4928237
2	13	31	9	5	50060	22	50068	13	4940645	4940428
19	0	4	7	5	49996	17	50060	22	4936778	4936774
13	1	20	13	5	49920	18	49928	11	4927443	4927436
8	5	25	8	5	50020	19	50028	12	4937002	4937006
19	0	12	3	5	49996	13	50040	18	4936276	4936288
1	8	29	6	5	50000	25	50008	18	4934426	4934422
20	9	13	2	5	50016	0	50080	13	4938182	4939093
15	11	6	3	5	49920	15	49960	30	4927187	4928076
13	1	20	13	5	49980	10	49988	3	4932861	4932865
7	1	7	13	5	49940	29	49960	1	4928442	4928344
9	3	25	11	5	50020	31	50048	24	4938095	4938084
14	9	7	4	5	50040	17	50080	21	4940150	4939951
18	11	21	11	5	50036	23	50068	15	4940753	4940681
12	2	7	3	5	50040	10	50080	15	4939331	4939337
24	7	8	6	5	50136	21	50180	26	4949854	4949864
31	0	2	5	5	49956	30	50000	3	4931556	4931554
13	0	26	11	5	50040	10	50048	3	4939378	4939359
25	9	7	4	5	49996	14	50060	19	4936417	4936418
21	6	13	7	5	50056	0	50100	5	4941653	4941656
24	5	8	9	5	50056	13	50120	18	4943052	4943059
9	14	26	11	5	50060	25	50068	16	4940966	4940775
15	12	6	7	5	50120	31	50160	6	4947788	4948025
27	4	3	10	5	50116	4	50160	9	4948309	4948345
7	10	26	2	5	50000	9	50008	2	4936027	4936030
17	14	17	8	5	49976	30	50008	23	4935032	4935119
1	10	29	3	5	50100	28	50108	21	4944399	4944355
7	1	23	11	5	50160	11	50188	4	4952096	4952071
12	2	19	9	5	50340	16	50348	9	4968818	4968812
26	5	8	2	5	50276	31	50320	31	4963792	4963290
20	3	15	1	5	50356	13	50400	18	4971776	4971771
4	13	0	10	5	50320	31	50340	26	4967106	4966150
4	6	28	7	5	50360	0	50368	25	4970507	4970511
23	10	0	1	5	50376	3	50420	8	4973821	4973830
8	7	17	9	5	50180	14	50188	16	4952397	4953278
5	5	31	15	5	50220	4	50228	29	4957733	4957734
20	9	12	3	5	50256	8	50300	13	4961415	4961416
1	11	27	3	5	50200	1	50208	26	4954187	4954198
14	1	18	13	5	50220	29	50228	22	4957035	4957037
13	1	29	7	5	50340	15	50328	31	4968726	4967768
16	1	16	14	5	50336	29	50348	22	4970189	4970188
26	3	7	10	5	50176	2	50240	7	4954270	4954271
26	2	6	10	5	50276	28	50320	1	4963478	4963490
14	1	19	13	5	50200	17	50208	10	4955624	4955633
18	4	15	10	5	50236	2	50300	7	4960823	4960794
8	5	26	8	5	50320	9	50328	2	4968106	4968120
26	3	7	10	5	50176	6	50240	11	4954596	4954591
21	9	20	13	5	50196	20	50208	4	4955994	4955125
13	0	16	14	5	50260	5	50268	30	4961162	4961156
5	1	30	13	5	50360	13	50368	6	4971805	4971807
23	8	10	6	5	50236	24	50280	29	4959756	4959751
23	12	10	2	5	50316	17	50380	22	4968963	4968954
18	11	27	12	5	50376	28	50388	25	4973179	4973511
3	9	28	5	5	50220	24	50228	17	4956400	4956410
11	11	26	10	5	50340	17	50348	10	4968964	4968962
6	2	29	12	5	50180	23	50188	16	4953322	4953317
20	9	6	10	5	50356	15	50400	12	4971978	4971276
23	8	8	5	5	50356	22	50420	27	4972641	4972639
15	12	29	15	5	50180	24	50188	15	4953407	4953219
25	5	5	8	5	50196	24	50260	29	4956432	4956421
15	3	18	11	5	50340	15	50348	8	4968805	4968748
29	6	7	7	5	50256	23	50320	28	4963094	4963098
28	8	7	6	5	50276	11	50340	16	4965238	4965234
2	0	31	13	5	50300	14	50308	7	4965422	4965424
13	1	20	12	5	50560	25	50568	18	4992459	4992458
23	8	10	4	5	50396	23	50440	28	4975888	4975879
23	3	7	11	5	50596	24	50640	29	4995470	4995475
8	12	25	1	5	50560	19	50568	12	4991873	4991862
29	9	7	5	5	50416	19	50480	24	4978524	4978537
31	10	6	3	5	50576	9	50620	14	4994047	4994053
8	6	28	7	5	50440	20	50448	13	4978670	4978656
25	11	8	2	5	50516	9	50560	14	4987600	4987607
5	1	29	13	5	50500	25	50508	18	4986171	4986161
8	12	25	0	5	50640	5	50648	30	4999927	4999945
14	1	23	12	5	50460	12	50468	5	4981357	4981356
7	2	25	11	5	50520	10	50528	3	4987689	4987682
17	14	16	13	5	50536	11	50568	4	4991075	4991082
7	9	25	4	5	50420	13	50428	6	4977933	4977928
3	6	28	7	5	50540	24	50548	17	4988924	4988925
3	0	29	14	5	50480	4	50488	29	4983873	4983883
16	13	7	5	5	50496	25	50540	30	4986189	4986191
21	9	12	4	5	50616	13	50660	18	4997382	4997376
13	1	17	13	5	50500	15	50508	8	4985134	4985130
3	6	1	13	5	50540	29	50580	2	4989577	4989582
24	3	10	8	5	50496	22	50540	27	4985854	4985852
19	7	14	7	5	50596	5	50640	10	4996627	4996644
20	9	5	2	5	50416	15	50460	20	4978158	4978157
25	11	8	2	5	50596	29	50640	2	4995955	4995953
4	6	29	7	5	50480	27	50488	20	4982975	4982981
7	1	23	11	5	50540	0	50548	25	4989927	4989921
11	0	8	2	5	50520	12	50560	11	4987883	4987411
8	2	25	11	5	50580	4	50588	29	4993528	4993521
18	7	15	6	5	50536	30	50580	3	4989736	4989732
18	11	9	5	5	50616	24	50680	4	4998607	4999450
5	5	31	9	5	50560	12	50568	5	4991159	4991166
19	12	13	2	5	50516	22	50580	27	4988765	4988767
8	2	25	11	5	50640	31	50648	24	4999492	4999451
29	11	1	2	5	50456	19	50500	24	4982100	4982099
14	9	6	4	5	50440	29	50480	9	4979668	4980482
16	1	16	12	5	50496	3	50528	28	4987079	4987092
7	5	15	14	5	50440	24	50480	29	4979029	4979022
18	7	14	7	5	50476	10	50520	15	4984513	4984517
14	6	25	3	5	50660	16	50668	9	5000926	5000922
14	12	22	9	5	50700	21	50708	24	5004665	5005542
12	2	21	12	5	50820	18	50828	11	5016553	5016557
27	9	0	4	5	50776	27	50840	0	5014440	5014443
12	12	7	6	5	50760	2	50800	7	5011989	5011997
19	6	4	3	5	50776	29	50820	23	5014615	5013611
14	14	11	4	5	50680	2	50700	3	5002651	5002342
29	14	8	1	5	50776	27	50840	0	5014453	5014460
24	15	7	7	5	50816	30	50860	28	5017911	5017176
11	13	19	1	5	50780	6	50768	26	5012337	5011920
7	15	30	3	5	50880	11	50888	10	5022248	5022774
27	4	7	9	5	50736	16	50780	21	5010421	5010429
24	7	22	14	5	50816	24	50828	23	5017249	5017924
8	14	20	1	5	50640	8	50668	5	5000179	5000560
4	12	0	8	5	50860	25	50900	30	5020697	5020707
15	3	16	15	5	50860	27	50868	20	5020885	5020915
4	12	31	0	5	50700	20	50708	13	5004540	5004544
19	6	13	7	5	50656	22	50700	27	5001495	5001496
31	14	19	12	5	50656	30	50668	23	5002361	5002362
1	2	29	10	5	50760	30	50768	23	5011604	5011610
29	4	3	9	5	50696	13	50760	18	5006926	5006931
24	1	28	5	5	50716	1	50728	17	5008853	5007968
5	14	25	0	5	50780	10	50788	3	5012731	5012733
23	0	10	11	5	50836	11	50880	16	5019306	5019299
5	1	29	6	5	50760	30	50788	28	5011620	5012105
7	1	29	14	5	50720	19	50728	12	5007515	5007520
14	1	19	12	5	50740	7	50748	0	5009587	5009588
17	14	27	15	5	50656	22	50668	15	5001527	5001521
22	3	9	3	5	50876	25	50920	2	5023625	5023895
3	0	29	13	5	50660	15	50668	8	5000887	5000910
10	8	24	5	5	50720	8	50728	1	5006525	5006530
17	0	15	15	5	50876	25	50920	31	5023644	5023651
9	9	25	4	5	50660	17	50668	10	5000990	5000991
23	5	10	9	5	50716	2	50780	7	5008896	5008893
26	0	13	6	5	51036	29	51100	6	5039486	5039728
0	15	30	6	5	50940	14	50948	7	5028347	5028334
13	12	3	12	5	50940	18	51000	0	5028845	5029639
6	2	26	11	5	50940	9	50948	2	5027957	5027969
7	10	6	9	5	51040	25	51080	29	5039152	5038967
23	11	27	12	5	50976	0	51008	25	5033427	5033430
21	9	18	11	5	51056	7	51068	0	5040345	5040347
23	2	21	11	5	51076	27	51088	18	5042121	5041956
14	0	22	10	5	51080	30	51088	23	5042358	5042353
12	2	21	12	5	51120	30	51128	23	5045356	5045355
0	13	29	1	5	51080	0	51088	25	5042610	5042584
9	3	22	13	5	51100	12	51108	5	5043726	5043725
19	5	16	8	5	50976	21	50988	11	5032438	5032104
31	1	1	11	5	51116	15	51180	21	5046952	5046960
23	11	27	3	5	51056	8	51068	1	5040460	5040451
31	0	25	3	5	51136	20	51148	21	5047456	5048323
14	9	5	7	5	50920	29	50960	28	5026948	5026389
5	1	3	10	5	51140	23	51180	4	5047768	5048531
22	13	11	0	5	51016	7	51060	13	5037387	5037379
9	3	27	11	5	51020	1	51028	26	5036721	5036733
9	0	27	15	5	51040	9	51048	2	5037629	5037624
14	1	19	12	5	51120	3	51128	28	5045843	5045835
19	5	15	15	5	50996	9	51040	15	5034319	5034306
28	15	16	13	5	51116	15	51148	13	5046956	5047479
8	14	24	1	5	51020	6	51028	31	5037290	5037287
18	7	15	6	5	50916	3	50960	9	5027471	5027472
23	5	7	4	5	51036	17	51080	28	5038394	5038878
7	2	25	11	5	51080	0	51088	25	5042656	5042653
8	6	30	6	5	51100	5	51108	30	5043085	5043086
20	9	12	3	5	50896	9	50940	15	5025182	5025181
27	4	2	10	5	50896	15	50940	21	5025745	5025697
24	3	7	11	5	51076	1	51120	7	5042746	5042755
7	10	28	2	5	51000	13	51008	6	5034676	5034683
8	2	24	1	5	51120	1	51128	0	5045730	5046206
19	0	14	13	5	50976	21	51020	27	5032470	5032467
19	6	14	7	5	50996	24	51060	30	5035737	5035736
25	9	7	5	5	51136	5	51200	11	5049254	5049256
7	15	0	6	5	50940	14	50980	20	5028402	5028464
25	9	9	5	5	50956	0	51000	6	5030266	5030268
17	0	18	15	5	50956	15	50988	8	5031848	5031850
29	9	4	4	5	50896	11	50940	17	5025287	5025258
24	9	8	5	5	50976	22	51020	28	5032477	5032503
18	11	11	0	5	50996	14	51040	20	5034708	5034686
16	1	17	13	5	51096	22	51108	15	5044622	5044617
24	7	11	6	5	51176	30	51220	4	5051714	5051708
27	9	2	4	5	51236	7	51300	13	5058994	5059000
23	11	10	2	5	51276	7	51320	13	5062238	5062233
7	3	26	10	5	51280	2	51288	27	5061763	5061760
7	15	8	2	5	51280	7	51320	13	5062242	5062244
7	5	28	9	5	51340	26	51348	19	5067163	5067160
18	7	15	6	5	51296	3	51360	9	5064873	5064876
5	1	29	12	5	51260	12	51268	5	5059530	5059556
8	4	26	8	5	51320	14	51328	7	5066058	5066049
31	3	2	9	5	51176	6	51220	12	5052442	5052437
4	11	29	3	5	51300	14	51308	7	5062897	5062892
23	10	8	1	5	51336	4	51380	10	5068258	5068254
18	11	14	2	5	51176	1	51220	7	5051990	5051986
25	2	4	14	5	51216	16	51260	22	5056501	5056505
25	11	8	1	5	51316	22	51380	28	5066866	5066868
23	8	10	4	5	51316	27	51380	1	5067265	5067269
2	14	30	0	5	51220	13	51228	6	5056114	5056115
12	12	10	2	5	51380	3	51420	7	5071330	5071134
29	9	4	4	5	51196	19	51240	25	5053678	5053660
23	3	11	8	5	51296	20	51340	26	5063494	5063491
17	14	15	1	5	51296	6	51360	12	5065227	5065229
27	13	8	2	5	51276	17	51340	23	5063196	5063201
27	1	3	13	5	51396	1	51440	7	5074283	5074279
9	3	25	11	5	51260	11	51268	4	5059453	5059446
9	3	23	9	5	51200	8	51208	1	5052699	5052711
9	1	25	12	5	51300	22	51308	15	5063706	5063700
31	5	8	2	5	51156	21	51220	27	5050844	5050848
11	7	9	7	5	51300	24	51340	1	5063875	5064105
19	12	3	1	5	51236	26	51280	27	5057611	5057026
23	5	6	10	5	51276	10	51320	16	5062565	5062564
9	0	22	11	5	51260	9	51268	2	5059263	5059261
27	9	4	5	5	51236	10	51300	16	5059325	5059334
1	10	31	4	5	51180	5	51188	30	5052330	5052322
7	2	26	12	5	51260	19	51268	12	5060237	5060231
23	2	7	13	5	51296	24	51340	30	5063825	5063824
9	9	25	3	5	51600	7	51608	0	5094369	5094371
18	7	14	7	5	51536	4	51580	10	5087495	5087489
19	7	13	6	5	51536	12	51580	18	5088351	5088354
16	2	18	11	5	51556	2	51568	27	5090503	5090500
19	6	13	7	5	51656	29	51700	3	5099605	5099590
3	0	30	13	5	51500	29	51508	22	5083449	5083453
24	9	6	4	5	51536	6	51580	12	5087704	5087702
16	2	17	13	5	51416	16	51428	9	5075671	5075679
17	0	16	13	5	51436	9	51448	2	5078306	5078319
10	5	18	11	5	51480	9	51488	25	5081352	5080634
6	4	28	10	5	51460	14	51468	7	5078797	5078788
10	5	22	9	5	51580	13	51588	6	5091708	5091709
19	4	4	11	5	51656	0	51700	3	5099856	5099604
7	1	24	5	5	51540	10	51548	3	5088222	5088215
5	5	24	1	5	51620	19	51628	21	5095536	5096527
28	3	1	12	5	51416	28	51480	2	5076902	5076907
26	5	6	9	5	51576	23	51620	29	5092866	5092859
21	9	12	4	5	51636	24	51700	30	5099235	5099237
10	5	26	9	5	51460	31	51488	24	5080577	5080582
29	4	6	8	5	51436	19	51500	25	5079330	5079352
12	10	23	9	5	51440	25	51448	18	5076633	5076641
29	14	8	2	5	51536	4	51580	10	5087501	5087504
29	3	6	9	5	51636	26	51700	0	5099410	5099411
7	3	10	8	5	51560	27	51600	4	5089847	5090170
29	13	13	7	5	51456	30	51500	4	5080395	5080419
18	6	14	7	5	51536	4	51580	10	5087509	5087511
1	11	31	2	5	51660	24	51668	17	5099262	5099264
18	4	25	0	5	51496	7	51508	26	5084536	5083885
29	3	1	11	5	51516	18	51560	24	5085557	5085564
7	9	24	4	5	51500	6	51508	31	5084428	5084426
0	7	31	6	5	51580	16	51588	9	5092197	5092183
21	9	17	13	5	51616	27	51628	20	5096430	5096425
28	8	2	8	5	51456	25	51500	4	5079967	5080432
25	5	6	8	5	51496	10	51560	16	5084754	5084753
29	0	22	9	5	51576	23	51608	16	5092894	5092903
11	0	28	2	5	51420	19	51428	6	5076020	5075422
13	2	8	1	5	51500	4	51540	8	5084176	5084048
11	1	23	14	5	51420	21	51428	14	5076149	5076125
9	0	30	2	5	51620	17	51628	10	5095292	5095254
17	14	18	9	5	51736	20	51748	13	5108088	5108086
8	5	26	9	5	51680	13	51688	6	5101172	5101184
10	8	26	5	5	51760	6	51768	31	5109922	5109914
21	9	11	4	5	51696	22	51760	28	5105119	5105112
20	9	12	3	5	51696	23	51760	29	5105280	5105256
14	0	18	12	5	51700	31	51708	24	5102846	5102850
9	9	3	9	5	51760	9	44046848	8	5110203	5109512
14	1	19	12	5	51680	24	51688	17	5102151	5102159
25	11	26	5	5	51696	18	51728	8	5104673	5104391
13	2	20	12	5	51720	27	51728	20	5105614	5105605
1	5	1	9	5	51820	21	51840	23	5114356	5114022
17	12	15	1	5	51776	7	51840	13	5113128	5113109
21	6	13	7	5	51696	9	51740	15	5103829	5103818
23	1	5	13	5	51836	29	51900	3	5118303	5118317
4	11	31	2	5	51860	13	51868	6	5120017	5120074
19	2	15	10	5	51696	22	51760	28	5105151	5105153
7	10	27	3	5	51720	29	51728	22	5105751	5105755
26	0	22	12	5	51816	12	51848	9	5116639	5117045
15	3	18	9	5	51760	0	51768	25	5109352	5109358
15	3	18	13	5	51860	8	51868	1	5119591	5119576
25	2	3	10	5	51676	30	51740	4	5102756	5102758
8	5	25	8	5	51880	18	51888	11	5120564	5120555
3	12	27	11	5	51880	29	51888	22	5121581	5121582
14	15	30	6	5	51820	0	51828	28	5115516	5115860
30	11	1	2	5	51676	17	51720	23	5101610	5101619
14	1	2	13	5	51920	26	51960	0	5124402	5124404
24	9	5	3	5	51716	2	51760	8	5106252	5106247
5	7	28	7	5	51760	29	51768	22	5109076	5109044
29	9	2	4	5	51756	17	51820	23	5111116	5111139
15	3	18	13	5	51680	24	51688	17	5102120	5102140
6	4	27	10	5	51800	16	51808	9	5113909	5113916
26	5	17	8	5	51736	23	51768	19	5108389	5108680
25	10	7	3	5	51956	11	52000	17	5129122	5129110
25	9	9	4	5	52036	28	52080	2	5136975	5136978
14	12	7	13	5	52100	26	52160	8	5142985	5143630
13	2	19	12	5	52160	23	52168	16	5149136	5149126
19	6	13	7	5	52156	18	52200	24	5148667	5148665
6	4	26	9	5	51920	11	51948	4	5125979	5125977
27	9	7	5	5	52056	16	52100	22	5139036	5139025
14	8	27	12	5	51940	30	51948	23	5127853	5127842
12	2	24	8	5	52120	10	52128	3	5144494	5144473
25	5	10	9	5	52136	15	52200	21	5148384	5148397
8	2	22	9	5	52000	24	52008	17	5133458	5133448
29	9	2	4	5	51916	11	51960	17	5125999	5126004
24	9	10	4	5	52076	14	52140	20	5141666	5141683
29	3	6	10	5	52096	26	52140	0	5142976	5142975
12	10	28	7	5	51940	15	51948	11	5126450	5126781
12	10	5	13	5	51940	31	51980	29	5127984	5127264
12	2	22	1	5	52040	17	52028	3	5135894	5135188
3	9	30	4	5	52040	20	52048	13	5136250	5136253
11	0	20	11	5	52000	18	52008	11	5132930	5132932
7	1	29	13	5	52160	27	52188	20	5149509	5149490
25	5	1	12	5	51956	22	52020	28	5130184	5130183
3	8	30	6	5	52120	13	52128	6	5144831	5144830
22	3	7	5	5	51916	16	51980	24	5126598	5126795
6	15	6	10	5	52000	25	52060	9	5133562	5134503
27	1	6	10	5	51916	19	51980	25	5126919	5126917
5	1	27	12	5	52120	7	52128	0	5144189	5144200
1	10	30	3	5	52120	15	52128	8	5145080	5145067
7	2	27	12	5	52140	27	52148	20	5146324	5146374
9	0	6	7	5	52080	27	52120	12	5140148	5141079
31	3	3	9	5	51936	20	51980	26	5126992	5126988
7	2	4	9	5	51960	6	52000	7	5128656	5128213
29	9	2	4	5	51916	13	51980	19	5126266	5126244
26	5	1	0	5	52076	3	52120	7	5140821	5140670
7	1	26	15	5	52040	23	52048	16	5136565	5136546
23	3	29	3	5	52016	6	52028	2	5134834	5135142
18	11	14	3	5	51956	16	52000	22	5129603	5129605
20	6	7	6	5	52156	30	52220	4	5149759	5149803
18	7	14	7	5	52176	22	52240	28	5152185	5152186
25	10	5	3	5	52396	4	52440	10	5172631	5172630
15	12	2	13	5	52340	31	52360	31	5165777	5165242
8	7	26	5	5	52180	15	52208	8	5151510	5151508
8	7	22	10	5	52320	14	52328	7	5164118	5164109
24	9	8	5	5	52336	18	52400	24	5167706	5167727
3	8	27	5	5	52320	25	52328	18	5165248	5165233
27	1	4	12	5	52176	15	52220	21	5151518	5151521
15	3	19	12	5	52240	2	52248	27	5156419	5156435
7	5	28	9	5	52320	12	52328	5	5163899	5163888
20	9	13	7	5	52296	2	52340	8	5162873	5162864
24	7	26	14	5	52176	5	52188	30	5150443	5150440
23	8	7	4	5	52216	15	52260	21	5154582	5154580
5	7	28	5	5	52200	26	52208	19	5152595	5152596
1	8	28	6	5	52340	4	52348	29	5166294	5166303
1	2	9	13	5	52380	13	52420	27	5170278	5171115
27	0	7	13	5	52236	12	52280	18	5157365	5157352
23	8	9	6	5	52376	23	52420	29	5171412	5171409
14	0	18	15	5	52220	7	52228	0	5153820	5153824
11	7	9	1	5	52220	23	52260	29	5155464	5155540
14	0	19	15	5	52300	4	52308	29	5163072	5163075
12	2	22	12	5	52420	19	52428	12	5174197	5174192
7	1	27	5	5	52380	22	52408	18	5171282	5171630
12	2	21	11	5	52280	16	52288	9	5161146	5161154
3	8	30	4	5	52320	9	52328	2	5163594	5163596
14	9	15	6	5	52380	8	52400	10	5169696	5169354
26	3	8	10	5	52256	23	52300	29	5158530	5158527
8	7	23	12	5	52280	3	52288	28	5159661	5159659
23	11	11	9	5	52316	22	52360	28	5165014	5165015
8	2	25	12	5	52180	3	52188	28	5150296	5150294
3	13	25	1	5	52400	2	52408	27	5172514	5172556
28	3	8	9	5	52376	15	52420	21	5170500	5170504
14	9	7	3	5	52220	18	52260	21	5155007	5154639
29	11	7	3	5	52276	24	52340	30	5161918	5161939
12	2	20	11	5	52380	5	52368	24	5169502	5168883
25	9	6	4	5	52196	24	52240	30	5152467	5152471
24	1	10	11	5	52356	4	52400	10	5169379	5169380
8	12	24	1	5	52340	29	52348	22	5165596	5165572
8	2	27	11	5	52420	25	52428	18	5174692	5174687
17	0	15	12	5	52316	2	52380	8	5166083	5166092
29	6	2	6	5	52616	1	52660	7	5194257	5194256
7	9	26	5	5	52520	3	52548	28	5184913	5184919
27	4	4	11	5	52476	23	52520	29	5180951	5180938
27	13	5	0	5	52656	16	52700	22	5198626	5198633
9	11	24	14	5	52440	13	52448	6	5176871	5176869
8	13	1	2	5	52480	11	52520	17	5179838	5179842
13	12	19	15	5	52640	18	52648	11	5195930	5195926
20	3	12	9	5	52576	1	52640	7	5191159	5191148
13	0	19	12	5	52460	21	52468	14	5177622	5177611
6	4	26	10	5	52540	21	52548	14	5186743	5186744
8	5	27	10	5	52460	24	52468	17	5177888	5177901
31	3	4	9	5	52456	11	52520	17	5179856	5179854
14	14	13	6	5	52440	14	52480	16	5176974	5176545
7	2	27	12	5	52520	24	52528	17	5183954	5183955
16	15	31	9	5	52496	8	52508	29	5182535	5182183
7	9	24	5	5	52440	9	52448	2	5176462	5176456
20	9	22	10	5	52516	2	52528	16	5184851	5183868
23	10	12	3	5	52556	19	52620	25	5189627	5189646
19	7	13	7	5	52576	31	52620	5	5190997	5191004
10	11	25	0	5	52460	7	52488	0	5179359	5179344
10	8	26	8	5	52580	14	52568	1	5189065	5188551
19	4	2	11	5	52576	21	52620	28	5189957	5190192
0	7	28	7	5	52680	18	52688	11	5198885	5198886
7	1	26	12	5	52440	0	52448	25	5175500	5175505
3	13	30	0	5	52440	12	52448	5	5176809	5176851
24	9	6	3	5	52456	1	52500	7	5178797	5178791
12	12	2	14	5	52440	8	52480	17	5176419	5176694
14	14	3	5	5	52680	29	52720	3	5199945	5199940
7	2	23	9	5	52480	15	52488	8	5180219	5180216
10	4	21	9	5	52680	16	52688	9	5198770	5198711
7	2	27	11	5	52520	21	52528	14	5183667	5183660
26	11	6	1	5	52656	18	52720	24	5198803	5198807
5	1	29	12	5	52720	28	52728	21	5202706	5202708
28	3	7	10	5	52736	27	52780	1	5205553	5205566
27	1	9	9	5	52756	21	52820	27	5208297	5208296
19	0	31	4	5	52916	16	52928	9	5223697	5223699
8	4	27	11	5	52740	17	52748	10	5204648	5204641
13	2	20	11	5	52900	19	52908	12	5220716	5220711
10	13	26	14	5	52760	2	52768	4	5206340	5207340
8	12	13	2	5	52840	31	52880	30	5215383	5214788
11	15	13	2	5	52720	4	52760	10	5203520	5203523
18	12	15	1	5	52916	13	52960	19	5223370	5223379
15	12	4	9	5	52840	2	52880	29	5215628	5214686
29	0	14	1	5	52676	5	52740	21	5200628	5201526
9	3	21	8	5	52880	31	52888	27	5218577	5218896
25	12	9	1	5	52736	3	52800	9	5206438	5206446
9	1	26	14	5	52800	8	52808	1	5210182	5210175
23	8	9	5	5	52876	9	52920	15	5219675	5219677
2	13	28	2	5	52900	21	52908	14	5220945	5220938
24	1	9	13	5	52796	0	52860	6	5212615	5212616
10	8	2	10	5	52860	12	52900	23	5216712	5217262
25	2	8	0	5	52776	3	52820	9	5209724	5209728
31	5	4	9	5	52776	5	52820	11	5209926	5209925
26	5	6	8	5	52796	2	52860	8	5212783	5212779
0	15	2	9	5	52720	4	52760	11	5203580	5203656
6	2	2	9	5	52860	15	52900	28	5217077	5217741
20	9	12	4	5	52716	12	52760	18	5204300	5204296
4	11	30	3	5	52740	23	52748	16	5205237	5205236
30	11	30	3	5	52736	23	52748	16	5205235	5205236
14	1	17	9	5	52880	11	52908	4	5219932	5219937
19	2	18	8	5	52776	8	52808	1	5210223	5210197
14	11	14	7	5	52740	22	52780	30	5205096	5205278
19	5	8	5	5	52696	16	52740	22	5201556	5201569
8	7	4	9	5	53080	2	53120	8	5238557	5238555
18	11	15	1	5	52996	0	53040	6	5231709	5231705
23	0	4	9	5	53156	4	53200	10	5248584	5248587
12	11	18	15	5	53000	29	53028	31	5231403	5232318
26	5	5	9	5	52936	1	52980	7	5225404	5225397
26	15	22	9	5	53136	11	53148	4	5246226	5246228
2	14	30	0	5	53140	15	53168	8	5246585	5246584
23	1	17	13	5	53016	12	53028	30	5233052	5232244
3	6	17	13	5	52980	5	52988	30	5229080	5229076
28	3	6	10	5	52976	13	53020	19	5229934	5229941
25	5	6	7	5	53016	28	53080	2	5234677	5234678
5	5	26	8	5	53000	16	53008	9	5230245	5230246
10	11	16	8	5	53040	0	53048	2	5235052	5236016
3	0	31	13	5	53180	4	53188	29	5248614	5248625
13	1	20	13	5	52980	13	52988	6	5229951	5229961
24	5	3	11	5	53176	15	53220	21	5249781	5249782
8	2	26	12	5	53000	29	53008	22	5231446	5231453
7	3	27	10	5	53020	13	53028	6	5233208	5233202
24	7	9	6	5	52996	1	53040	7	5231875	5231882
13	0	20	13	5	53120	11	53128	4	5243161	5243155
27	9	9	5	5	53096	12	53160	18	5243272	5243275
31	14	5	1	5	53136	5	53180	11	5245621	5245633
3	9	26	5	5	53080	3	53088	28	5238672	5238660
20	9	12	3	5	53016	21	53060	27	5234049	5234056
17	14	15	1	5	53096	0	53140	6	5242030	5242049
4	6	22	10	5	53000	30	53008	23	5231548	5231554
0	13	7	6	5	52960	18	53000	22	5227230	5227036
3	0	29	13	5	53180	16	53188	9	5249906	5249908
9	3	23	11	5	53020	6	53028	31	5232392	5232418
5	7	25	1	5	53100	28	53108	22	5241518	5241576
28	3	18	9	5	53076	22	53108	15	5240836	5240830
30	11	6	3	5	53176	12	53220	18	5249448	5249441
8	12	24	1	5	52980	14	52988	7	5230113	5230108
5	7	29	6	5	53060	27	53068	20	5237926	5237901
23	5	15	6	5	53076	12	53120	18	5239706	5239707
20	6	13	7	5	53096	28	53140	2	5241519	5241536
23	11	10	2	5	52996	11	53060	17	5232903	5232922
27	9	4	4	5	53136	23	53200	29	5247261	5247264
31	10	2	3	5	53376	27	53420	1	5269692	5269679
12	10	13	13	5	53200	6	53240	7	5251916	5251530
18	6	19	13	5	53176	27	53208	20	5250896	5250893
18	7	15	6	5	53356	13	53420	19	5268321	5268322
19	7	17	8	5	53396	17	53408	10	5271597	5271602
29	4	4	8	5	53416	9	53480	15	5273996	5273961
4	12	31	0	5	53400	18	53408	11	5271708	5271705
19	7	14	7	5	53236	27	53300	1	5257262	5257256
18	15	28	14	5	53296	18	53308	6	5262440	5262024
5	1	30	13	5	53440	16	53448	9	5274741	5274761
28	8	4	4	5	53196	16	53260	22	5252852	5252844
9	13	24	1	5	53280	18	53288	11	5259542	5259541
23	10	12	5	5	53376	31	53420	5	5270037	5270034
18	7	15	6	5	53376	4	53440	10	5270395	5270414
26	5	2	11	5	53416	6	53480	19	5273672	5274453
12	10	14	1	5	53200	30	53220	27	5251257	5250391
10	8	21	12	5	53400	7	53408	7	5270697	5271345
23	12	9	1	5	53216	5	53280	11	5254915	5254938
26	11	6	3	5	53356	15	53420	21	5268576	5268599
9	3	22	9	5	53220	27	53228	20	5253921	5253918
25	9	7	5	5	53176	26	53240	0	5250825	5250832
19	7	14	7	5	53196	0	53240	6	5251466	5251470
25	2	7	11	5	53376	28	53420	2	5269798	5269805
24	9	8	5	5	53416	14	53480	20	5274570	5274557
9	9	25	4	5	53240	1	53248	26	5254571	5254561
12	12	14	3	5	53400	18	53460	1	5271767	5272672
12	2	22	13	5	53200	2	53208	27	5251652	5251644
10	5	23	1	5	53400	16	53408	7	5271565	5271361
23	11	10	2	5	53356	1	53400	7	5267100	5267099
23	12	10	2	5	53276	27	53320	1	5260436	5260412
23	5	10	9	5	53396	16	53440	22	5271564	5271585
8	5	22	9	5	53220	22	53228	15	5253523	5253525
6	2	25	11	5	53360	7	53368	0	5267797	5267763
2	15	3	12	5	53440	9	53460	9	5274087	5273423
19	2	22	15	5	53316	25	53328	18	5263337	5263341
17	13	22	12	5	53236	22	53268	19	5256759	5257162
21	1	22	14	5	53376	4	53408	0	5270447	5270736
9	11	24	1	5	53340	14	53348	7	5265225	5265216
29	6	5	8	5	53276	19	53320	25	5259624	5259583
14	0	19	15	5	53440	22	53448	15	5275256	5275255
10	8	12	5	5	53540	12	53560	10	5283471	5282668
18	7	15	6	5	53656	28	53720	2	5297647	5297625
29	13	5	1	5	53436	24	53480	30	5275447	5275448
29	0	2	14	5	53496	13	53540	19	5280493	5280506
14	1	19	12	5	53500	23	53528	16	5281515	5281514
4	12	29	1	5	53540	26	53548	19	5284688	5284692
21	9	16	9	5	53436	2	53468	1	5276418	5276995
20	9	12	3	5	53496	22	53540	28	5281420	5281428
17	0	18	11	5	53616	18	53648	11	5293489	5293490
25	12	11	4	5	53536	29	53580	3	5284987	5284988
7	5	3	5	5	53540	31	53600	10	5285177	5285689
4	11	25	4	5	53560	4	53568	29	5285691	5285695
23	5	6	3	5	53436	23	53480	27	5275355	5275164
30	11	1	2	5	53596	23	53640	29	5290885	5290881
2	14	30	0	5	53480	20	53488	13	5278075	5278064
18	7	15	6	5	53656	19	53700	25	5296619	5296627
0	10	31	7	5	53460	31	53448	14	5276148	5275188
7	1	25	11	5	53600	16	53608	9	5290082	5290072
18	4	31	7	5	53436	21	53448	14	5275167	5275188
27	4	6	9	5	53456	5	53500	11	5276733	5276723
27	0	18	15	5	53516	19	53548	13	5284069	5284152
8	7	27	5	5	53520	27	53528	20	5281948	5281952
24	5	12	5	5	53576	8	53620	9	5289312	5288714
28	8	3	5	5	53556	16	53600	22	5287002	5287001
12	2	22	13	5	53500	23	53528	16	5281563	5281566
29	0	0	15	5	53436	2	53500	8	5276459	5276455
23	10	8	1	5	53556	23	53620	29	5287680	5287675
25	9	4	3	5	53556	26	53620	3	5287958	5288204
23	3	10	11	5	53576	13	53640	19	5289787	5289784
31	13	6	3	5	53676	2	53720	8	5298291	5298289
4	11	30	2	5	53480	23	53488	16	5278450	5278443
27	4	4	9	5	53516	0	53560	6	5282385	5282390
10	5	9	3	5	53460	14	53500	20	5277602	5277605
5	5	28	9	5	53640	22	53648	15	5293947	5293949
26	3	7	11	5	53496	19	53540	25	5281154	5281178
20	9	12	4	5	53576	12	53640	18	5289725	5289731
25	5	10	8	5	53536	28	53580	2	5284839	5284874
25	9	5	2	5	53676	10	53720	16	5299006	5298967
23	12	10	2	5	53756	16	53800	22	5306004	5306016
2	0	31	11	5	53940	29	53948	22	5322871	5322883
13	14	28	9	5	53800	0	53808	18	5310725	5310043
26	11	6	1	5	53696	24	53740	30	5300532	5300535
19	7	13	1	5	53796	29	53840	8	5310461	5310951
5	15	25	0	5	53880	5	53888	30	5317571	5317570
20	14	6	1	5	53716	15	53780	30	5302823	5303596
11	0	20	12	5	53780	28	53788	21	5307196	5307197
31	10	3	4	5	53836	3	53880	9	5314193	5314208
7	1	25	11	5	53860	31	53888	24	5316929	5316926
8	2	8	0	5	53880	5	53920	15	5317573	5317908
8	7	22	14	5	53900	4	53908	29	5320309	5320321
13	14	23	11	5	53800	29	53808	14	5310483	5309681
22	13	21	8	5	53896	2	53908	23	5320119	5319792
15	3	18	12	5	53840	26	53848	19	5313264	5313260
20	9	12	4	5	53876	12	53920	18	5318164	5318147
15	11	22	10	5	53760	15	53768	9	5305909	5306039
12	2	20	11	5	53840	4	53848	29	5314325	5314328
18	7	15	6	5	53756	31	53820	5	5307446	5307436
3	13	26	2	5	53740	4	53748	29	5304797	5304792
3	13	29	1	5	53820	16	53828	9	5312325	5312326
26	11	5	2	5	53876	9	53920	15	5317934	5317947
10	4	25	8	5	53840	9	53848	2	5314878	5314871
19	7	14	7	5	53916	23	53960	29	5322304	5322307
5	1	30	13	5	53740	27	53748	20	5303956	5303934
9	3	23	9	5	53800	22	53808	15	5309782	5309792
19	6	14	7	5	53896	4	53940	10	5320355	5320357
4	11	31	2	5	53780	4	53788	29	5307916	5307930
17	14	8	9	5	53796	10	53860	15	5311765	5311656
7	5	29	9	5	53740	27	53748	20	5303885	5303889
14	9	8	5	5	54060	20	54080	20	5334550	5333963
31	5	6	8	5	54096	4	54140	10	5339021	5339019
5	1	30	12	5	54180	17	54188	10	5346219	5346228
5	3	27	10	5	54100	8	54108	1	5339423	5339422
7	13	25	0	5	54180	18	54188	11	5346299	5346284
28	3	4	11	5	54156	0	54200	6	5344454	5344453
18	7	15	6	5	54196	15	54240	21	5349042	5349036
1	13	19	12	5	54160	7	54168	2	5345061	5345285
26	5	8	0	5	54196	22	54260	28	5349776	5349786
12	10	8	10	5	53960	27	54000	1	5325783	5325774
3	13	28	2	5	54000	1	54008	26	5329686	5329674
7	5	27	9	5	54000	8	54008	1	5330333	5330334
18	7	12	5	5	54176	23	54220	26	5346786	5346491
15	3	17	9	5	54220	23	54228	16	5349948	5349940
17	14	15	1	5	54116	27	54160	1	5341135	5341130
13	0	20	12	5	54160	31	54168	24	5344392	5344416
5	1	29	13	5	54180	23	54188	16	5346791	5346795
11	11	1	11	5	54120	0	54160	27	5341575	5340664
24	5	8	8	5	54076	29	54140	3	5338423	5338415
17	14	2	13	5	54136	23	54180	29	5343731	5343748
23	12	11	4	5	54176	2	54240	8	5347853	5347854
29	4	4	12	5	54096	20	54140	18	5340503	5339832
16	1	16	15	5	54176	0	54208	25	5347700	5347695
10	5	23	9	5	54020	26	54028	19	5332093	5332099
0	2	26	8	5	54120	16	54128	15	5340169	5340755
20	6	13	7	5	54036	18	54080	24	5334411	5334406
26	5	6	9	5	53956	28	54000	2	5325907	5325909
29	12	3	1	5	54156	8	54200	14	5345210	5345232
13	12	5	3	5	54020	21	54060	21	5331678	5331053
16	15	0	6	5	53976	13	54020	19	5327556	5327562
20	6	17	8	5	54176	31	54188	19	5347652	5347126
3	12	28	2	5	54040	10	54048	3	5333675	5333649
4	0	10	2	5	54200	6	54240	8	5348188	5347894
30	13	5	0	5	54096	5	54140	11	5339198	5339193
11	0	4	11	5	54000	5	54040	13	5330058	5330231
29	3	5	9	5	54096	21	54160	27	5340543	5340602
15	3	19	13	5	54320	4	54328	29	5360143	5360142
7	5	27	9	5	54460	18	54468	11	5373976	5373978
25	9	7	5	5	54416	4	54460	10	5369664	5369674
3	13	26	2	5	54260	5	54268	30	5354135	5354132
29	0	9	4	5	54276	28	54320	28	5356427	5355790
25	9	8	5	5	54316	14	54380	20	5361189	5361198
17	14	22	2	5	54376	12	54408	8	5367369	5367659
8	5	26	8	5	54240	25	54248	18	5352995	5352982
9	3	26	12	5	54360	3	54368	28	5363519	5363510
27	9	7	4	5	54336	29	54380	3	5362718	5362712
25	2	7	13	5	54356	25	54420	31	5365712	5365707
7	10	25	4	5	54340	22	54348	15	5361983	5361987
14	0	18	11	5	54400	24	54408	17	5368577	5368580
17	12	17	13	5	54256	6	54268	31	5354361	5354362
3	8	28	6	5	54280	0	54288	25	5356792	5356787
8	7	28	6	5	54400	18	54408	11	5367994	5367993
11	0	21	12	5	54440	18	54448	11	5370953	5370956
13	2	20	11	5	54260	12	54268	5	5354916	5354909
7	5	27	9	5	54280	25	54288	18	5356111	5356112
1	10	29	3	5	54300	13	54308	6	5357969	5357982
3	0	30	13	5	54260	14	54268	7	5355068	5355069
28	3	6	10	5	54256	4	54300	10	5354058	5354059
17	14	16	13	5	54316	16	54348	12	5361436	5361657
13	0	20	1	5	54380	6	54388	25	5366903	5366297
7	9	27	10	5	54400	15	54408	4	5367700	5367333
7	10	24	4	5	54400	21	54408	14	5368310	5368319
19	7	14	7	5	54296	25	54360	31	5359258	5359266
10	8	24	5	5	54300	7	54308	0	5357550	5357535
18	6	30	13	5	54296	29	54328	17	5359604	5359166
2	0	30	13	5	54360	9	54368	2	5364118	5364120
29	9	2	4	5	54336	31	54380	5	5363030	5363016
29	0	4	14	5	54416	21	54480	27	5371175	5371229
29	6	9	5	5	54436	30	54480	4	5372154	5372156
23	0	7	15	5	54236	25	54280	31	5353031	5353019
22	13	7	5	5	54416	14	54460	20	5370647	5370645
2	14	12	5	5	54240	27	54280	22	5353216	5352349
21	9	7	3	5	54316	16	54380	22	5361467	5361468
0	13	8	6	5	54240	20	54280	17	5352675	5351941
23	3	8	10	5	54416	21	54480	27	5371188	5371233
19	7	14	7	5	54356	19	54400	25	5365098	5365102
23	11	10	2	5	54436	8	54500	14	5372982	5373012
21	9	11	4	5	54516	20	54560	26	5380703	5380712
29	9	13	8	5	54516	27	54580	30	5381497	5381198
22	13	11	0	5	54656	30	54700	4	5394821	5394822
10	5	28	10	5	54560	26	54568	19	5384800	5384797
1	11	31	2	5	54720	16	54728	9	5399834	5399825
27	9	7	3	5	54476	0	54520	6	5375538	5375545
31	3	5	9	5	54636	6	54680	12	5392543	5392542
5	1	29	14	5	54480	6	54488	31	5376182	5376170
7	2	26	12	5	54500	24	54508	17	5378002	5377998
29	9	5	3	5	54576	5	54620	11	5385914	5385925
5	7	28	7	5	54500	21	54508	14	5377666	5377640
3	0	22	12	5	54540	0	54548	25	5382084	5382089
10	5	18	9	5	54560	11	54568	4	5383257	5383231
9	9	6	1	5	54600	24	54620	22	5387803	5387038
27	13	6	1	5	54576	16	54620	22	5387047	5387038
11	1	23	12	5	54700	2	54708	27	5398369	5398371
28	8	8	6	5	54476	0	54520	6	5375554	5375556
9	3	26	12	5	54560	18	54568	11	5384002	5384018
3	12	26	2	5	54640	6	54648	31	5392584	5392581
26	5	4	9	5	54656	4	54720	10	5395390	5395378
24	9	12	5	5	54476	1	54520	7	5375655	5375664
7	10	25	3	5	54700	30	54708	23	5397914	5397916
19	5	13	9	5	54496	29	54540	3	5378512	5378533
25	5	6	8	5	54536	30	54580	4	5381903	5381906
25	2	7	11	5	54576	4	54620	10	5385783	5385781
21	6	5	3	5	54596	6	54640	10	5389337	5389049
7	3	17	9	5	54540	22	54528	9	5381057	5380403
19	7	14	7	5	54656	4	54720	10	5395393	5395416
20	3	7	6	5	54696	11	54760	15	5399285	5399074
8	12	25	1	5	54540	31	54548	24	5382034	5382036
9	13	24	1	5	54580	3	54588	28	5385719	5385725
11	7	24	4	5	54600	26	54608	19	5388024	5388029
20	9	12	4	5	54536	6	54580	12	5382717	5382720
18	4	26	2	5	54596	30	54628	29	5388431	5389052
17	14	15	1	5	54676	23	54740	29	5397265	5397275
27	4	4	9	5	54596	25	54640	31	5387959	5387933
27	1	3	13	5	54676	22	54740	28	5397191	5397181
5	3	26	9	5	54580	31	54588	24	5385341	5385382
13	9	25	1	5	54620	11	54628	4	5389910	5389906
16	1	16	12	5	54456	29	54488	22	5375302	5375306
31	1	4	11	5	54556	23	54600	29	5384521	5384492
25	9	6	4	5	54676	25	54740	31	5397361	5397368
7	5	6	1	5	54760	27	54800	25	5404181	5403469
5	14	16	12	5	54800	30	54808	22	5407625	5407557
7	10	31	2	5	54920	29	54928	22	5420567	5420563
19	6	13	7	5	54756	27	54800	1	5404185	5404196
30	13	5	2	5	54816	4	54881	12	5411636	5411640
6	15	7	3	5	54780	21	54820	27	5406804	5406815
14	1	18	11	5	54860	24	54868	17	5413627	5413623
12	2	20	12	5	54960	30	54968	23	5423646	5423647
24	7	8	5	5	54876	1	54941	9	5417559	5417540
8	7	22	10	5	54880	22	54888	15	5416490	5416485
9	1	25	14	5	54800	24	54808	17	5407112	5407116
25	12	6	4	5	54796	0	54840	8	5407801	5407903
17	0	24	8	5	54936	28	54968	17	5423477	5423081
1	13	29	1	5	54760	3	54788	28	5405061	5405064
13	2	19	10	5	54720	22	54728	15	5400601	5400603
6	2	27	10	5	54840	14	54848	7	5412731	5412728
18	7	15	6	5	54776	12	54820	18	5405816	5405819
25	10	9	3	5	54796	17	54860	24	5409638	5409642
28	3	1	11	5	54896	19	54961	27	5419297	5419299
3	12	29	1	5	54740	28	54748	21	5401141	5401142
19	5	14	7	5	54756	11	54820	17	5405757	5405715
18	7	15	1	5	54776	14	54820	20	5406042	5406063
17	14	13	1	5	54856	28	54901	4	5414050	5414061
6	4	28	10	5	54740	10	54748	3	5402665	5402668
25	12	28	10	5	54736	8	54748	3	5402543	5402668
2	0	0	5	5	54760	17	54800	25	5403348	5403550
9	1	21	10	5	54940	23	54968	16	5423028	5423027
2	13	26	2	5	54980	12	54988	5	5424973	5424992
17	11	15	1	5	54736	17	54800	23	5403356	5403357
29	3	2	10	5	54796	12	54860	19	5409202	5409222
18	12	15	1	5	54936	19	54981	27	5422758	5422732
5	1	25	14	5	54920	30	54928	23	5420645	5420625
25	12	8	2	5	55156	9	55201	17	5443102	5443109
8	13	24	1	5	55000	4	55008	29	5427351	5427358
8	6	28	9	5	55000	17	55008	10	5428627	5428624
9	3	27	11	5	55040	15	55048	8	5431634	5431627
21	9	11	4	5	55056	10	55101	18	5434161	5434166
19	6	14	7	5	55116	2	55161	10	5439667	5439661
16	1	19	15	5	55096	25	55128	18	5438832	5438840
29	9	3	4	5	55076	6	55141	14	5436939	5436959
3	13	29	1	5	55000	0	55008	25	5426970	5426952
23	2	10	11	5	55036	3	55101	11	5433510	5433505
29	12	3	1	5	55216	8	55261	16	5449690	5449692
28	3	6	9	5	54976	5	55041	13	5427435	5427438
23	10	9	5	5	55056	15	55101	23	5434725	5434729
25	5	6	8	5	55076	30	55121	6	5436093	5436092
13	14	11	6	5	55080	18	55121	26	5435013	5435015
14	0	25	1	5	55140	25	55168	25	5441739	5442337
22	3	10	11	5	55116	12	55181	20	5440544	5440548
30	13	11	15	5	55136	21	55181	26	5441410	5441103
24	2	7	13	5	55136	4	55201	12	5442702	5442699
18	7	15	6	5	55096	14	55141	22	5437747	5437736
29	14	22	12	5	55136	5	55168	27	5442822	5442546
9	13	24	1	5	55100	4	55108	29	5436769	5436766
7	2	26	10	5	55140	27	55148	20	5441928	5441918
19	7	13	6	5	55016	1	55061	9	5430260	5430256
12	12	15	1	5	55020	30	55061	0	5429961	5429421
19	2	27	9	5	55136	26	55168	27	5441870	5442553
9	0	24	14	5	55000	7	55008	0	5427603	5427595
11	7	3	13	5	54980	28	55021	4	5426702	5426710
19	12	14	2	5	54976	7	55041	15	5427604	5427611
29	11	1	2	5	55076	24	55121	0	5435547	5435534
21	9	12	4	5	55196	16	55241	24	5447300	5447292
5	5	28	9	5	55020	24	55028	17	5429437	5429429
23	10	11	4	5	55016	7	55061	15	5430822	5430823
20	9	13	6	5	55116	0	55161	8	5439509	5439514
3	8	26	5	5	55000	17	55008	10	5428575	5428574
4	0	28	10	5	55100	13	55108	6	5437584	5437583
18	7	15	6	5	55056	8	55101	16	5433998	5433963
19	2	13	14	5	55296	7	55361	15	5459059	5459052
9	1	22	12	5	55380	14	55388	7	5466285	5466275
26	11	5	1	5	55376	5	55421	13	5465362	5465369
7	5	26	8	5	55360	23	55368	16	5464022	5464021
25	5	8	6	5	55296	30	55341	6	5458254	5458267
17	0	4	8	5	55356	30	55401	3	5464640	5464378
13	2	19	10	5	55260	7	55268	0	5452667	5452677
11	0	23	14	5	55460	22	55468	15	5473314	5473323
16	1	16	12	5	55456	5	55488	30	5474641	5474664
7	1	4	3	5	55340	7	55381	8	5462354	5461706
12	2	22	13	5	55380	0	55388	25	5464803	5464804
24	5	6	8	5	55336	6	55381	14	5462238	5462232
17	14	15	1	5	55256	26	55321	2	5454485	5454492
29	3	30	13	5	55416	18	55428	11	5470022	5470011
8	7	22	11	5	55440	24	55448	17	5470621	5470625
23	8	11	6	5	55336	1	55381	9	5461787	5461788
7	5	27	9	5	55240	17	55248	10	5450619	5450629
29	4	5	8	5	55296	28	55341	4	5458114	5458136
29	0	2	14	5	55356	29	55421	5	5464537	5464564
17	11	15	1	5	55376	13	55421	21	5466237	5466234
4	12	28	2	5	55280	7	55288	0	5456017	5456000
25	1	6	15	5	55436	7	55481	15	5472022	5472017
13	1	22	11	5	55260	22	55268	15	5454080	5454081
29	3	1	10	5	55376	22	55441	30	5467147	5467148
0	5	31	6	5	55280	28	55288	21	5454712	5454711
7	9	25	3	5	55320	14	55328	7	5459928	5459925
16	2	3	5	5	55256	19	55301	27	5453827	5453830
31	10	2	3	5	55396	10	55461	18	5469256	5469252
27	9	3	4	5	55436	18	55501	26	5473054	5473059
23	10	21	6	5	55316	24	55328	7	5460936	5459938
16	15	20	1	5	55336	9	55368	4	5462718	5462888
28	8	7	6	5	55356	27	55401	3	5464405	5464399
2	0	29	12	5	55380	10	55388	3	5465932	5465928
5	14	25	1	5	55300	26	55308	19	5457833	5457852
23	10	11	0	5	55436	11	55481	19	5472363	5472345
26	0	7	13	5	55636	21	55701	29	5492332	5492330
13	2	20	11	5	55540	7	55548	0	5481497	5481489
23	8	9	4	5	55656	3	55701	11	5493694	5493688
16	2	18	13	5	55716	0	55744	25	5499958	5499959
28	8	7	5	5	55476	13	55521	21	5475424	5475419
11	0	22	13	5	55700	9	55704	2	5497667	5497684
24	3	7	9	5	55496	12	55561	20	5478701	5478709
17	14	4	4	5	55656	9	55721	17	5494261	5494288
11	1	21	12	5	55540	0	55548	25	5480797	5480806
13	12	7	11	5	55720	23	55761	31	5499032	5499040
29	4	4	9	5	55536	9	55581	17	5481809	5481820
10	5	25	8	5	55600	9	55608	2	5488080	5488067
7	1	29	13	5	55700	3	55704	28	5497067	5497064
16	2	22	10	5	55636	22	55664	12	5492443	5492204
12	2	27	15	5	55700	31	55704	16	5496647	5495780
16	1	16	12	5	55516	23	55528	16	5479823	5479819
27	1	2	6	5	55516	31	55581	16	5480729	5481717
3	8	30	5	5	55700	3	55704	28	5497068	5497066
1	10	5	0	5	55560	25	55601	31	5483413	5483185
29	12	6	1	5	55556	28	55601	4	5483677	5483663
19	6	16	14	5	55616	27	55628	20	5489884	5489888
12	2	22	13	5	55620	17	55628	10	5488918	5488915
29	0	1	15	5	55576	15	55621	23	5485547	5485594
25	9	7	5	5	55676	19	55721	27	5495394	5495396
3	8	29	6	5	55720	22	55724	15	5498967	5498983
5	1	26	11	5	55520	17	55528	10	5479260	5479257
3	8	31	6	5	55620	17	55628	10	5488927	5488932
31	10	5	3	5	55596	14	55661	22	5488653	5488652
0	4	28	9	5	55540	6	55548	1	5481439	5481786
3	6	25	8	5	55580	20	55588	13	5486112	5486154
9	3	6	7	5	55640	8	55681	23	5491171	5491935
11	0	22	15	5	55680	14	55684	7	5494941	5494945
3	9	30	3	5	55580	7	55588	0	5484564	5484544
20	6	13	6	5	55696	13	55741	21	5497989	5498040
25	1	3	15	5	55716	30	55761	6	5499788	5499797
17	14	24	1	5	55896	17	55904	6	5517288	5516894
23	3	23	11	5	55816	30	55824	23	5509320	5509329
11	1	21	12	5	55760	25	55764	18	5502669	5502665
23	8	7	4	5	55856	15	55901	23	5514123	5514121
23	11	8	2	5	55836	18	55881	26	5511248	5511249
24	7	19	13	5	55836	30	55864	23	5512496	5512497
29	12	14	3	5	55956	26	56021	2	5524483	5524498
2	12	28	2	5	55820	0	55824	25	5509539	5509532
26	5	5	8	5	55776	30	55821	6	5506116	5506120
23	11	9	1	5	55856	21	55921	29	5514881	5514883
29	9	8	0	5	55956	10	56001	18	5522942	5522941
10	8	21	9	5	55740	6	55744	31	5500662	5500654
9	1	22	14	5	55920	29	55924	22	5518440	5518439
6	2	31	13	5	55920	10	55944	3	5519866	5519853
9	9	25	3	5	55940	29	55964	22	5521637	5521636
19	4	10	14	5	55876	31	55921	7	5515748	5515758
21	6	13	7	5	55956	8	56001	16	5522721	5522715
10	13	13	7	5	55780	16	55821	26	5504755	5504913
12	2	12	5	5	55840	25	55881	3	5511988	5512211
23	5	11	6	5	55736	26	55801	2	5502780	5502772
25	9	7	4	5	55736	29	55801	5	5503023	5503028
3	6	31	15	5	55840	8	55844	1	5510239	5510229
6	2	26	9	5	55940	17	55944	10	5520516	5520518
19	6	7	7	5	55736	25	55801	1	5502687	5502691
20	9	12	4	5	55816	5	55861	13	5510000	5509989
23	12	10	2	5	55816	13	55881	21	5510835	5510844
25	2	16	12	5	55756	18	55784	2	5504944	5504143
21	9	12	3	5	55776	24	55821	0	5505512	5505530
26	15	25	1	5	55796	11	55824	11	5507548	5508208
17	0	13	8	5	55876	25	55921	4	5515207	5515496
0	15	31	6	5	55820	31	55824	24	5509456	5509461
26	11	7	3	5	55776	6	55841	14	5506965	5506946
17	0	16	12	5	55876	31	55904	24	5515766	5515774
17	14	13	13	5	55776	21	55821	0	5505245	5505542
25	10	5	8	5	55916	0	55961	16	5518894	5519655
31	0	1	9	5	55736	23	55781	31	5502518	5502514
24	5	6	10	5	55776	3	55841	11	5506669	5506674
23	8	8	5	5	55796	8	55841	16	5507205	5507218
5	5	10	11	5	55720	3	55761	10	5500358	5500287
24	3	1	2	5	55916	15	55981	31	5520331	5521166
12	10	19	12	5	55740	6	55744	5	5500695	5501379
16	2	16	9	5	55736	20	55764	13	5502226	5502267
20	14	15	1	5	55756	4	55801	12	5503795	5503810
23	10	7	7	5	55816	0	55861	12	5509596	5509924
9	1	23	12	5	55760	9	55784	2	5504117	5504124
21	1	11	14	5	55936	5	56001	13	5522373	5522365
5	3	18	12	5	56000	8	56004	1	5525831	5525849
5	3	31	12	5	56120	2	56124	27	5537851	5537850
8	13	24	4	5	56120	18	56144	11	5539406	5539396
10	8	23	15	5	56020	1	56024	29	5528284	5528605
19	7	13	5	5	56216	12	56261	20	5547953	5547961
3	14	30	0	5	56080	5	56084	30	5535170	5535181
30	11	3	2	5	56096	5	56161	13	5538084	5538073
26	2	2	14	5	56096	2	56161	10	5537880	5537870
16	2	30	4	5	56156	28	56184	29	5543169	5543969
12	2	20	11	5	56000	14	56004	7	5526422	5526423
30	9	18	9	5	56016	12	56024	2	5529412	5529070
19	4	25	8	5	56136	30	56164	30	5540448	5541165
7	10	29	1	5	56040	1	56064	26	5531555	5531553
17	11	12	3	5	56076	9	56121	17	5535566	5535582
29	9	2	5	5	56156	18	56201	26	5542274	5542278
16	1	17	14	5	56216	26	56244	19	5549323	5549341
9	1	25	12	5	56020	6	56024	31	5528819	5528820
17	14	6	15	5	56136	5	56181	6	5541168	5540469
26	2	8	9	5	56096	0	56161	8	5537723	5537721
7	1	29	14	5	56180	5	56184	30	5544132	5544137
25	1	8	11	5	56036	6	56101	14	5532050	5532053
29	0	5	13	5	56156	16	56201	24	5542096	5542103
6	2	29	12	5	56060	18	56064	11	5533308	5533314
29	11	0	1	5	56196	10	56261	18	5547756	5547760
14	6	2	3	5	56040	2	56101	18	5531655	5532442
25	9	7	3	5	56056	30	56121	6	5534547	5534569
10	5	22	9	5	55980	7	56004	0	5525705	5525699
31	5	2	8	5	56176	15	56221	23	5545083	5545073
13	1	19	12	5	56480	27	56504	20	5574391	5574390
18	7	15	6	5	56236	7	56281	15	5550703	5550710
19	4	12	11	5	56296	2	56341	10	5556398	5556390
21	1	30	5	5	56376	13	56384	10	5563464	5563867
7	9	24	8	5	56340	31	56344	24	5559379	5559377
8	4	23	9	5	56500	28	56504	21	5574549	5574551
11	1	24	14	5	56340	14	56364	7	5560681	5560682
31	5	0	8	5	56256	26	56301	2	5552548	5552549
9	1	26	14	5	56320	25	56344	18	5558680	5558676
21	9	12	4	5	56236	18	56301	26	5551829	5551832
8	5	27	9	5	56320	20	56324	13	5558169	5558160
9	1	16	9	5	56360	28	56364	19	5562074	5561885
23	11	8	2	5	56336	5	56381	13	5559941	5559943
18	11	7	5	5	56436	11	56481	26	5569564	5570248
8	15	27	10	5	56280	15	56284	4	5554439	5554050
7	1	25	11	5	56380	10	56384	3	5563292	5563320
5	7	29	6	5	56420	23	56424	16	5567664	5567667
31	0	2	6	5	56276	18	56321	26	5554791	5554821
23	12	8	0	5	56336	11	56381	16	5560414	5560213
24	9	5	1	5	56416	26	56461	3	5567901	5567913
2	0	29	14	5	56340	1	56344	26	5559560	5559558
28	8	18	8	5	56376	21	56384	8	5564282	5563668
12	2	21	11	5	56280	10	56284	3	5554006	5554004
8	6	24	8	5	56280	16	56304	9	5554584	5554582
7	13	17	13	5	56300	1	56304	26	5556353	5556362
14	12	8	15	5	56320	25	56361	1	5558687	5558697
14	8	11	4	5	56340	15	56381	18	5560834	5560354
20	9	14	2	5	56236	6	56281	14	5550646	5550645
27	4	7	9	5	56376	14	56421	22	5563619	5563621
3	6	31	7	5	56260	18	56264	11	5551850	5551851
31	0	0	6	5	56336	9	56381	17	5560297	5560312
15	3	18	8	5	56420	12	56424	5	5566748	5566744
3	14	29	1	5	56440	8	56444	1	5569326	5569325
20	3	12	11	5	56456	9	56521	18	5572532	5572514
9	0	26	14	5	56440	10	56444	3	5569537	5569543
11	0	12	8	5	56460	5	56501	11	5572231	5571924
25	10	5	2	5	56336	4	56381	12	5559902	5559908
8	2	24	4	5	56280	1	56284	26	5553262	5553261
14	13	17	9	5	56380	10	56384	3	5563330	5563326
31	5	8	0	5	56356	24	56401	0	5561750	5561747
25	12	8	2	5	56456	28	56501	5	5571281	5571276
8	7	28	7	5	56340	11	56364	4	5560484	5560438
14	15	2	6	5	56440	12	56481	21	5569741	5569739
13	2	19	10	5	56400	31	56404	24	5565310	5565301
7	10	25	3	5	56400	4	56404	29	5565899	5565883
16	1	17	13	5	56316	2	56344	27	5559590	5559633
7	10	31	0	5	56640	18	56644	11	5589167	5589166
6	4	29	10	5	56520	19	56524	12	5576990	5576981
19	5	13	9	5	56536	27	56601	4	5580847	5580830
2	12	28	2	5	56700	7	56704	0	5594279	5594280
17	0	18	15	5	56536	17	56564	12	5579864	5580056
29	12	5	2	5	56656	18	56722	28	5592341	5592342
8	6	5	8	5	56520	3	56581	12	5578628	5578621
7	10	25	4	5	56720	3	56724	28	5596830	5596837
25	2	16	10	5	56696	22	56724	15	5595680	5595687
3	8	28	6	5	56520	21	56524	14	5577194	5577195
25	11	5	1	5	56636	25	56682	3	5589930	5589934
18	7	15	6	5	56656	20	56722	30	5592544	5592552
29	4	5	8	5	56736	27	56782	5	5598968	5598967
9	3	27	15	5	56560	31	56564	24	5581227	5581228
4	12	27	3	5	56680	20	56684	13	5592546	5592542
9	1	4	4	5	56760	2	56802	12	5599691	5599692
31	13	23	9	5	56556	8	56564	28	5582169	5581708
14	8	17	9	5	56500	9	56504	2	5576004	5576009
12	2	20	11	5	56540	15	56544	8	5579692	5579691
31	0	7	6	5	56516	8	56581	17	5579061	5579055
29	6	6	7	5	56676	1	56722	11	5593707	5593712
3	0	26	11	5	56680	20	56684	13	5592560	5592554
23	10	12	4	5	56536	20	56581	29	5580162	5580164
25	10	9	9	5	56596	17	56642	27	5586023	5586029
19	7	13	6	5	56696	31	56762	9	5596376	5596369
23	11	5	2	5	56536	18	56581	27	5579990	5579983
23	0	22	2	5	56576	7	56604	2	5585074	5585314
24	7	8	6	5	56596	13	56642	23	5585668	5585656
8	2	21	10	5	56500	9	56504	2	5576029	5576139
7	13	25	1	5	56560	31	56564	24	5581254	5581242
13	1	19	12	5	56500	13	56524	6	5576454	5576460
11	1	27	12	5	56760	0	56764	20	5599488	5599014
25	12	26	2	5	56676	24	56684	17	5592978	5592970
11	1	22	11	5	56580	16	56584	9	5582973	5582980
10	5	23	9	5	56640	26	56664	19	5590087	5590070
18	11	15	1	5	56616	2	56662	12	5587652	5587657
15	12	14	7	5	56560	8	56601	10	5582173	5581468
11	11	9	1	5	56560	11	56601	17	5582548	5582240
16	1	17	14	5	56596	15	56624	8	5585876	5585909
16	1	16	14	5	56616	1	56624	26	5587579	5587543
29	12	5	2	5	56656	12	56702	22	5591883	5591870
23	10	12	3	5	56696	27	56762	5	5596063	5596064
5	7	27	5	5	56540	17	56544	10	5579850	5579852
16	1	17	13	5	56516	11	56544	4	5579329	5579279
23	1	9	13	5	56816	14	56862	24	5607116	5607142
5	5	26	8	5	56800	11	56804	4	5603656	5603664
12	8	1	11	5	56960	24	57002	2	5620369	5620372
29	6	2	6	5	56836	3	56902	13	5609193	5609206
0	6	29	15	5	56760	11	56764	4	5600619	5600618
3	9	9	7	5	57000	27	57042	28	5623870	5623021
2	12	29	1	5	56780	31	56784	24	5602512	5602506
25	9	6	3	5	56776	12	56842	22	5603819	5603811
25	5	8	0	5	56836	31	56882	9	5608792	5608797
7	10	24	1	5	56780	6	56804	31	5603169	5603167
0	15	29	6	5	56820	10	56824	3	5606836	5606831
2	12	31	2	5	56840	28	56844	21	5608497	5608498
24	1	25	3	5	56896	24	56924	23	5614249	5614835
19	5	14	7	5	56916	9	56962	19	5615945	5615943
4	12	5	1	5	56780	6	56822	16	5603178	5603180
4	11	4	14	5	56900	28	56942	6	5614710	5614696
14	13	7	9	5	56760	17	56822	29	5601208	5601383
23	3	10	9	5	56816	18	56882	28	5607609	5607627
23	1	11	8	5	56876	15	56942	25	5613574	5613577
27	9	5	3	5	56956	29	57022	7	5620932	5620928
10	11	18	8	5	56760	14	56764	3	5600991	5600555
20	9	12	3	5	56796	24	56842	2	5605029	5605030
27	4	5	9	5	56856	30	56922	8	5611933	5611928
23	12	27	15	5	56996	28	57024	29	5623975	5624885
4	6	28	7	5	56860	19	56884	12	5610837	5610840
19	12	14	1	5	56836	28	56882	6	5608513	5608514
25	10	5	2	5	56856	17	56902	27	5610663	5610655
23	5	10	6	5	56916	20	56982	30	5617101	5617082
12	8	25	0	5	56800	22	56804	15	5604849	5604862
9	0	31	11	5	57000	21	57004	9	5623329	5622828
10	4	29	13	5	56800	14	56804	11	5604063	5604456
15	12	3	15	5	56800	27	56862	5	5605293	5605291
6	4	26	9	5	56940	0	56944	25	5618222	5618224
27	1	5	13	5	56816	16	56882	26	5607406	5607427
13	11	10	4	5	56800	16	56842	20	5604233	5603629
6	4	28	10	5	56840	21	56844	14	5607914	5607913
17	14	28	10	5	56816	21	56844	14	5607933	5607913
31	1	3	12	5	56976	18	57042	28	5623081	5623082
12	2	20	12	5	56820	28	56824	21	5605319	5605328
9	3	22	15	5	56860	10	56864	5	5609883	5610042
19	12	14	1	5	56836	2	56882	12	5609030	5609042
25	9	6	3	5	56976	4	57022	14	5621665	5621658
9	1	23	12	5	57220	21	57224	14	5645750	5645751
25	5	6	9	5	57156	1	57202	11	5640470	5640469
2	0	31	11	5	57100	4	57124	29	5634619	5634632
29	12	7	3	5	57216	28	57262	6	5646411	5646407
3	8	30	5	5	57040	3	57044	28	5628250	5628249
8	5	7	5	5	57060	20	57102	5	5630032	5630661
7	9	26	5	5	57080	3	57084	28	5631455	5631453
14	0	9	6	5	57120	8	57142	15	5635062	5634695
27	13	10	2	5	57016	14	57062	24	5626035	5626047
28	3	7	9	5	57156	9	57222	19	5641204	5641225
26	11	4	7	5	57236	25	57302	3	5649457	5649453
7	10	27	3	5	57040	27	57044	20	5627419	5627425
11	13	11	6	5	57060	26	57102	28	5630581	5629815
1	8	2	11	5	57240	14	57282	25	5648306	5648425
11	0	22	12	5	57120	23	57144	16	5636546	5636543
24	9	7	3	5	57076	21	57142	31	5633196	5633191
5	1	27	11	5	57120	25	57144	18	5636821	5636819
25	10	9	3	5	57136	12	57182	22	5638515	5638521
8	13	25	1	5	57220	19	57224	12	5645550	5645545
6	4	29	9	5	57240	17	57264	10	5648654	5648651
9	13	9	3	5	57260	23	57302	1	5649251	5649257
20	6	13	7	5	57116	1	57182	11	5637520	5637523
11	1	21	12	5	57100	26	57104	19	5633669	5633672
14	8	20	0	5	57120	25	57124	12	5636828	5636132
4	11	7	7	5	57240	10	57282	22	5647969	5648132
31	1	2	12	5	57176	15	57222	25	5641790	5641797
31	0	7	7	5	57176	17	57222	27	5641950	5641969
24	5	7	7	5	57236	12	57282	22	5648144	5648132
20	6	13	8	5	57016	26	57082	4	5627359	5627370
3	8	30	4	5	57160	0	57184	25	5640475	5640434
12	12	7	5	5	57200	5	57262	24	5644046	5644969
7	1	29	14	5	57140	1	57144	26	5637589	5637533
5	3	28	10	5	57220	17	57224	10	5645393	5645384
21	9	24	5	5	57016	30	57044	30	5627734	5628548
2	8	29	6	5	57100	23	57104	16	5633385	5633388
19	6	14	7	5	57436	18	57482	28	5667849	5667852
10	4	24	4	5	57340	22	57364	15	5658592	5658586
3	6	28	7	5	57460	15	57484	8	5670723	5670713
8	5	27	9	5	57400	2	57404	27	5662903	5662867
11	1	22	12	5	57500	9	57504	2	5673357	5673355
1	8	31	3	5	57280	24	57304	17	5652644	5652641
0	10	31	7	5	57300	13	57324	6	5654762	5654749
4	12	28	2	5	57280	13	57284	6	5651471	5651484
8	2	26	12	5	57400	19	57424	12	5664630	5664617
25	10	9	3	5	57276	27	57342	5	5652973	5652976
18	7	14	7	5	57356	10	57402	20	5660628	5660630
26	11	9	4	5	57456	20	57522	30	5671181	5671212
14	1	18	12	5	57300	6	57304	31	5654041	5654040
28	3	1	9	5	57336	23	57402	1	5658734	5658733
13	11	2	9	5	57280	16	57322	27	5651837	5651894
12	13	29	3	5	57380	28	57404	30	5662331	5663198
24	2	8	11	5	57316	2	57362	12	5656633	5656636
26	11	3	1	5	57356	5	57402	15	5660138	5660154
24	5	6	9	5	57416	28	57462	6	5665575	5665568
27	9	2	4	5	57496	15	57542	25	5673954	5673941
24	3	9	9	5	57256	15	57322	25	5651754	5651747
19	0	13	14	5	57396	15	57442	25	5664227	5664226
9	11	25	1	5	57440	16	57444	9	5667699	5667702
3	0	29	13	5	57500	8	57504	1	5673323	5673318
28	3	0	11	5	57276	22	57322	0	5652446	5652443
8	14	22	1	5	57480	19	57484	18	5671124	5671792
0	7	28	7	5	57480	2	57504	27	5672720	5672717
13	0	20	13	5	57420	27	57424	20	5665515	5665509
20	6	13	7	5	57256	5	57302	15	5650630	5650636
23	2	5	7	5	57476	5	57542	15	5673073	5673078
25	9	8	5	5	57376	5	57442	15	5663239	5663245
22	3	8	13	5	57376	6	57442	25	5663338	5664292
4	11	27	3	5	57460	4	57464	29	5669676	5669669
19	12	14	2	5	57356	10	57402	20	5660616	5660615
8	14	18	11	5	57580	28	57584	23	5681732	5681930
12	2	21	10	5	57600	25	57624	18	5684491	5684493
28	8	8	5	5	57656	24	57722	2	5690619	5690620
6	4	7	15	5	57540	16	57582	21	5677212	5676793
10	8	0	14	5	57600	23	57662	11	5684305	5685204
3	8	31	4	5	57620	8	57624	1	5685948	5685947
16	1	17	13	5	57596	20	57604	13	5684004	5684000
4	11	30	2	5	57520	3	57524	28	5676108	5676075
8	2	31	14	5	57580	22	57584	15	5680947	5680948
23	8	9	5	5	57636	11	57702	21	5689339	5689357
28	3	2	11	5	57536	29	57582	7	5678506	5678522
9	11	25	1	5	57640	27	57644	20	5687808	5687811
29	4	3	10	5	57696	25	57742	3	5693890	5693896
9	11	30	3	5	57560	3	57564	28	5679111	5679107
5	1	27	12	5	57680	7	57704	0	5692113	5692114
19	7	13	5	5	57536	22	57582	0	5677819	5677822
24	7	30	4	5	57596	20	57604	12	5684031	5683932
23	1	11	0	5	57676	11	57722	15	5692544	5691892
28	3	2	11	5	57716	27	57782	5	5697140	5697139
8	12	25	1	5	57600	26	57624	19	5684604	5684602
3	12	30	2	5	57660	13	57664	6	5689634	5689625
31	1	6	10	5	57516	5	57562	15	5676318	5676324
0	10	29	3	5	57580	5	57604	30	5682573	5682579
28	3	7	9	5	57616	14	57662	24	5686568	5686570
23	0	10	14	5	57696	5	57762	15	5695134	5695118
4	6	25	8	5	57720	5	57724	30	5695128	5695129
31	1	2	8	5	57696	25	57742	3	5693956	5693961
24	15	26	9	5	57516	13	57544	13	5677009	5677665
3	9	30	3	5	57560	15	57584	8	5680235	5680231
23	5	8	9	5	57536	6	57602	16	5679436	5679468
31	3	29	7	5	57636	25	57644	18	5687649	5687642
5	1	29	13	5	57560	7	57564	0	5679514	5679533
4	11	30	2	5	57620	11	57644	4	5686298	5686288
18	6	14	7	5	57576	12	57642	22	5683230	5683242
16	2	17	9	5	57636	0	57664	25	5688291	5688315
2	8	30	6	5	57520	2	57524	27	5675862	5675928
11	0	20	13	5	57640	2	57664	27	5688425	5688427
14	8	28	6	5	57680	4	57684	29	5691718	5691715
23	10	11	4	5	57896	10	57962	20	5714498	5714511
29	11	5	3	5	57916	30	57982	8	5716337	5716342
26	5	6	9	5	57956	27	58002	5	5719205	5719177
14	1	18	11	5	57860	13	57864	6	5708468	5708465
11	11	18	11	5	57860	29	57884	28	5709997	5710616
13	1	20	11	5	57880	19	57904	12	5712175	5712150
3	8	28	5	5	57780	28	57784	21	5700258	5700253
3	0	30	13	5	57820	4	57824	29	5704432	5704422
11	1	17	13	5	57860	21	57864	12	5709160	5708956
11	1	22	12	5	57900	27	57904	20	5713041	5713051
7	13	25	1	5	57960	26	57964	19	5719104	5719106
26	0	7	13	5	57896	5	57942	15	5713942	5713937
25	10	6	4	5	57956	30	58002	8	5719425	5719433
9	9	24	4	5	57800	18	57804	11	5702633	5702630
7	2	29	12	5	57820	19	57844	12	5705900	5705899
31	10	21	8	5	57996	15	58024	13	5724308	5724744
7	1	25	12	5	57860	30	57884	23	5710149	5710151
0	6	28	7	5	57960	1	57984	26	5719714	5719712
14	1	19	13	5	58000	26	58004	19	5722223	5722227
29	6	9	7	5	57956	30	58022	16	5719445	5720361
24	7	8	5	5	57996	4	58042	14	5723159	5723164
2	13	7	13	5	57820	15	57862	25	5705518	5705527
7	13	25	1	5	57840	5	57844	30	5707749	5707752
1	2	5	1	5	57840	10	57882	20	5708258	5708276
9	1	27	12	5	57820	7	57824	0	5704769	5704789
2	12	29	3	5	57960	16	57964	9	5718142	5718125
5	5	23	14	5	57960	30	57964	23	5719476	5719458
24	3	6	10	5	57776	18	57842	28	5702664	5702666
16	15	29	3	5	57936	12	57964	9	5717696	5718125
3	6	31	15	5	58020	18	58024	11	5724575	5724581
20	3	12	9	5	57916	23	57962	1	5715817	5715805
12	13	28	7	5	57800	3	57824	28	5704371	5704378
15	12	31	9	5	57980	20	58004	15	5721669	5721895
12	2	20	11	5	57960	22	57964	15	5718761	5718766
14	14	11	4	5	57960	23	58002	30	5718944	5718557
3	8	30	5	5	57840	29	57844	22	5706968	5706970
26	11	21	10	5	57956	27	57964	20	5719247	5719253
10	5	23	9	5	57980	17	57984	10	5721388	5721390
23	8	9	5	5	57756	31	57822	9	5700711	5700594
17	14	15	1	5	57836	18	57902	28	5708932	5708929
8	5	21	9	5	57920	14	57924	7	5714965	5714996
19	2	27	10	5	57936	17	57964	8	5718246	5718040
12	2	21	10	5	57780	10	57784	3	5701761	5701759
6	2	27	11	5	57880	5	57884	30	5710752	5710776
5	14	8	1	5	58020	25	58082	9	5725229	5725801
8	6	10	6	5	58080	13	58122	22	5730084	5729988
18	11	14	2	5	58076	1	58142	11	5731904	5731900
20	9	12	4	5	58136	22	58182	0	5737220	5737222
0	15	24	5	5	58060	4	58084	29	5729231	5729228
6	15	6	8	5	58060	4	58102	14	5729239	5729235
5	3	29	10	5	58180	28	58204	21	5741065	5741061
16	1	17	13	5	58076	24	58104	17	5731178	5731168
16	1	22	10	5	58196	18	58224	11	5743093	5743054
21	9	11	4	5	58256	19	58322	29	5749279	5749283
4	12	31	0	5	58040	11	58044	4	5726861	5726865
14	8	12	5	5	58160	3	58202	13	5738537	5738531
14	1	19	14	5	58220	0	58224	25	5744393	5744394
30	11	5	2	5	58256	21	58322	31	5749537	5749541
7	1	25	11	5	58220	5	58244	30	5744864	5744876
29	11	5	0	5	58156	1	58202	11	5738314	5738309
17	14	7	11	5	58196	10	58242	19	5742374	5742245
6	2	26	14	5	58040	6	58064	10	5726474	5727421
8	12	24	1	5	58200	18	58224	11	5743079	5743077
13	2	20	11	5	58260	13	58284	6	5748641	5748638
8	4	29	10	5	58020	24	58024	17	5725118	5725124
13	1	20	13	5	58120	22	58124	15	5734128	5734131
6	2	27	10	5	58220	26	58224	19	5743802	5743800
5	5	28	7	5	58040	18	58064	11	5727512	5727510
3	6	29	6	5	58220	4	58244	29	5744806	5744797
25	9	9	6	5	58036	25	58102	3	5728179	5728187
21	9	12	5	5	58056	31	58102	9	5728783	5728780
26	5	5	9	5	58076	16	58122	26	5730388	5730410
7	5	25	8	5	58180	25	58184	18	5740779	5740768
25	9	6	3	5	58116	1	58162	11	5735309	5735310
13	1	19	12	5	58020	24	58024	17	5725141	5725147
8	4	24	8	5	58040	16	58064	9	5727317	5727310
16	2	16	12	5	58096	21	58124	14	5734044	5734047
10	4	23	9	5	58060	4	58084	29	5729265	5729282
3	13	26	2	5	58120	18	58124	11	5733733	5733731
26	3	2	14	5	58076	2	58142	12	5732033	5732028
22	13	11	0	5	58096	4	58142	14	5732218	5732226
24	7	8	6	5	58216	14	58282	24	5745570	5745568
24	9	7	3	5	58256	19	58322	29	5749375	5749347
9	1	26	14	5	58100	4	58104	28	5732231	5732147
13	2	19	10	5	58180	25	58184	18	5740789	5740786
13	11	2	6	5	58240	25	58282	29	5746618	5746066
25	12	9	1	5	58076	1	58142	11	5731945	5731944
25	9	8	5	5	58176	26	58222	4	5740846	5740849
6	15	29	3	5	58280	23	58284	16	5749750	5749740
18	11	14	2	5	58136	25	58202	3	5737544	5737598
15	12	8	2	5	58060	24	58102	2	5728121	5728143
23	0	10	14	5	58116	4	58182	14	5735600	5735599
7	10	27	3	5	58200	12	58204	5	5742508	5742506
25	9	6	3	5	58036	16	58082	26	5727285	5727280
29	4	7	6	5	58456	29	58502	30	5769203	5768334
5	3	26	9	5	58320	25	58324	18	5753268	5753264
5	1	25	12	5	58340	24	58344	17	5756372	5756369
3	6	29	7	5	58500	13	58504	6	5770846	5770864
7	1	25	11	5	58500	15	58504	8	5771072	5771081
25	11	9	3	5	58516	20	58582	30	5774978	5774980
5	1	31	14	5	58300	9	58304	2	5751661	5751646
13	2	19	10	5	58400	16	58404	9	5761778	5761779
7	15	31	9	5	58460	21	58464	7	5768430	5767767
16	1	17	13	5	58416	4	58424	29	5763827	5763808
14	0	18	12	5	58520	11	58524	4	5773977	5773981
23	10	10	2	5	58296	17	58342	27	5752366	5752364
16	2	17	13	5	58396	26	58424	19	5762787	5762799
8	5	25	8	5	58300	20	58324	13	5752772	5752775
14	0	19	13	5	58400	20	58404	13	5762164	5762165
17	11	18	12	5	58356	17	58364	2	5758889	5758139
11	1	23	14	5	58320	3	58324	28	5754222	5754230
14	6	18	8	5	58380	22	58384	15	5759427	5759433
14	0	18	13	5	58380	4	58404	29	5760603	5760611
12	8	16	12	5	58420	3	58424	28	5763683	5763678
5	5	28	9	5	58460	7	58464	0	5767134	5767137
12	8	22	9	5	58400	8	58404	1	5761025	5761059
1	10	31	2	5	58460	23	58484	16	5768695	5768687
13	1	22	10	5	58480	24	58484	17	5768766	5768765
9	9	5	9	5	58420	4	58462	23	5763837	5764723
17	0	16	15	5	58396	17	58404	10	5761955	5761930
24	7	16	9	5	58436	0	58444	23	5766421	5766271
6	4	29	9	5	58400	9	58404	2	5761156	5761141
5	3	9	5	5	58420	29	58462	15	5763207	5763917
14	0	19	13	5	58420	12	58444	5	5764629	5764632
26	2	3	12	5	58316	16	58382	26	5755527	5755526
25	10	9	3	5	58396	18	58442	28	5762029	5762039
11	0	23	14	5	58280	28	58284	21	5750350	5750351
10	15	4	8	5	58320	0	58362	3	5753959	5753364
5	7	29	6	5	58380	20	58384	13	5759233	5759230
2	0	31	12	5	58420	31	58424	24	5763391	5763393
23	8	10	6	5	58276	7	58342	17	5751436	5751437
17	12	2	10	5	58436	10	58502	21	5767454	5767503
2	13	2	12	5	58340	19	58382	29	5755875	5755897
23	8	8	6	5	58356	19	58422	29	5759181	5759159
27	1	3	13	5	58436	9	58502	19	5767386	5767398
8	14	26	5	5	58300	16	58304	11	5752188	5752433
18	12	15	1	5	58376	11	58442	21	5761374	5761315
8	7	29	7	5	58600	30	58604	23	5781803	5781794
25	11	6	1	5	58556	21	58602	31	5778112	5778115
8	14	25	0	5	58620	15	58624	8	5783433	5783427
11	1	24	14	5	58560	9	58564	2	5776932	5776937
20	6	13	7	5	58696	15	58762	25	5792972	5792974
29	12	15	6	5	58776	13	58822	13	5798839	5797879
14	0	18	13	5	58760	20	58764	13	5796531	5796527
8	4	24	8	5	58780	19	58804	12	5799392	5799387
19	0	14	14	5	58616	27	58682	5	5784608	5784618
27	4	3	10	5	58716	25	58762	3	5793897	5793909
13	1	21	9	5	58560	16	58564	13	5777634	5778067
18	6	14	7	5	58696	10	58762	20	5792439	5792444
24	9	10	4	5	58576	19	58642	29	5780875	5780886
2	0	30	0	5	58620	7	58624	10	5782734	5783662
17	0	16	14	5	58656	7	58684	0	5788956	5788926
19	12	23	9	5	58756	4	58784	29	5798078	5798067
19	6	14	7	5	58676	12	58722	22	5789457	5789446
31	3	1	11	5	58536	29	58582	7	5775871	5775848
8	12	16	8	5	58600	27	58604	10	5781569	5780693
18	12	19	12	5	58656	5	58684	22	5788729	5787969
29	3	6	9	5	58616	22	58662	0	5784162	5784165
13	2	20	11	5	58560	11	58564	4	5777294	5777284
1	2	31	11	5	58700	7	58724	0	5792155	5792201
23	12	12	11	5	58596	5	58662	15	5782559	5782518
24	5	6	8	5	58656	25	58702	4	5787584	5787676
8	7	7	9	5	58580	29	58602	2	5778885	5778386
3	0	29	13	5	58700	28	58704	21	5791129	5791076
7	5	28	7	5	58720	10	58724	3	5792529	5792486
3	9	30	5	5	58740	3	58744	28	5794856	5794861
19	4	19	13	5	58656	3	58684	28	5788443	5788446
9	3	21	9	5	58900	8	58904	1	5810321	5810313
26	3	8	10	5	58876	26	58922	4	5808986	5808980
1	5	26	5	5	59020	27	59024	16	5821718	5821271
17	11	0	4	5	58816	3	58882	15	5803935	5804103
5	7	30	5	5	58880	16	58884	9	5808128	5808130
25	12	9	3	5	58796	0	58842	10	5800713	5800726
16	13	13	8	5	58956	11	59002	17	5816736	5816363
21	9	25	12	5	59036	30	59064	23	5824990	5824984
14	15	21	12	5	58960	11	58984	4	5816731	5816732
30	11	7	3	5	58816	2	58882	12	5803876	5803881
29	0	4	14	5	58876	0	58942	10	5809616	5809622
26	5	6	8	5	58956	3	59002	13	5815936	5815944
12	12	22	1	5	58940	22	58964	23	5814685	5815455
20	9	12	5	5	58896	8	58942	18	5810342	5810350
19	12	14	2	5	58956	9	59002	19	5816558	5816553
19	5	13	7	5	58996	12	59042	22	5820071	5820072
9	1	20	12	5	58800	28	58804	21	5800356	5800361
14	0	19	12	5	58920	30	58924	23	5812387	5812403
18	12	3	1	5	58836	10	58882	21	5804530	5804628
23	11	12	4	5	58896	23	58962	1	5811698	5811699
10	5	23	9	5	58860	2	58864	27	5806797	5806796
25	9	4	3	5	58796	13	58862	23	5801888	5801890
17	14	29	3	5	58916	9	58944	31	5813480	5813246
30	11	4	3	5	58796	1	58842	11	5800772	5800774
17	14	8	15	5	58916	5	58982	13	5813197	5812997
29	12	5	2	5	58916	10	58982	20	5813565	5813568
5	1	30	12	5	59040	11	59044	4	5823256	5823262
26	3	9	3	5	59036	24	59102	5	5824478	5824739
12	2	21	12	5	58940	12	58944	5	5813796	5813794
27	4	6	9	5	58876	1	58942	11	5809756	5809733
23	3	3	15	5	58896	11	58942	24	5810601	5810840
8	6	13	2	5	58820	17	58862	1	5802296	5802881
8	4	28	9	5	58960	6	58964	31	5816297	5816291
8	4	28	10	5	59040	19	59044	12	5823972	5823969
7	2	16	9	5	58920	31	58924	23	5812542	5812443
4	6	31	7	5	58940	21	58964	14	5814625	5814622
13	1	25	11	5	58900	9	58904	2	5810485	5810486
1	2	26	10	5	59000	7	59004	0	5819683	5819663
8	12	25	1	5	58820	13	58824	6	5801799	5801800
9	1	28	2	5	58820	28	58844	21	5803192	5803191
24	2	7	11	5	58916	25	58962	3	5811857	5811868
18	12	15	1	5	59156	27	59222	5	5837452	5837413
0	15	30	5	5	59260	9	59260	2	5844974	5844986
27	4	6	10	5	59276	11	59342	21	5848342	5848351
9	3	22	9	5	59160	18	59184	11	5836645	5836627
3	8	25	4	5	59260	22	59280	13	5846086	5845918
13	2	20	12	5	59080	22	59084	15	5827527	5827532
13	0	9	3	5	59220	12	59262	19	5841874	5841618
9	9	27	3	5	59080	31	59104	24	5828411	5828420
20	3	25	1	5	59136	2	59164	30	5834982	5835336
26	0	7	13	5	59196	22	59242	0	5839949	5839944
7	5	26	8	5	59080	18	59084	11	5827143	5827145
29	9	7	4	5	59256	21	59302	31	5846010	5846007
14	11	25	8	5	59080	0	59104	0	5828523	5829315
4	6	28	7	5	59260	19	59280	12	5845848	5845845
24	9	6	3	5	59216	9	59262	19	5841663	5841654
7	10	23	0	5	59160	15	59184	9	5836328	5836426
14	1	19	12	5	59300	25	59320	18	5849713	5849718
24	7	7	7	5	59056	22	59122	0	5827552	5827547
26	11	22	15	5	59216	16	59240	10	5842372	5842549
10	11	25	1	5	59080	0	59104	25	5828554	5828555
11	11	7	10	5	59220	1	59242	3	5840886	5840244
16	2	18	12	5	59076	11	59104	4	5829689	5829687
3	9	6	4	5	59080	31	59142	16	5828450	5829225
7	9	28	2	5	59180	0	59200	25	5837959	5837987
21	9	13	5	5	59056	22	59122	0	5827554	5827549
29	12	7	3	5	59176	29	59222	7	5837670	5837675
8	13	25	1	5	59080	20	59084	13	5827403	5827409
23	1	19	15	5	59116	19	59144	13	5833577	5833640
29	3	0	10	5	59156	14	59202	24	5836224	5836238
9	11	25	1	5	59220	9	59240	2	5841681	5841675
21	6	15	15	5	59056	15	59122	25	5826911	5826951
18	7	15	6	5	59136	30	59182	8	5834582	5834583
5	3	23	9	5	59080	2	59104	27	5828855	5828850
13	2	20	11	5	59120	29	59124	22	5831308	5831304
29	4	5	8	5	59196	17	59242	27	5839530	5839501
19	6	13	7	5	59196	18	59242	28	5839597	5839602
3	6	31	7	5	59160	3	59164	28	5835095	5835060
29	11	3	2	5	59196	29	59262	7	5840509	5840531
8	6	24	8	5	59380	28	59380	21	5856390	5856394
15	3	17	9	5	59540	12	59560	5	5873882	5873894
29	9	3	4	5	59456	21	59502	31	5865293	5865296
3	6	6	4	5	59420	9	59462	22	5860847	5861152
24	3	7	11	5	59476	8	59522	18	5867183	5867206
14	8	10	2	5	59380	10	59422	20	5857585	5857618
20	6	25	12	5	59296	7	59320	29	5851103	5850803
23	11	10	2	5	59416	27	59482	5	5862577	5862587
26	0	7	11	5	59496	31	59542	9	5869326	5869337
15	3	25	8	5	59380	31	59380	27	5856669	5856932
11	0	21	12	5	59360	15	59360	8	5855145	5855132
23	3	3	5	5	59396	3	59442	10	5860320	5859982
7	10	8	0	5	59300	29	59362	10	5850029	5850454
23	1	7	15	5	59336	5	59382	15	5854256	5854257
6	15	25	0	5	59520	26	59540	19	5872146	5872145
12	8	0	8	5	59500	30	59542	2	5869255	5868650
24	3	8	0	5	59336	2	59382	12	5853887	5853884
16	1	17	13	5	59376	9	59400	2	5857482	5857485
19	12	14	1	5	59376	17	59442	27	5858394	5858392
6	4	3	4	5	59460	31	59522	9	5866399	5866385
17	14	13	2	5	59296	29	59342	7	5850045	5850053
29	0	5	13	5	59396	4	59462	14	5860425	5860423
21	9	13	5	5	59416	28	59482	6	5862752	5862743
14	9	15	1	5	59320	8	59362	18	5851245	5851254
25	5	6	8	5	59376	17	59442	27	5858417	5858411
5	3	31	11	5	59500	4	59520	29	5869769	5869755
1	11	30	3	5	59320	5	59320	30	5850956	5850959
8	12	24	1	5	59440	24	59440	17	5862372	5862375
1	8	3	1	5	59520	25	59562	3	5872076	5872108
25	11	13	7	5	59496	11	59542	14	5870538	5869774
7	2	29	12	5	59340	28	59340	21	5853237	5853220
16	2	17	13	5	59296	5	59320	30	5850850	5850853
27	13	26	8	5	59516	25	59540	19	5871975	5872100
2	8	26	5	5	59580	5	59580	30	5876450	5876448
29	0	5	13	5	59656	7	59722	17	5885876	5885881
23	1	24	5	5	59596	16	59620	2	5880787	5880208
19	12	14	2	5	59796	8	59842	18	5898431	5898439
5	3	27	10	5	59560	2	59580	27	5876115	5876081
7	9	27	5	5	59640	6	59640	31	5882793	5882798
14	0	19	14	5	59740	16	59760	9	5892877	5892902
27	0	8	11	5	59656	9	59722	19	5886106	5886082
19	6	13	8	5	59736	17	59782	27	5892973	5892981
7	10	9	5	5	59640	7	59682	17	5882879	5882869
8	6	27	15	5	59660	30	59660	12	5885039	5884048
18	12	14	2	5	59576	21	59622	31	5878222	5878226
4	12	27	3	5	59760	11	59780	4	5895491	5895478
25	9	7	4	5	59556	31	59602	9	5875758	5875753
17	0	16	13	5	59596	14	59620	7	5880610	5880607
19	7	28	6	5	59696	16	59720	1	5889784	5889113
0	13	31	0	5	59580	4	59580	29	5876326	5876325
0	15	30	5	5	59660	4	59680	29	5885658	5885656
13	0	19	12	5	59700	11	59720	4	5889385	5889387
31	3	1	10	5	59716	25	59762	3	5890494	5890497
29	4	6	9	5	59616	6	59682	16	5882819	5882808
19	5	12	3	5	59756	1	59802	16	5894418	5894843
24	5	9	7	5	59756	6	59802	16	5894848	5894878
17	14	28	14	5	59636	10	59640	31	5883171	5882807
11	1	22	12	5	59760	24	59760	17	5893678	5893676
14	11	22	11	5	59800	17	59820	12	5899395	5899612
28	3	1	10	5	59716	4	59782	14	5891666	5891694
29	6	4	8	5	59756	13	59822	23	5895672	5895680
1	11	24	1	5	59580	17	59600	10	5877692	5877720
31	13	1	0	5	59616	0	59682	10	5882310	5882316
21	9	10	4	5	59716	0	59762	10	5891257	5891261
21	6	8	6	5	59716	8	59782	15	5892110	5891810
17	14	8	1	5	59716	11	59782	21	5892453	5892466
9	3	22	10	5	59640	18	59660	11	5883997	5883990
24	5	8	0	5	59796	10	59842	20	5898646	5898647
21	6	13	7	5	59796	10	59842	20	5898655	5898658
9	1	31	11	5	59800	5	59820	5	5898207	5898861
20	15	15	1	5	59616	0	59682	10	5882319	5882327
8	12	24	1	5	59640	3	59640	28	5882538	5882498
18	15	15	1	5	59716	4	59782	14	5891592	5891615
29	14	8	1	6	59976	4	60022	14	5916503	5916506
31	5	4	8	6	60016	21	60082	31	5921507	5921508
6	2	29	12	6	59920	11	59940	4	5911017	5910991
23	2	17	13	6	59876	11	59900	30	5907860	5907274
9	13	18	13	6	59900	11	59900	6	5907866	5908113
23	10	9	3	6	59856	21	59922	31	5905718	5905703
20	9	12	5	6	59956	24	60022	2	5915330	5915338
21	9	12	4	6	60016	13	60062	23	5920689	5920690
7	1	25	11	6	59900	18	59920	11	5908615	5908602
23	3	14	7	6	59816	31	59862	9	5900604	5900597
23	10	9	3	6	59936	21	59982	31	5911876	5911879
16	1	20	13	6	59976	0	60000	25	5916186	5916190
12	2	22	12	6	59860	11	59880	4	5904710	5904697
29	6	6	8	6	59816	8	59882	18	5901440	5901441
23	2	17	8	6	60036	27	60040	16	5922154	5921705
14	13	19	10	6	59960	1	59960	26	5912994	5912999
18	6	14	7	6	59876	11	59942	21	5907882	5907883
13	0	20	13	6	59840	23	59860	16	5902947	5902944
7	5	26	9	6	59880	1	59900	26	5906906	5906918
31	1	4	11	6	59876	1	59922	11	5906907	5906911
14	6	18	8	6	60040	31	60060	24	5922553	5922552
17	0	19	14	6	59856	4	59860	29	5904098	5904088
4	6	15	1	6	59840	17	59882	24	5902299	5902011
9	0	16	14	6	59840	18	59840	11	5902394	5902376
15	3	17	9	6	59880	2	59900	27	5906980	5906974
4	12	27	3	6	59980	27	59980	20	5915769	5915771
5	1	15	13	6	60060	16	60102	26	5924346	5924341
25	9	7	4	6	59976	0	60022	10	5916217	5916209
8	5	25	3	6	59820	26	59820	19	5900240	5900264
3	14	30	0	6	59880	3	59900	28	5907117	5907141
7	9	30	3	6	59940	17	59940	10	5911597	5911622
11	0	22	13	6	60040	17	60040	10	5921126	5921123
26	11	8	1	6	59996	16	60042	26	5917830	5917843
2	13	22	14	6	59900	18	59920	11	5908636	5908641
27	9	6	4	6	60056	16	60102	26	5924393	5924370
13	0	6	15	6	60040	24	60082	2	5921763	5921764
24	7	9	6	6	59996	28	60062	6	5918957	5918965
2	13	30	0	6	60200	27	60220	20	5937467	5937472
11	1	23	14	6	60220	11	60220	4	5939227	5939228
0	5	29	7	6	60120	3	60120	28	5929165	5929166
14	8	26	8	6	60160	17	60180	15	5933449	5934006
29	6	5	7	6	60076	7	60122	17	5926522	5926523
14	12	9	9	6	60180	29	60222	7	5934567	5934566
25	9	7	5	6	60276	20	60342	30	5946840	5946841
10	11	24	1	6	60120	1	60120	26	5928978	5928980
14	8	21	9	6	60120	11	60140	14	5929995	5930956
11	11	2	11	6	60220	13	60262	26	5939440	5939829
16	1	24	1	6	60096	27	60120	26	5928446	5928980
10	4	21	9	6	60240	31	60240	24	5941207	5941208
13	0	19	12	6	60300	21	60300	14	5946959	5946958
0	13	29	1	6	60100	21	60100	14	5927912	5927914
26	5	7	13	6	60076	12	60142	22	5927099	5927097
29	11	1	9	6	60156	21	60202	27	5933865	5933478
27	13	8	1	6	60256	3	60322	13	5945071	5945073
24	1	7	13	6	60296	11	60362	21	5949058	5949059
6	4	27	9	6	60080	0	60080	25	5925807	5925805
9	9	24	5	6	60100	12	60100	5	5927105	5927115
8	5	26	8	6	60300	5	60320	30	5948460	5948467
24	5	7	9	6	60096	23	60142	1	5928149	5928144
26	2	10	9	6	60136	31	60182	9	5931887	5931888
14	8	17	8	6	60140	4	60160	29	5932349	5932328
29	6	6	7	6	60076	19	60142	29	5927734	5927736
13	1	19	13	6	60180	14	60200	7	5936280	5936279
12	2	21	11	6	60220	23	60240	16	5940442	5940450
6	15	25	0	6	60120	6	60120	31	5929499	5929485
23	12	10	2	6	60296	28	60342	6	5947529	5947526
17	14	0	1	6	60136	31	60182	9	5931903	5931907
12	2	21	12	6	60300	26	60300	19	5947281	5947319
24	3	6	10	6	60096	0	60162	10	5928859	5928870
14	12	21	11	6	60540	7	60536	26	5970208	5969654
26	15	9	15	6	60496	9	60542	19	5967178	5967188
31	1	0	15	6	60536	26	60602	4	5972180	5972179
0	5	24	8	6	60520	19	60536	19	5968165	5968906
25	2	7	11	6	60456	14	60522	24	5964588	5964591
4	6	13	2	6	60380	23	60422	27	5956246	5955706
8	7	22	10	6	60560	25	60556	18	5972065	5972075
23	10	10	4	6	60316	28	60382	6	5950698	5950689
19	12	14	3	6	60396	14	60462	24	5958442	5958447
7	10	25	3	6	60400	7	60416	0	5957749	5957740
8	2	31	14	6	60560	11	60576	4	5973878	5973880
29	13	5	0	6	60416	24	60462	2	5959412	5959411
17	14	26	10	6	60496	17	60516	2	5967964	5967193
28	15	4	4	6	60376	14	60422	24	5955451	5955445
31	14	5	1	6	60536	18	60582	28	5971387	5971382
5	1	27	11	6	60500	2	60496	27	5966438	5966439
10	8	19	15	6	60520	17	60516	5	5967983	5967449
12	2	21	12	6	60340	0	60336	25	5951008	5951005
4	11	30	3	6	60400	6	60416	31	5957625	5957631
31	3	0	10	6	60336	23	60402	1	5953149	5953171
12	2	21	10	6	60360	19	60356	12	5952738	5952745
5	3	5	9	6	60360	3	60402	5	5954376	5953549
31	0	5	7	6	60456	2	60502	12	5963490	5963488
21	9	12	3	6	60416	21	60462	31	5959160	5959192
2	14	22	13	6	60340	13	60356	4	5952218	5951920
11	1	20	11	6	60380	11	60396	4	5955086	5955093
26	3	3	11	6	60316	29	60382	7	5950813	5950815
21	1	0	15	6	60356	30	60402	2	5953841	5953253
19	7	14	7	6	60496	17	60562	27	5968011	5968018
24	3	2	1	6	60376	15	60422	28	5955597	5955854
3	9	30	4	6	60440	3	60436	28	5960442	5960449
24	5	2	3	6	60556	12	60622	22	5974037	5973994
10	4	22	9	6	60540	10	60536	3	5970696	5970653
31	1	3	12	6	60576	20	60622	30	5974927	5974928
8	12	25	1	6	60380	19	60396	12	5955859	5955860
9	9	27	3	6	60400	10	60416	3	5957963	5958011
24	2	5	13	6	60336	11	60382	21	5951844	5951866
23	8	11	6	6	60476	31	60542	9	5966060	5966056
26	2	8	10	6	60676	10	60742	20	5986430	5986431
12	2	23	14	6	60640	8	60636	1	5979936	5979926
2	14	21	1	6	60680	2	60716	4	5985697	5986489
9	9	25	4	6	60820	14	60836	7	5999228	5999233
9	9	25	3	6	60600	8	60616	1	5976863	5976858
18	7	15	6	6	60776	4	60822	14	5995331	5995341
11	13	3	12	6	60720	30	60762	8	5988292	5988282
8	2	25	11	6	60600	17	60616	10	5977806	5977822
7	2	26	11	6	60800	15	60816	8	5996380	5996381
21	1	11	12	6	60596	15	60642	25	5977623	5977635
25	12	6	1	6	60776	7	60842	17	5995598	5995582
7	13	8	6	6	60720	10	60782	24	5989509	5989863
23	10	8	1	6	60676	4	60742	14	5985921	5985919
24	3	8	10	6	60736	1	60802	11	5991785	5991820
2	13	29	1	6	60680	16	60676	9	5983983	5983955
2	13	3	10	6	60720	10	60782	22	5989516	5989700
26	5	2	9	6	60596	25	60662	3	5978647	5978652
7	5	25	8	6	60620	0	60636	25	5979218	5979217
21	6	16	14	6	60696	21	60716	14	5987578	5987586
16	13	26	2	6	60756	24	60776	17	5994282	5994279
1	11	30	2	6	60760	12	60776	5	5993038	5993043
17	14	31	15	6	60736	2	60776	2	5991976	5992702
17	14	8	0	6	60796	1	60862	11	5998061	5998065
29	6	4	7	6	60596	27	60662	5	5978895	5978893
26	5	6	9	6	60616	31	60662	9	5979142	5979145
24	2	26	2	6	60716	16	60736	0	5990083	5989236
0	15	29	6	6	60740	27	60756	20	5991125	5991120
24	1	7	13	6	60656	23	60722	1	5984662	5984671
9	3	15	1	6	60700	13	60742	23	5986724	5986725
8	5	26	8	6	60760	14	60776	7	5993208	5993216
29	6	4	8	6	60616	14	60682	24	5980488	5980479
29	14	21	8	6	60696	29	60716	22	5988238	5988225
24	5	8	8	6	60736	0	60802	10	5991645	5991649
12	2	22	12	6	60740	26	60756	19	5990987	5990986
14	1	19	13	6	60820	2	60816	27	5998180	5998178
21	9	12	4	6	60656	14	60702	24	5983767	5983737
13	9	15	14	6	60580	31	60642	9	5975902	5975911
10	5	28	6	6	60680	26	60696	18	5985048	5984922
27	0	5	13	6	60636	18	60682	28	5980895	5980889
3	8	30	6	6	60680	2	60696	27	5985680	5985675
4	13	31	0	6	60700	16	60716	9	5987019	5987052
13	7	21	9	6	60760	5	60756	30	5992193	5992211
17	14	21	9	6	60756	11	60756	30	5992839	5992211
14	0	19	14	6	61040	24	61036	17	6019815	6019816
13	12	23	9	6	61000	22	60996	15	6016293	6016300
29	4	6	9	6	60856	27	60922	5	6003944	6003923
20	6	6	8	6	60896	28	60942	29	6006922	6006018
25	5	6	7	6	60956	3	61022	8	6014636	6014177
3	0	16	8	6	61080	4	61076	23	6024613	6023902
3	8	30	5	6	60840	2	60856	27	6001361	6001358
9	13	26	5	6	61080	7	61096	0	6024863	6024859
19	4	22	11	6	61016	29	61036	18	6020355	6019960
26	2	7	3	6	61036	2	61082	17	6020908	6021439
2	8	31	0	6	60840	31	60856	20	6001070	6000653
6	2	26	11	6	60980	0	60976	25	6014337	6014334
31	3	0	11	6	61036	15	61102	25	6022185	6022187
2	12	12	3	6	60880	29	60922	7	6004122	6004116
7	2	25	11	6	60960	12	60956	5	6012091	6012096
29	9	0	4	6	60896	20	60942	30	6006141	6006139
25	11	10	4	6	60956	23	61002	1	6013201	6013200
14	0	25	11	6	60860	17	60876	12	6002978	6003184
23	3	12	9	6	60896	24	60942	2	6006489	6006490
23	1	21	12	6	60836	8	60856	1	6001926	6001927
24	3	22	14	6	61016	29	61036	22	6020396	6020405
17	14	13	7	6	61056	22	61102	26	6023013	6022310
18	12	15	1	6	61056	30	61102	8	6023962	6023964
10	13	23	9	6	60940	28	60936	14	6010467	6009704
8	2	23	9	6	60960	14	60956	7	6012329	6012321
25	1	5	8	6	60976	12	61042	29	6015421	6016106
23	8	10	8	6	61056	21	61102	31	6022939	6022937
9	11	23	11	6	60920	2	60916	27	6007602	6007612
14	6	22	12	6	61020	4	61016	30	6017781	6017897
1	4	29	9	6	61040	2	61056	27	6020929	6020932
18	12	5	5	6	60896	28	60962	14	6007005	6007778
24	1	8	13	6	61056	6	61122	16	6024787	6024833
15	12	13	6	6	60980	10	61042	25	6015274	6015744
24	2	18	9	6	60836	28	60856	21	6000810	6000815
10	5	23	9	6	60900	12	60896	5	6005493	6005513
31	1	2	12	6	60956	23	61002	1	6013175	6013172
19	12	13	2	6	61116	24	61162	2	6029674	6029676
18	11	14	2	6	61296	15	61362	25	6047896	6047903
23	5	10	8	6	61316	24	61362	2	6048932	6048931
7	3	1	11	6	61100	1	61142	12	6027382	6027453
2	0	30	12	6	61100	1	61116	26	6027400	6027381
14	1	18	12	6	61240	12	61256	5	6041138	6041129
9	9	25	4	6	61300	11	61316	4	6047593	6047588
9	13	31	13	6	61120	25	61136	20	6029742	6029952
6	2	31	13	6	61180	22	61196	15	6035783	6035785
26	2	31	12	6	61236	26	61256	15	6042591	6042207
5	7	3	5	6	61160	3	61222	24	6033830	6034852
26	3	6	10	6	61096	5	61142	15	6027772	6027768
29	14	5	0	6	61076	18	61122	28	6025929	6025928
31	1	3	11	6	61116	17	61162	27	6028928	6028927
26	2	7	10	6	61116	24	61162	2	6029694	6029704
15	12	21	11	6	61080	17	61116	20	6025859	6026849
7	5	27	9	6	61320	22	61316	15	6048723	6048718
18	7	13	5	6	61236	12	61282	22	6041153	6041164
29	4	1	9	6	61316	26	61362	4	6049149	6049158
21	9	12	3	6	61176	25	61242	3	6036134	6036141
18	6	15	6	6	61256	29	61302	7	6043021	6042993
7	5	25	8	6	61100	2	61116	27	6027497	6027499
19	6	14	7	6	61276	18	61322	28	6045187	6045173
20	14	3	9	6	61296	20	61362	5	6048476	6049280
14	14	16	8	6	61120	12	61116	30	6028398	6027786
10	5	7	4	6	61140	3	61182	13	6030677	6030678
24	7	8	0	6	61196	0	61242	10	6036951	6036950
10	4	19	10	6	61160	24	61176	17	6032707	6032699
9	9	24	5	6	61220	15	61216	8	6038341	6038351
2	13	17	8	6	61300	30	61296	27	6046280	6046691
16	1	19	9	6	61096	2	61116	2	6027519	6028146
31	10	5	5	6	61096	6	61142	16	6027871	6027880
5	3	28	10	6	61180	19	61196	12	6035492	6035487
26	2	5	3	6	61096	5	61142	13	6027798	6027627
20	15	15	1	6	61136	19	61202	29	6032250	6032249
18	4	16	9	6	61256	12	61276	5	6044578	6044587
11	1	22	13	6	61240	9	61256	2	6040936	6040934
1	13	30	4	6	61240	9	61256	2	6040939	6040980
21	9	10	2	6	61116	17	61162	27	6028980	6028989
8	12	25	1	6	61160	3	61176	28	6033806	6033797
27	4	6	10	6	61216	24	61262	2	6039329	6039334
27	0	16	9	6	61516	8	61536	8	6069675	6070331
7	2	29	12	6	61440	23	61456	16	6061610	6061608
14	0	19	14	6	61500	4	61496	29	6066137	6066138
25	10	17	13	6	61316	11	61336	30	6050903	6050235
14	13	17	9	6	61400	18	61416	7	6057582	6057291
28	8	9	6	6	61456	18	61522	28	6064432	6064414
19	7	14	7	6	61496	25	61562	3	6068121	6068135
11	1	20	11	6	61420	24	61416	17	6058234	6058231
3	8	28	10	6	61460	2	61456	26	6062689	6062556
9	13	18	13	6	61480	28	61496	20	6065365	6065262
10	15	24	5	6	61500	12	61516	5	6066920	6066927
23	12	17	9	6	61416	12	61436	7	6060423	6060669
24	1	6	15	6	61456	7	61502	17	6063235	6063246
16	2	17	14	6	61416	9	61436	2	6060110	6060109
16	1	17	13	6	61556	12	61576	5	6073438	6073433
8	2	23	9	6	61400	14	61416	7	6057292	6057301
25	12	8	1	6	61396	21	61462	31	6057926	6057931
24	7	9	6	6	61496	24	61562	2	6068081	6068083
7	10	25	4	6	61440	15	61456	8	6060772	6060775
8	14	25	1	6	61460	3	61476	28	6062906	6062915
21	6	30	2	6	61436	25	61456	17	6061900	6061792
25	9	12	4	6	61476	28	61522	6	6065392	6065399
29	4	4	8	6	61496	13	61542	23	6067001	6067006
23	10	11	4	6	61556	11	61602	21	6073312	6073316
8	4	27	10	6	61340	16	61356	9	6051471	6051519
13	1	20	11	6	61540	13	61536	6	6070184	6070178
26	2	4	12	6	61516	8	61562	18	6069739	6069782
29	12	5	2	6	61396	15	61442	25	6057400	6057398
29	12	0	0	6	61556	27	61622	5	6074955	6074954
0	7	31	7	6	61380	28	61396	21	6055539	6055538
10	11	12	4	6	61400	18	61442	24	6057660	6057326
23	8	10	4	6	61356	15	61422	25	6054344	6054343
27	4	5	9	6	61456	18	61522	28	6064497	6064493
27	4	18	13	6	61476	4	61516	5	6066182	6066947
16	15	5	13	6	61516	9	61562	19	6069821	6069816
3	9	31	4	6	61500	4	61496	29	6066187	6066186
25	5	5	8	6	61376	21	61422	31	6054909	6054920
27	4	8	8	6	61336	25	61402	3	6052377	6052376
18	12	15	1	6	61316	6	61382	16	6050316	6050337
18	6	14	7	6	61436	23	61482	1	6061581	6061602
19	4	15	15	6	61596	21	61642	31	6077585	6077593
18	15	13	2	6	61596	26	61642	4	6078055	6078059
7	10	24	4	6	61660	14	61676	7	6082930	6082922
14	0	19	15	6	61820	9	61816	2	6098136	6098135
31	0	6	7	6	61576	12	61642	22	6076606	6076596
17	0	5	3	6	61616	7	61662	22	6079378	6079822
31	1	21	8	6	61676	1	61696	26	6084962	6084970
30	11	0	5	6	61796	5	61862	23	6097783	6098494
0	5	25	0	6	61600	26	61616	27	6078086	6078864
13	1	19	12	6	61700	16	61696	9	6086505	6086494
29	3	6	9	6	61576	31	61622	9	6075316	6075315
31	10	4	5	6	61756	19	61802	29	6093267	6093266
1	10	31	3	6	61660	18	61676	11	6083401	6083414
19	7	19	15	6	61596	16	61616	17	6077069	6077921
23	11	10	6	6	61616	9	61682	25	6079537	6080146
23	2	18	15	6	61716	21	61756	24	6090077	6091046
7	5	26	8	6	61620	5	61636	30	6079208	6079205
29	9	5	5	6	61736	6	61782	16	6091904	6091914
17	11	15	1	6	61776	6	61822	16	6094937	6094948
29	12	0	1	6	61796	4	61862	14	6097745	6097749
16	2	16	10	6	61636	4	61656	29	6081992	6081994
25	5	8	0	6	61776	23	61842	1	6096551	6096549
26	11	6	3	6	61656	12	61702	22	6082717	6082714
29	12	3	1	6	61696	5	61762	15	6088515	6088507
29	3	6	8	6	61796	0	61842	10	6097455	6097446
7	3	26	9	6	61640	2	61656	27	6081858	6081840
18	7	15	6	6	61756	18	61802	28	6093112	6093095
7	9	26	5	6	61720	8	61736	1	6088817	6088821
31	14	19	12	6	61656	30	61676	17	6084657	6084120
8	5	29	9	6	61580	31	61596	24	6075346	6075348
23	11	29	9	6	61576	10	61596	7	6076424	6076865
17	14	6	15	6	61616	5	61662	15	6079254	6079244
25	2	7	9	6	61776	13	61822	23	6095573	6095554
6	4	27	10	6	61620	14	61636	7	6080112	6080105
10	8	28	6	6	61800	26	61816	19	6096864	6096862
31	0	0	6	6	61636	1	61682	11	6081797	6081778
31	0	0	5	6	61636	2	61682	12	6081860	6081855
17	11	0	11	6	61816	14	61862	24	6098613	6098620
8	5	9	13	6	61600	22	61662	10	6077776	6078779
24	9	7	4	6	61676	10	61722	20	6085960	6085966
0	2	31	9	6	61680	1	61696	26	6084930	6084938
17	14	16	8	6	61696	22	61716	18	6087053	6087284
13	2	20	13	6	61840	30	61836	23	6100365	6100359
8	13	24	1	6	61880	4	61876	29	6104163	6104158
9	1	23	12	6	62040	13	62056	6	6121094	6121100
17	12	15	1	6	61996	5	62042	15	6117207	6117191
23	8	7	4	6	62056	8	62122	18	6123629	6123630
6	4	27	9	6	61880	5	61876	30	6104267	6104264
25	1	24	5	6	61896	2	61916	26	6107363	6107221
19	6	4	5	6	62016	23	62062	5	6118935	6119372
1	2	29	10	6	61900	0	61916	25	6107077	6107098
3	9	31	4	6	61920	19	61936	12	6108886	6108883
25	11	9	3	6	61976	19	62022	29	6115391	6115385
11	1	21	12	6	61880	10	61896	3	6104765	6104773
11	0	23	15	6	62040	12	62056	5	6121033	6121023
23	3	10	11	6	61896	14	61962	31	6108473	6109063
16	2	16	10	6	62056	30	62076	23	6122762	6122742
9	14	24	4	6	61880	16	61896	11	6105323	6105501
0	15	28	5	6	61960	28	61976	21	6113240	6113246
19	6	13	7	6	61856	29	61902	7	6103410	6103415
25	11	4	8	6	62036	10	62082	27	6120849	6121415
9	11	24	1	6	61860	24	61876	17	6102883	6102873
5	3	26	10	6	61900	1	61916	26	6107243	6107239
18	11	16	9	6	61916	22	61936	8	6109136	6108569
23	11	31	6	6	62016	0	62036	25	6119859	6119852
4	6	28	7	6	61840	28	61836	21	6100171	6100167
9	13	15	1	6	61860	19	61902	29	6102355	6102366
17	12	15	1	6	61836	19	61902	29	6102357	6102366
18	7	14	7	6	62016	3	62082	13	6120151	6120146
0	5	0	6	6	61882	5	61882	5	6100054	6100062
7	2	29	13	6	62080	14	62076	7	6124262	6124264
18	6	3	5	6	61936	15	61982	23	6111865	6111687
31	1	2	13	6	61976	18	62022	28	6115298	6115258
5	7	29	6	6	62000	3	62016	28	6117037	6117026
24	9	7	5	6	62036	9	62082	19	6120783	6120782
2	0	20	12	6	61860	21	61876	14	6102561	6102584
4	6	29	7	6	61920	18	61936	11	6108822	6108824
5	7	28	6	6	61860	13	61856	6	6101910	6101921
10	11	14	3	6	61900	27	61942	0	6106608	6106010
6	4	27	9	6	61920	15	61936	8	6108576	6108574
25	9	29	12	6	62056	3	62076	28	6123254	6123256
6	4	26	10	6	62000	11	62016	4	6117845	6117892
18	7	15	6	6	61916	2	61982	12	6110573	6110575
16	2	18	12	6	62036	22	62056	6	6122031	6121145
24	7	9	7	6	62016	2	62082	12	6120020	6120060
8	5	26	10	6	61960	21	61956	14	6112480	6112482
23	11	6	7	6	61836	8	61882	17	6101382	6101286
23	10	10	4	6	61896	2	61942	12	6107333	6107334
12	11	6	7	6	62180	13	62222	23	6134137	6134139
29	3	2	10	6	62156	0	62202	10	6132816	6132815
19	7	13	6	6	62076	24	62122	2	6125438	6125432
10	5	24	8	6	62100	1	62096	26	6126424	6126434
3	8	30	3	6	62220	5	62236	30	6139633	6139630
11	11	24	1	6	62280	27	62296	20	6144927	6144929
31	0	5	8	6	62096	22	62162	0	6128561	6128573
19	6	13	7	6	62096	23	62162	1	6128691	6128684
4	12	28	2	6	62220	23	62216	16	6138276	6138277
25	9	7	4	6	62076	30	62142	8	6126126	6126127
23	5	11	9	6	62296	31	62362	9	6148492	6148487
10	5	23	9	6	62280	1	62296	26	6145625	6145622
18	6	15	15	6	62176	26	62222	4	6135353	6135348
5	3	26	11	6	62160	30	62156	23	6132691	6132680
21	9	12	5	6	62236	2	62302	12	6142413	6142407
2	0	30	13	6	62320	28	62316	21	6148173	6148183
8	5	25	8	6	62180	31	62196	24	6135956	6135954
18	15	28	10	6	62116	10	62156	8	6130757	6131204
25	9	8	5	6	62176	29	62222	7	6135743	6135742
17	14	6	15	6	62196	19	62262	29	6137900	6137906
7	2	23	9	6	62200	2	62196	27	6136285	6136290
8	4	26	11	6	62220	0	62236	25	6139147	6139158
10	11	25	0	6	62160	5	62176	30	6133354	6133350
27	13	6	1	6	62176	27	62222	5	6135515	6135513
14	0	19	13	6	62080	25	62096	18	6125548	6125490
18	6	0	4	6	62216	3	62262	13	6139395	6139396
24	7	8	0	6	62276	31	62322	9	6145382	6145343
26	5	4	9	6	62476	11	62542	21	6165901	6165896
1	2	23	11	6	62440	28	62456	27	6161289	6161943
21	9	13	6	6	62496	3	62562	9	6168179	6167842
8	4	25	8	6	62480	4	62496	29	6165187	6165177
9	9	4	11	6	62500	22	62542	27	6167055	6166553
25	9	7	13	6	62536	3	62582	13	6171358	6171364
10	5	13	5	6	62440	24	62482	25	6160887	6160105
2	0	29	12	6	62520	11	62536	4	6168876	6168865
19	12	16	8	6	62356	20	62376	13	6154043	6154046
12	2	21	11	6	62420	15	62436	8	6160108	6160115
23	11	9	3	6	62536	9	62602	19	6171873	6171867
17	0	16	15	6	62376	30	62396	23	6154982	6154991
13	1	22	15	6	62360	1	62356	26	6151945	6151951
26	3	7	11	6	62516	14	62562	24	6169195	6169196
9	9	24	4	6	62420	30	62416	23	6158336	6158358
5	1	19	9	6	62440	20	62436	13	6160547	6160553
31	1	2	9	6	62476	18	62542	1	6166663	6167140
14	1	19	13	6	62580	6	62596	31	6174938	6174942
18	6	31	15	6	62336	3	62356	25	6152123	6151914
18	11	5	13	6	62356	22	62422	3	6154325	6154529
29	13	6	1	6	62376	30	62422	8	6155004	6155008
23	10	12	4	6	62416	14	62462	24	6160026	6160041
17	14	21	11	6	62476	10	62496	27	6165829	6165009
4	13	26	2	6	62360	17	62376	10	6153802	6153793
10	4	22	9	6	62460	13	62476	6	6162991	6162994
4	13	31	7	6	62400	14	62416	8	6156749	6156857
11	0	22	12	6	62560	24	62576	17	6173618	6173616
5	15	1	2	6	62440	2	62482	12	6162006	6162000
26	5	6	9	6	62396	28	62462	6	6158186	6158190
14	6	23	14	6	62380	1	62396	31	6155329	6155913
5	7	28	7	6	62520	1	62516	26	6168094	6168055
10	13	13	9	6	62540	7	62582	7	6171735	6170760
24	9	7	3	6	62376	30	62422	8	6154883	6154886
24	3	8	10	6	62556	21	62602	31	6173218	6173175
12	2	21	11	6	62620	16	62636	9	6179109	6179114
13	1	19	10	6	62780	17	62796	10	6195196	6195193
27	4	6	9	6	62596	1	62642	11	6177638	6177656
8	13	25	1	6	62600	3	62616	28	6177873	6177880
9	1	26	15	6	62640	8	62656	1	6181430	6181420
21	6	13	6	6	62576	22	62642	0	6176538	6176536
29	9	3	4	6	62796	11	62862	21	6197730	6197733
8	13	25	1	6	62600	26	62616	19	6176963	6176938
10	13	13	2	6	62720	12	62762	30	6188157	6188959
7	2	19	13	6	62760	20	62756	2	6192078	6191075
31	0	2	6	6	62756	26	62802	4	6192747	6192756
15	3	17	9	6	62640	5	62656	30	6181134	6181140
0	10	31	4	6	62680	12	62696	5	6184995	6184994
14	8	25	12	6	62720	12	62716	2	6188171	6187774
12	8	9	1	6	62740	7	62782	17	6190869	6190867
17	11	7	13	6	62656	7	62722	17	6184526	6184515
5	7	30	5	6	62680	2	62676	27	6184046	6184041
13	14	9	3	6	62720	11	62742	11	6187989	6187109
19	5	25	3	6	62636	4	62656	29	6181073	6181081
8	6	24	8	6	62680	18	62696	11	6185626	6185625
12	13	4	8	6	62780	12	62822	28	6194641	6195323
16	1	17	14	6	62616	21	62636	14	6179647	6179636
29	0	2	14	6	62636	17	62702	27	6182309	6182304
24	3	11	9	6	62796	14	62862	24	6198136	6198128
13	0	4	8	6	62580	10	62642	25	6175397	6175935
6	4	28	9	6	62720	11	62716	4	6188016	6188018
25	1	4	12	6	62816	25	62862	3	6199254	6199252
6	15	25	0	6	62700	5	62716	30	6187552	6187526
19	12	14	2	6	62816	20	62862	30	6198839	6198845
12	2	22	11	6	62600	24	62616	17	6176780	6176808
19	6	14	7	6	62636	6	62682	16	6181269	6181270
31	5	4	8	6	62676	13	62722	23	6185152	6185216
17	0	16	13	6	62596	2	62616	27	6177849	6177830
20	15	14	2	6	62616	30	62682	8	6180569	6180530
21	9	10	2	6	62716	25	62762	3	6189525	6189522
27	4	1	10	6	62756	9	62822	19	6194350	6194359
10	11	25	0	6	62660	21	62676	14	6182685	6182699
27	4	5	9	6	62676	22	62742	0	6185969	6186030
28	3	3	10	6	62796	11	62862	21	6197725	6197722
10	4	22	9	6	62940	19	62956	12	6211063	6211057
2	0	30	12	6	63080	29	63096	22	6224126	6224119
17	14	26	15	6	62836	27	62856	14	6202402	6201829
8	12	25	0	6	62940	17	62956	10	6210780	6210791
18	6	7	7	6	63036	31	63102	9	6221403	6221405
2	13	30	0	6	62900	9	62916	2	6207094	6207065
8	7	26	10	6	62960	4	62976	0	6212680	6212947
24	5	19	1	6	63036	26	63076	28	6220967	6221757
13	0	19	13	6	62900	0	62896	25	6206224	6206217
2	14	31	0	6	63000	9	63016	2	6216249	6216246
27	0	8	5	6	62956	4	63002	14	6212686	6212683
12	10	27	15	6	62860	5	62876	31	6203422	6203561
13	1	20	12	6	62900	31	62896	24	6206146	6206152
7	13	25	1	6	63020	0	63036	25	6218331	6218335
2	13	25	3	6	62840	19	62856	12	6201696	6201693
8	2	26	11	6	62900	5	62916	30	6206651	6206643
23	0	7	15	6	62856	5	62902	15	6203431	6203436
19	6	14	7	6	62936	19	62982	29	6211075	6211081
19	6	14	7	6	63076	28	63122	6	6224075	6224081
8	7	28	6	6	62840	4	62836	29	6200352	6200362
27	4	3	9	6	62856	14	62922	24	6204264	6204258
12	12	31	4	6	62840	5	62856	4	6200442	6201002
7	10	16	12	6	62880	8	62876	2	6203737	6203812
18	4	15	10	6	63016	8	63082	18	6219197	6219179
28	8	19	12	6	63016	11	63036	4	6219539	6219547
21	6	10	8	6	63036	2	63102	12	6221676	6221685
8	2	26	12	6	62980	23	62996	16	6214481	6214480
1	2	28	10	6	63000	16	63016	9	6216908	6216880
17	14	26	8	6	62976	22	62976	6	6214398	6213495
25	11	5	2	6	62996	26	63062	4	6217791	6217793
10	5	23	9	6	62860	22	62856	15	6201946	6201948
7	13	31	0	6	62960	29	62976	31	6212058	6212882
22	13	6	8	6	62856	11	62922	31	6204042	6204967
23	2	10	11	6	62996	9	63042	19	6216297	6216302
7	5	25	13	6	62860	6	62876	31	6203605	6203598
20	3	28	6	6	62996	17	63016	9	6217004	6216914
13	1	24	14	6	62980	12	62976	26	6213445	6212490
12	2	13	7	6	63020	25	63062	0	6217734	6217443
25	12	9	1	6	63016	1	63062	11	6218507	6218503
12	10	9	7	6	62980	28	63022	1	6214898	6214523
20	14	10	2	6	62876	26	62922	4	6205587	6205591
23	1	7	15	6	63016	11	63082	21	6219585	6219584
23	12	2	1	6	62996	13	63042	23	6216593	6216591
18	11	15	1	6	63236	5	63302	15	6241075	6241069
9	11	18	9	6	63200	9	63196	31	6234989	6234754
16	15	24	8	6	63176	29	63176	17	6233965	6233506
19	5	13	8	6	63176	9	63242	19	6234979	6234985
17	14	22	11	6	63256	18	63276	13	6242501	6242684
29	9	7	4	6	63136	5	63202	15	6231457	6231446
29	3	3	9	6	63236	10	63302	20	6241660	6241663
24	9	9	4	6	63296	21	63342	31	6245894	6245904
5	1	27	12	6	63240	18	63236	11	6239235	6239223
7	5	26	8	6	63180	24	63176	17	6233517	6233520
14	0	19	13	6	63340	20	63336	13	6248944	6248941
16	2	18	13	6	63296	29	63316	22	6246758	6246779
9	1	22	12	6	63240	22	63236	15	6239670	6239675
7	13	25	1	6	63320	4	63316	29	6247473	6247478
25	9	9	4	6	63116	10	63162	20	6228683	6228690
18	7	15	6	6	63256	27	63322	5	6243268	6243271
11	7	22	10	6	63220	13	63236	31	6238683	6237835
20	6	13	7	6	63136	1	63202	11	6231020	6231029
23	3	10	9	6	63136	6	63202	16	6231594	6231588
20	14	13	7	6	63196	17	63242	26	6235711	6235640
9	14	16	9	6	63240	30	63256	23	6240465	6240471
3	13	31	0	6	63200	15	63216	8	6235556	6235551
25	15	1	13	6	63156	8	63202	18	6231765	6231773
4	13	25	1	6	63220	1	63216	26	6237261	6237276
11	0	8	6	6	63300	24	63342	1	6246257	6246153
21	9	13	5	6	63156	26	63222	4	6233721	6233723
2	14	25	3	6	63280	26	63276	12	6243192	6242651
26	3	7	10	6	63116	10	63162	20	6228723	6228718
29	4	29	6	6	63276	0	63296	25	6243869	6243863
20	15	2	11	6	63276	5	63322	13	6244319	6244088
29	4	5	9	6	63296	21	63342	31	6245948	6245950
4	11	16	9	6	63160	12	63156	31	6232232	6231610
8	14	25	0	6	63240	3	63256	28	6240911	6240913
7	9	30	2	6	63280	26	63276	19	6243194	6243190
19	5	13	13	6	63276	11	63342	21	6244974	6244950
2	8	9	1	6	63340	25	63382	3	6249441	6249439
4	12	12	5	6	63220	29	63242	30	6236870	6235955
30	13	5	1	6	63156	11	63202	21	6232063	6232057
16	1	17	13	6	63256	22	63276	15	6242778	6242781
25	11	11	4	6	63416	23	63482	1	6258759	6258747
3	13	31	0	6	63500	24	63496	17	6264861	6264856
23	2	16	14	6	63436	8	63456	31	6260490	6260289
28	3	2	9	6	63456	3	63522	13	6262952	6262942
20	6	21	4	6	63556	6	63576	26	6272513	6271982
3	14	28	9	6	63360	27	63376	20	6252599	6252610
25	9	10	4	6	63476	18	63522	28	6264345	6264350
7	5	29	7	6	63400	30	63416	23	6256046	6256045
14	1	19	12	6	63540	31	63536	24	6268724	6268707
25	2	22	13	6	63496	3	63516	27	6265966	6265864
11	0	23	14	6	63480	2	63476	27	6262872	6262871
1	13	27	3	6	63520	23	63536	16	6267873	6267863
7	5	26	9	6	63420	17	63436	10	6258092	6258097
23	8	9	4	6	63536	6	63582	16	6269409	6269406
13	1	26	10	6	63340	7	63356	28	6250717	6250345
13	9	26	8	6	63540	28	63536	21	6268457	6268450
14	1	19	13	6	63400	23	63416	16	6255422	6255418
30	13	5	1	6	63336	13	63402	23	6251379	6251374
26	2	3	12	6	63436	15	63502	25	6261170	6261160
11	0	6	15	6	63400	21	63442	31	6255291	6255281
10	11	5	8	6	63360	8	63402	24	6250862	6251559
12	2	22	11	6	63540	11	63556	4	6269835	6269836
19	4	24	8	6	63516	25	63536	26	6268198	6269023
0	4	31	15	6	63420	15	63436	8	6257905	6257896
28	8	9	6	6	63356	27	63422	5	6252690	6252638
20	14	13	1	6	63516	18	63562	28	6267433	6267469
6	4	28	9	6	63360	10	63356	3	6251059	6251046
5	3	27	10	6	63440	2	63456	27	6259878	6259876
15	3	18	11	6	63580	15	63596	8	6273576	6273574
31	13	25	11	6	63416	19	63436	4	6258352	6257481
28	3	6	9	6	63416	28	63482	6	6259244	6259243
18	7	15	6	6	63536	7	63582	17	6269557	6269558
13	0	19	13	6	63560	17	63556	10	6270395	6270431
26	2	7	11	6	63436	2	63482	12	6259790	6259785
7	9	25	3	6	63760	6	63776	31	6291215	6291224
27	9	5	3	6	63712	30	63762	8	6287287	6287307
31	1	1	11	6	63812	8	63882	18	6298067	6298074
14	15	31	6	6	63680	22	63696	23	6283287	6284060
5	3	29	9	6	63740	6	63736	31	6288131	6288114
29	0	9	7	6	63652	27	63702	5	6280597	6280595
14	0	19	13	6	63780	25	63796	18	6293109	6293111
5	1	29	12	6	63720	17	63716	10	6285849	6285853
18	11	16	9	6	63612	20	63636	14	6276937	6277020
25	5	3	4	6	63692	18	63762	28	6285926	6285910
7	10	24	8	6	63620	20	63636	21	6276961	6277697
0	5	31	15	6	63620	29	63636	22	6277819	6277823
8	15	24	15	6	63720	26	63716	11	6286861	6285942
21	9	11	4	6	63732	14	63782	24	6289008	6289024
10	5	27	15	6	63720	31	63736	22	6287431	6287203
10	8	26	2	6	63620	13	63616	7	6276237	6276367
6	4	26	9	6	63740	7	63736	0	6288230	6288234
6	4	26	9	6	63800	18	63816	11	6295703	6295709
20	9	14	3	6	63812	28	63862	6	6296797	6296800
23	8	9	6	6	63812	9	63882	19	6298182	6298188
12	2	22	13	6	63740	5	63736	30	6288083	6288085
12	13	11	0	6	63840	12	63882	19	6298456	6298195
26	3	5	1	6	63732	14	63782	24	6289037	6289031
25	11	6	1	6	63596	4	63642	14	6275496	6275487
23	11	10	2	6	63772	20	63822	30	6292671	6292678
23	5	7	9	6	63812	25	63862	3	6296402	6296392
1	4	20	13	6	63700	30	63696	20	6284155	6283796
11	0	22	14	6	63760	26	63756	19	6290220	6290181
6	2	12	4	6	63820	23	63862	1	6296199	6296198
26	11	9	3	6	63712	22	63762	0	6286575	6286583
19	4	8	1	6	63752	31	63802	14	6290726	6291108
3	9	14	2	6	63640	16	63682	23	6279625	6279369
14	13	25	1	6	63700	13	63716	6	6285527	6285532
19	7	14	7	6	63612	21	63662	31	6277062	6277052
20	6	13	7	6	63612	3	63682	13	6278569	6278572
14	6	26	2	6	63720	20	63716	13	6286293	6286290
13	1	20	12	6	63840	22	63856	15	6299635	6299647
25	12	3	4	6	63652	30	63702	8	6280822	6280847
25	11	9	3	6	63912	31	63962	9	6306813	6306821
28	8	7	5	6	64032	7	64102	17	6320663	6320672
6	4	28	9	6	63920	5	63936	30	6307506	6307508
10	8	12	8	6	64080	4	64122	4	6323311	6322328
16	1	20	11	6	63932	29	63956	19	6310076	6309793
27	0	7	13	6	63972	26	64022	4	6313132	6313120
13	2	23	14	6	63940	12	63936	5	6308384	6308393
0	4	31	9	6	64000	18	64016	11	6315455	6315459
19	7	14	7	6	64072	6	64122	16	6323545	6323540
15	3	18	7	6	63860	15	63876	7	6302171	6302070
7	2	27	12	6	63880	1	63896	26	6303844	6303842
9	9	24	5	6	63900	5	63896	30	6304208	6304216
6	4	28	10	6	64040	16	64036	9	6318289	6318273
16	1	17	13	6	63952	7	63976	0	6311007	6311010
28	8	21	8	6	63952	18	63976	4	6312307	6311363
13	0	20	13	6	64060	9	64056	2	6320878	6320870
19	2	13	13	6	63972	8	64042	18	6314493	6314488
31	5	0	8	6	64032	7	64102	17	6320699	6320701
7	2	31	6	6	64020	1	64016	26	6316981	6316980
23	3	22	14	6	64012	16	64036	10	6318297	6318400
4	11	26	2	6	64080	7	64096	0	6323628	6323622
18	6	5	5	6	63932	3	64002	13	6310640	6310638
19	5	14	7	6	63872	21	63922	31	6302804	6302792
29	11	3	2	6	63972	6	64022	16	6314306	6314307
19	6	13	7	6	63992	29	64062	7	6316560	6316564
12	10	5	7	6	63860	5	63902	7	6301202	6300393
0	6	27	3	6	63860	8	63876	2	6301524	6301623
17	14	7	3	6	63892	19	63942	23	6305688	6305045
27	4	3	9	6	63972	3	64022	13	6314014	6314033
7	2	26	11	6	64060	20	64076	13	6321873	6321871
14	1	19	13	6	64000	18	64016	11	6315515	6315509
7	13	8	15	6	64040	17	64082	2	6318424	6319150
27	4	0	10	6	64032	6	64102	16	6320634	6320628
4	0	27	11	6	63860	29	63856	22	6300315	6300341
19	7	14	7	6	63912	28	63962	6	6306446	6306449
20	14	16	8	6	63932	25	63956	20	6309647	6309853
31	10	7	5	6	64172	7	64222	17	6333408	6333406
8	13	24	1	6	64300	29	64316	22	6345410	6345393
31	1	15	14	6	64172	6	64222	6	6333208	6332293
27	0	7	13	6	64272	15	64322	26	6343899	6343900
7	10	8	9	6	64100	30	64142	8	6326060	6326063
29	3	1	12	6	64112	18	64162	18	6328058	6327122
24	9	11	4	6	64292	1	64342	12	6345827	6345841
4	6	24	8	6	64220	13	64236	6	6337296	6337290
13	2	20	12	6	64220	23	64236	16	6338325	6338323
8	2	26	11	6	64300	26	64296	19	6345107	6345093
19	12	15	1	6	64212	18	64262	28	6337774	6337775
27	4	8	5	6	64272	20	64342	31	6344442	6344450
9	3	22	9	6	64120	3	64116	28	6326627	6326629
14	9	2	4	6	64180	8	64222	18	6333505	6333506
11	1	23	14	6	64260	12	64256	5	6340575	6340570
9	9	28	14	6	64200	21	64216	19	6334790	6335186
1	10	30	4	6	64240	31	64256	24	6339143	6339146
7	1	25	12	6	64320	15	64336	8	6347311	6347321
24	7	7	6	6	64112	20	64182	30	6328304	6328302
29	11	5	3	6	64132	25	64182	3	6328765	6328763
2	13	20	0	6	64160	16	64176	12	6331197	6331487
6	4	29	10	6	64200	31	64216	24	6335862	6335828
20	14	14	2	6	64232	13	64302	23	6340638	6340639
23	8	9	4	6	64292	0	64342	11	6345737	6345752
9	1	10	6	6	64120	15	64182	1	6327864	6328615
8	5	20	11	6	64140	23	64136	16	6328601	6328600
8	5	27	9	6	64220	14	64236	7	6337418	6337424
6	2	29	12	6	64260	17	64256	10	6341045	6341040
16	2	17	14	6	64212	11	64236	4	6337129	6337130
29	13	14	13	6	64292	25	64342	0	6345050	6344590
0	10	24	15	6	64160	14	64176	15	6331011	6331719
23	12	9	1	6	64132	3	64182	13	6329906	6329903
10	5	24	8	6	64200	28	64216	21	6335430	6335431
12	8	8	8	6	64240	8	64282	18	6340131	6340153
11	0	22	12	6	64320	13	64316	6	6347102	6347103
19	5	25	8	6	64212	15	64236	6	6337553	6337340
10	4	22	10	6	64120	2	64116	27	6326474	6326456
30	11	5	3	6	64252	26	64302	4	6341798	6341800
2	13	16	10	6	64540	19	64556	12	6369601	6369600
18	12	15	1	6	64412	0	64482	11	6358336	6358332
29	13	2	5	6	64412	3	64482	18	6358587	6359013
1	13	29	1	6	64360	17	64356	10	6350663	6350671
25	11	8	2	6	64472	17	64522	28	6363225	6363229
28	3	1	11	6	64432	8	64482	19	6359137	6359132
23	0	1	10	6	64572	19	64622	30	6372758	6372752
14	1	19	13	6	64400	11	64416	4	6356273	6356279
25	11	3	1	6	64392	7	64442	18	6355900	6355904
8	6	25	8	6	64540	23	64556	16	6369967	6369964
24	7	8	0	6	64372	10	64422	21	6353125	6353117
17	0	16	13	6	64412	20	64436	13	6357157	6357162
22	13	10	2	6	64452	30	64502	9	6361416	6361409
13	2	21	11	6	64520	1	64536	26	6367805	6367814
5	3	25	8	6	64600	2	64596	27	6374250	6374255
6	4	27	9	6	64500	12	64516	5	6365851	6365842
8	12	0	4	6	64360	1	64402	6	6352248	6351618
25	10	8	2	6	64512	3	64582	14	6368056	6368068
19	6	13	8	6	64452	31	64502	10	6361498	6361496
7	2	26	10	6	64480	11	64476	4	6362734	6362729
0	13	30	0	6	64560	5	64576	30	6371433	6371431
12	8	24	1	6	64420	14	64416	8	6356624	6356703
9	9	26	2	6	64500	15	64516	8	6366099	6366097
14	0	19	13	6	64520	31	64536	24	6367625	6367623
24	7	5	7	6	64432	11	64482	22	6359484	6359488
25	9	9	4	6	64532	18	64582	29	6369588	6369566
5	5	31	15	6	64440	12	64456	5	6359586	6359580
21	9	13	5	6	64492	8	64542	19	6365475	6365483
3	0	27	11	6	64460	0	64476	25	6361667	6361659
16	2	21	9	6	64352	26	64376	20	6351596	6351712
23	5	9	7	6	64392	8	64442	19	6356032	6356056
13	1	20	12	6	64360	31	64376	24	6351973	6351975
6	4	27	9	6	64400	5	64416	30	6355654	6355656
0	7	31	7	6	64540	10	64536	3	6368687	6368667
19	7	15	6	6	64532	12	64582	23	6368882	6368883
31	3	6	8	6	64532	16	64582	27	6369260	6369251
23	11	10	2	6	64572	25	64622	4	6373337	6373316
31	3	0	10	6	64652	14	64722	25	6381469	6381472
20	9	13	5	6	64792	29	64862	8	6395121	6395122
10	4	21	8	6	64600	16	64616	9	6375542	6375543
5	1	27	12	6	64620	23	64616	16	6376211	6376207
7	1	19	1	6	64680	16	64676	2	6381680	6381024
11	0	21	11	6	64680	21	64676	14	6382151	6382143
12	2	21	12	6	64680	3	64696	28	6383577	6383568
14	9	12	5	6	64740	21	64782	8	6388256	6389183
15	3	6	8	6	64800	26	64842	30	6394739	6394158
18	7	15	6	6	64632	23	64682	2	6379340	6379346
24	2	8	5	6	64652	11	64722	31	6381233	6382042
26	11	8	2	6	64712	4	64762	15	6386651	6386660
26	3	7	11	6	64732	20	64782	31	6388160	6388159
8	4	27	9	6	64680	24	64696	17	6382465	6382458
25	12	8	2	6	64692	20	64742	31	6385213	6385230
17	14	23	12	6	64712	28	64716	21	6386008	6386012
25	10	8	2	6	64772	10	64842	21	6393341	6393347
7	13	24	1	6	64600	11	64616	4	6375117	6375116
18	12	5	3	6	64612	27	64662	6	6376589	6376594
12	2	22	12	6	64740	17	64736	10	6387781	6387777
7	10	25	3	6	64840	25	64856	18	6397969	6397971
18	7	15	6	6	64712	29	64762	8	6386108	6386120
10	5	28	10	6	64660	28	64676	30	6379815	6380686
8	7	28	6	6	64720	31	64736	24	6386290	6386298
26	2	7	10	6	64632	24	64682	3	6379489	6379495
21	6	7	6	6	64712	0	64762	11	6386368	6386369
19	6	5	5	6	64712	1	64762	19	6386450	6387000
9	0	22	11	6	64700	16	64716	9	6384894	6384872
21	9	11	4	6	64772	3	64822	14	6392616	6392611
11	0	22	14	6	64800	23	64816	16	6394536	6394545
16	1	18	13	6	64652	19	64676	12	6381978	6381989
17	14	25	4	6	64712	29	64716	19	6386125	6385823
8	7	28	6	6	64620	6	64636	31	6377778	6377759
5	14	25	1	6	64800	27	64816	20	6394892	6394895
5	7	27	5	6	64860	5	64856	30	6399214	6399216
23	8	11	6	6	64672	20	64722	31	6382097	6382105
29	9	2	4	6	64812	12	64862	23	6396749	6396744
19	12	14	1	6	64612	2	64662	13	6377419	6377414
13	12	25	8	6	64680	2	64696	20	6383511	6382818
10	5	24	8	6	64840	2	64856	27	6398926	6398925
20	6	31	7	6	64592	14	64616	16	6375412	6376248
29	11	2	1	6	64592	19	64662	30	6375839	6375841
20	9	13	5	6	64652	11	64702	22	6381284	6381283
25	10	6	3	6	64812	1	64862	12	6395601	6395606
21	9	12	4	6	64812	4	64862	15	6395947	6395955
26	2	17	9	6	64832	27	64856	22	6398174	6398327
6	4	25	8	6	64680	21	64676	14	6382203	6382201
25	5	5	9	6	64712	31	64762	10	6386324	6386323
0	10	31	3	6	64680	31	64696	24	6383215	6383200
11	0	22	13	6	64760	15	64776	8	6390857	6390895
26	2	7	11	6	64892	29	64942	8	6404741	6404740
17	0	16	13	6	64992	22	64996	15	6413469	6413474
14	15	8	0	6	65060	15	65102	25	6419391	6419265
23	10	9	4	6	64992	20	65042	31	6413348	6413355
16	1	17	14	6	64992	2	65016	26	6414771	6414682
29	0	3	13	6	64892	16	64942	27	6403385	6403369
7	9	24	4	6	64900	15	64896	8	6403283	6403282
0	4	31	15	6	65060	23	65076	16	6420253	6420255
7	13	25	1	6	65020	6	65016	31	6415259	6415265
11	7	23	11	6	65020	15	65036	8	6416195	6416193
25	5	6	9	6	64932	0	64982	11	6408256	6408261
29	9	31	14	6	65012	8	65016	1	6415506	6415501
24	9	0	13	6	64872	7	64922	12	6402502	6401857
17	11	15	1	6	65092	1	65142	12	6424406	6424410
7	9	26	5	6	64860	18	64876	11	6400518	6400522
3	0	27	12	6	65080	6	65076	31	6421726	6421725
20	15	7	6	6	64972	12	65022	23	6412623	6412629
7	1	25	12	6	65060	28	65076	21	6420736	6420740
17	14	8	5	6	64872	9	64922	20	6402707	6402710
25	1	8	11	6	64912	10	64962	21	6405950	6405956
15	3	18	9	6	64920	6	64916	31	6405630	6405637
15	11	11	6	6	64960	10	65002	27	6409330	6409964
5	1	27	12	6	65060	16	65056	9	6419544	6419545
19	2	25	3	6	64892	31	64916	16	6404957	6404142
7	9	2	8	6	64880	28	64922	12	6401504	6401873
10	8	25	12	6	64940	31	64956	24	6408210	6408209
18	7	15	6	6	64892	24	64942	3	6404238	6404240
27	4	6	9	6	65012	16	65062	27	6416327	6416342
3	13	31	12	6	64900	15	64916	14	6403171	6403841
7	13	3	10	6	64980	30	65002	30	6411120	6410233
31	3	8	0	6	64952	19	65002	27	6410226	6409924
31	5	4	8	6	65152	1	65202	12	6430702	6430684
8	7	24	5	6	65160	1	65176	26	6430697	6430695
27	0	6	8	6	65132	3	65182	14	6427633	6427628
17	0	16	13	6	65272	31	65296	24	6442896	6442916
17	14	26	5	6	65292	9	65296	23	6443707	6442752
15	3	19	10	6	65200	0	65216	25	6433797	6433803
14	11	12	11	6	65280	10	65322	28	6440860	6441560
25	10	6	3	6	65152	3	65222	14	6430872	6430878
7	2	27	11	6	65160	29	65176	22	6430304	6430300
8	6	25	8	6	65280	15	65296	8	6441361	6441356
19	6	26	12	6	65152	28	65156	11	6430171	6429325
18	11	14	2	6	65212	26	65262	5	6436388	6436387
3	12	28	2	6	65140	9	65156	2	6428248	6428240
4	11	29	3	6	65360	31	65376	24	6449061	6449060
29	13	5	1	6	65152	23	65202	2	6429718	6429723
25	2	7	11	6	65272	22	65322	1	6442043	6442050
27	9	5	5	6	65332	11	65382	22	6447146	6447133
5	5	7	13	6	65240	3	65282	20	6437162	6437619
13	2	20	12	6	65260	0	65276	25	6439806	6439788
7	5	28	7	6	65280	12	65276	5	6441069	6441070
25	5	7	9	6	65292	6	65342	17	6443470	6443474
6	4	28	6	6	65220	16	65216	11	6435466	6435612
19	7	13	7	6	65112	14	65162	25	6425663	6425660
0	5	29	7	6	65140	7	65156	0	6427967	6427960
8	6	7	7	6	65340	17	65382	22	6447799	6447159
24	5	6	9	6	65092	7	65162	18	6425062	6425056
13	11	11	4	6	65220	24	65262	8	6436282	6436687
5	5	19	1	6	65280	10	65276	7	6440890	6441285
6	4	27	10	6	65320	20	65316	13	6444729	6444728
5	1	31	13	6	65340	8	65336	1	6446856	6446842
17	0	16	12	6	65152	7	65176	0	6431242	6431248
25	9	6	4	6	65332	21	65382	0	6448241	6448246
10	8	7	6	6	65140	14	65202	25	6428861	6428858
13	2	20	11	6	65300	12	65316	5	6444011	6444026
30	11	7	4	6	65152	1	65202	12	6430738	6430744
17	11	4	5	6	65212	0	65282	11	6436895	6436881
26	5	5	8	6	65272	19	65322	30	6441813	6441810
17	0	16	13	6	65092	8	65116	1	6425186	6425185
17	12	17	8	6	65152	29	65176	22	6430339	6430331
27	4	5	9	6	65172	14	65222	25	6432111	6432115
13	9	16	14	6	65280	8	65296	8	6440616	6441404
26	0	7	13	6	65132	6	65182	17	6427937	6427922
25	1	7	13	6	65252	26	65302	5	6439295	6439298
24	3	16	14	6	65252	10	65296	8	6440925	6441404
9	1	21	8	6	65200	28	65196	18	6433430	6433134
14	0	19	14	6	65220	20	65236	13	6435957	6435987
25	9	4	3	6	65212	28	65262	7	6436621	6436619
14	13	22	15	6	65220	14	65216	7	6435351	6435354
7	10	29	1	6	65260	30	65276	23	6439651	6439669
5	5	29	9	6	65300	11	65316	4	6443937	6443950
29	14	2	13	6	65092	6	65162	19	6425007	6425214
25	2	30	3	6	65132	10	65156	3	6428429	6428434
31	1	2	12	6	65272	12	65322	23	6441113	6441112
12	8	19	9	6	65140	4	65156	29	6427695	6427697
13	1	31	7	6	65180	6	65176	23	6431144	6430348
18	4	12	9	6	65532	30	65602	9	6467587	6467584
9	1	19	10	6	65380	24	65396	14	6451692	6451246
7	3	25	8	6	65620	1	65616	26	6474221	6474203
24	5	1	0	6	65452	15	65522	31	6459877	6460338
29	12	5	2	6	65552	16	65602	27	6469337	6469336
1	11	9	7	6	65540	22	65582	4	6466856	6467128
19	12	14	2	6	65372	0	65442	11	6452464	6452461
18	7	15	6	6	65592	29	65662	8	6473760	6473764
13	2	19	10	6	65500	10	65496	3	6462518	6462519
24	7	6	7	6	65352	11	65422	22	6450261	6450268
17	0	16	14	6	65392	18	65416	11	6454264	6454260
10	8	25	3	6	65460	5	65476	30	6459077	6459103
7	13	26	2	6	65480	16	65476	9	6460007	6459971
3	8	30	6	6	65480	21	65476	14	6460497	6460489
31	0	1	9	6	65592	12	65642	23	6471875	6471885
10	8	31	9	6	65440	18	65436	2	6457160	6456197
12	2	20	11	6	65600	23	65616	16	6473156	6473158
19	12	14	3	6	65552	23	65622	10	6469929	6470670
10	5	18	12	6	65400	0	65396	25	6452500	6452485
8	12	23	6	6	65600	23	65616	25	6473163	6474149
25	11	8	2	6	65392	15	65442	26	6454030	6454029
19	5	17	9	6	65572	28	65596	21	6470366	6470373
12	2	22	12	6	65540	13	65536	6	6465919	6465907
31	3	0	8	6	65452	0	65502	16	6458529	6459092
23	8	7	4	6	65512	2	65562	13	6464817	6464821
11	0	31	2	6	65540	18	65536	2	6466492	6465519
20	9	12	5	6	65572	30	65622	9	6470585	6470588
14	1	18	12	6	65420	4	65436	29	6455799	6455807
14	1	19	12	6	65440	16	65456	9	6456949	6456952
11	11	19	12	6	65360	9	65376	10	6450156	6450848
23	11	10	2	6	65412	30	65462	9	6455230	6455234
23	10	12	4	6	65552	21	65622	0	6469826	6469836
2	0	27	11	6	65460	15	65476	8	6459907	6459948
31	1	16	14	6	65412	25	65436	22	6454841	6455154
4	6	26	8	6	65860	26	65876	19	6498396	6498405
13	1	21	11	6	65640	20	65636	13	6476351	6476353
15	3	18	9	6	65640	21	65636	14	6476435	6476424
11	0	20	12	6	65720	17	65736	10	6485044	6485042
30	11	20	11	6	65612	15	65636	7	6475940	6475849
25	1	7	13	6	65692	29	65742	8	6483170	6483178
29	11	20	1	6	65832	6	65856	10	6496578	6497535
18	11	15	1	6	65772	11	65822	22	6490600	6490615
29	13	3	12	6	65792	3	65862	14	6493095	6493099
14	0	5	1	6	65800	21	65842	0	6491707	6491704
21	1	11	14	6	65712	12	65762	23	6484597	6484604
14	0	23	6	6	65640	31	65636	13	6477308	6476375
23	3	16	8	6	65832	29	65836	20	6495715	6495540
21	9	11	4	6	65652	20	65702	31	6479287	6479288
21	6	13	7	6	65712	16	65762	27	6484980	6484955
18	12	25	11	6	65812	13	65836	6	6494192	6494197
15	11	20	1	6	65820	16	65836	8	6494551	6494414
17	0	16	12	6	65652	15	65676	8	6478862	6478860
19	4	13	8	6	65752	30	65822	9	6489396	6489410
12	2	21	12	6	65760	11	65756	4	6487640	6487627
29	0	4	14	6	65652	26	65722	5	6479841	6479863
7	1	29	14	6	65880	3	65876	28	6499272	6499271
27	4	4	8	6	65732	30	65782	9	6486444	6486443
3	0	31	14	6	65780	3	65796	28	6489949	6489952
23	1	7	11	6	65692	19	65742	30	6482259	6482257
17	0	11	6	6	65692	3	65762	23	6483749	6484638
18	6	7	13	6	65852	28	65902	5	6498635	6498449
9	3	22	9	6	65700	26	65716	19	6482928	6482933
11	0	25	4	6	65840	30	65836	15	6495894	6495080
24	5	7	9	6	65632	4	65702	15	6477784	6477816
24	3	24	14	6	65732	27	65756	22	6486109	6486326
31	3	0	11	6	65812	21	65862	0	6494981	6494972
14	8	22	12	6	65720	16	65736	9	6485005	6485008
24	1	14	7	6	65852	18	65882	20	6497671	6496890
12	2	21	11	6	65780	2	65776	27	6489852	6489851
28	8	5	5	6	65652	15	65702	26	6478896	6478931
10	4	23	9	6	65660	16	65676	9	6478918	6478917
6	15	25	0	6	65720	19	65736	12	6485259	6485263
9	13	20	0	6	65900	6	65916	3	6502963	6503455
14	6	7	11	6	65920	11	65942	16	6503541	6502838
21	6	20	12	6	65892	2	65916	3	6502568	6503456
17	14	5	0	6	65892	11	65962	22	6503537	6503551
4	13	30	0	6	65900	20	65896	13	6500931	6500936
24	7	8	0	6	65892	6	65962	17	6502969	6502968
23	11	12	4	6	66052	1	66102	12	6518814	6518809
27	4	4	9	6	65932	14	66002	25	6507519	6507515
7	1	23	11	6	65900	23	65896	16	6501330	6501308
3	14	3	10	6	65900	4	65962	20	6502750	6503368
23	5	6	9	6	66072	23	66122	2	6520868	6520850
29	14	5	0	6	65912	30	65982	9	6505794	6505812
31	14	4	12	6	65972	15	66022	21	6510675	6510139
23	1	9	13	6	66032	5	66082	16	6515941	6515946
13	12	28	6	6	65900	26	65896	18	6501649	6501560
10	8	25	4	6	65940	11	65956	4	6507167	6507139
25	9	6	3	6	66012	23	66062	2	6514572	6514569
22	3	22	12	6	66052	0	66076	25	6518763	6518747
13	2	20	11	6	65920	15	65936	8	6504020	6504036
21	1	9	15	6	66032	22	66102	1	6517824	6517825
15	11	8	10	6	66120	16	66162	27	6523379	6523386
21	9	19	14	6	66112	25	66116	14	6524157	6523792
1	13	27	3	6	65900	23	65896	16	6501354	6501347
5	7	28	5	6	66000	7	66016	0	6513043	6513047
8	4	26	10	6	66040	6	66036	31	6516061	6516060
7	2	26	10	6	66100	15	66116	8	6523306	6523299
10	8	25	3	6	66120	23	66136	16	6524019	6524018
7	1	25	11	6	66020	15	66016	8	6513735	6513741
9	11	24	1	6	66040	8	66056	1	6516313	6516306
26	15	5	0	6	65872	11	65922	23	6500201	6500328
3	8	30	6	6	65900	27	65916	20	6501858	6501809
7	10	25	4	6	65880	15	65896	8	6500514	6500513
25	11	8	1	6	66132	9	66182	20	6525714	6525725
29	12	3	1	6	66172	21	66222	0	6529967	6529971
6	2	27	11	6	66180	19	66196	12	6529824	6529829
14	13	21	4	6	66300	14	66316	16	6541875	6542885
25	12	5	0	6	66132	15	66182	26	6526313	6526314
25	5	8	0	6	66372	26	66422	5	6549202	6549210
12	8	26	10	6	66200	2	66216	4	6531416	6532243
28	8	8	0	6	66172	27	66222	6	6530675	6530672
9	1	26	14	6	66200	9	66216	2	6532032	6532027
21	9	9	4	6	66312	5	66362	16	6544134	6544133
24	5	8	9	6	66372	28	66422	7	6549436	6549431
6	4	27	9	6	66340	15	66336	8	6545075	6545068
25	11	25	3	6	66252	4	66276	28	6537895	6537778
2	0	31	11	6	66120	1	66136	26	6525015	6525004
12	2	23	11	6	66160	1	66176	26	6528074	6528035
13	2	21	12	6	66220	25	66216	18	6533585	6533584
9	14	23	9	6	66220	2	66236	3	6534487	6535351
1	2	29	10	6	66220	0	66236	25	6534240	6534239
23	3	14	2	6	66312	28	66362	8	6543345	6543492
18	7	15	6	6	66272	22	66322	1	6539617	6539613
29	0	0	15	6	66352	20	66422	31	6548580	6548594
28	8	2	4	6	66172	17	66222	28	6529716	6529714
16	2	16	10	6	66312	13	66336	6	6544909	6544918
16	2	18	8	6	66192	21	66216	5	6533229	6532381
17	0	16	14	6	66292	9	66296	2	6541459	6541451
1	10	31	2	6	66320	25	66316	18	6543162	6543165
23	0	29	9	6	66332	27	66356	20	6546175	6546178
17	0	16	13	6	66132	24	66156	17	6527281	6527295
0	13	28	2	6	66140	9	66136	2	6525709	6525672
26	5	6	8	6	66132	24	66202	3	6527210	6527220
22	13	11	0	6	66292	19	66342	30	6542485	6542483
19	5	31	13	6	66352	10	66376	3	6547602	6547604
0	6	28	7	6	66520	18	66536	11	6564165	6564161
20	14	14	3	6	66432	20	66482	28	6554887	6554586
28	3	0	13	6	66552	26	66622	5	6567974	6567971
2	14	30	0	6	66480	1	66496	26	6559388	6559391
12	2	3	2	6	66540	27	66582	6	6564985	6564992
19	0	14	14	6	66452	17	66502	28	6557993	6558003
23	8	9	4	6	66512	6	66562	17	6562947	6562946
24	9	5	1	6	66512	23	66582	2	6564588	6564595
4	0	22	11	6	66540	21	66536	4	6564449	6563460
24	7	11	6	6	66532	27	66582	6	6565005	6564993
19	12	14	3	6	66592	29	66642	8	6571566	6571555
25	9	6	4	6	66612	15	66662	26	6573366	6573382
18	15	12	9	6	66372	4	66422	15	6550243	6550238
24	7	9	6	6	66452	17	66502	28	6558013	6558024
28	3	4	11	6	66452	23	66522	2	6558454	6558446
25	10	7	3	6	66512	14	66562	25	6563762	6563760
25	9	8	5	6	66612	16	66662	27	6573488	6573493
12	2	21	12	6	66560	27	66576	20	6568069	6568073
19	7	14	7	6	66612	17	66662	28	6573583	6573592
2	8	30	6	6	66380	7	66396	0	6550526	6550523
19	5	14	7	6	66492	16	66542	27	6560788	6560791
18	7	15	6	6	66492	28	44047894	7	6561911	6561921
10	11	3	2	6	66500	15	66542	26	6560656	6560646
14	1	18	9	6	66520	17	66536	10	6564122	6564119
29	4	2	9	6	66572	13	66622	24	6569939	6569930
16	1	9	13	6	66592	27	66642	6	6571327	6571324
10	5	25	8	6	66480	29	66476	22	6559077	6559073
25	1	5	13	6	66392	19	66442	30	6551794	6551800
26	2	15	10	6	66432	24	66482	30	6555333	6554850
14	1	19	12	6	66380	2	66396	27	6550056	6550055
14	0	19	13	6	66620	19	66636	12	6573763	6573784
4	13	25	0	6	66420	12	66436	5	6554074	6554077
17	0	16	12	6	66472	10	66496	3	6560279	6560323
28	3	0	10	6	66572	2	66622	13	6568720	6568733
1	4	31	9	6	66560	13	66556	6	6566827	6566832
14	15	12	5	6	66600	16	66622	21	6570287	6569555
25	5	6	7	6	66392	29	66462	8	6552755	6552759
10	4	27	11	6	66400	16	66416	9	6551548	6551540
0	5	31	9	6	66420	0	66416	25	6553022	6553024
7	2	25	11	6	66560	26	66576	19	6568037	6568039
29	4	5	8	6	66552	17	66602	28	6567226	6567224
4	12	29	1	6	66600	24	66616	17	6570987	6571012
7	5	25	8	6	66780	22	66796	15	6589587	6589598
16	15	15	6	6	66712	15	66762	26	6582779	6582775
9	3	23	9	6	66660	13	66656	6	6576286	6576294
25	5	18	9	6	66852	6	66876	31	6597449	6597456
9	3	28	10	6	66640	1	66656	26	6575045	6575067
1	8	31	4	6	66720	12	66716	5	6582498	6582501
7	15	25	0	6	66780	7	66776	0	6588280	6588279
27	13	5	0	6	66652	22	66702	1	6577210	6577199
17	14	15	1	6	66672	8	66722	19	6578969	6578971
17	14	25	0	6	66752	7	66776	0	6588275	6588279
12	13	16	8	6	66880	13	66896	11	6598168	6598666
27	0	7	13	6	66692	24	66742	3	6580497	6580494
17	0	16	13	6	66692	31	66716	24	6581185	6581187
14	1	19	12	6	66760	3	66776	28	6587860	6587863
7	15	7	4	6	66880	17	66922	25	6598548	6598219
10	13	25	3	6	66740	15	66756	8	6586174	6586182
8	12	25	0	6	66760	0	66776	25	6587556	6587578
3	0	19	12	6	66860	1	66876	26	6596942	6596936
25	5	6	8	6	66652	16	66702	27	6576610	6576609
19	6	14	7	6	66632	9	66682	20	6575869	6575880
20	3	13	9	6	66712	18	66762	29	6583111	6583106
14	9	20	12	6	66700	24	66696	10	6580525	6579866
1	13	31	12	6	66740	13	66756	2	6585976	6585611
14	6	18	8	6	66840	10	66856	3	6594756	6594739
1	2	31	9	6	66740	8	66736	26	6585550	6584864
2	13	31	0	6	66840	6	66836	31	6594285	6594307
19	7	15	6	6	66652	17	66702	28	6576717	6576721
6	2	29	12	6	66660	14	66656	7	6576463	6576469
12	2	22	13	6	66680	9	66696	2	6579084	6579088
13	0	6	4	6	66720	19	66762	26	6583247	6582842
27	9	6	4	6	66712	15	66762	26	6582859	6582842
16	1	17	14	6	66872	25	66896	18	6599286	6599291
8	4	28	10	6	66840	3	66836	28	6594044	6594016
24	9	7	4	6	66632	11	66702	22	6576109	6576111
27	9	9	5	6	66832	17	66882	28	6595421	6595425
8	4	17	8	6	66700	29	66716	29	6581051	6581740
1	4	29	10	6	66760	0	66776	25	6587679	6587627
1	5	25	8	6	66880	14	66876	7	6598276	6598278
17	14	2	13	6	66872	17	66922	28	6598610	6598617
10	8	5	0	6	66820	19	66862	4	6592477	6593031
10	4	22	9	6	66840	3	66836	28	6594049	6594020
10	11	25	1	6	66660	25	66676	18	6577408	6577409
12	8	11	0	6	66740	10	66802	25	6585668	6586024
8	13	31	6	6	66840	12	66856	11	6594880	6595445
7	9	29	3	6	66860	26	66856	19	6596185	6596192
9	0	5	7	6	67120	26	67162	2	6621519	6621175
29	4	17	8	6	66972	22	66996	24	6608608	6609422
23	8	9	4	6	66972	24	67022	3	6608765	6608757
24	7	8	5	6	67112	6	67162	17	6622708	6622710
14	8	25	4	6	66960	27	66956	20	6605899	6605903
3	8	30	5	6	67000	5	66996	30	6609956	6609959
19	6	13	7	6	66912	21	66962	0	6602166	6602172
3	8	0	1	6	67060	30	67102	9	6615604	6615565
9	3	25	11	6	67100	11	67116	4	6619969	6619975
29	4	3	9	6	67072	6	67142	17	6619461	6619481
29	3	1	10	6	67032	16	67082	27	6614180	6614172
11	11	24	1	6	66920	17	66916	10	6601794	6601797
31	5	4	7	6	66952	0	67002	11	6606585	6606583
5	7	31	6	6	66900	2	66896	27	6600232	6600242
5	7	30	5	6	66920	24	66936	17	6602551	6602537
27	9	7	3	6	67092	17	67142	28	6620620	6620621
0	6	28	6	6	66920	2	66936	27	6603482	6603477
5	3	26	10	6	67040	14	67036	7	6614001	6613989
1	8	31	6	6	67060	4	67076	29	6616232	6616236
19	4	14	7	6	67032	29	67102	8	6615492	6615500
10	5	26	9	6	66980	25	66996	18	6608901	6608890
10	8	25	3	6	67020	6	67036	31	6613236	6613234
2	12	26	15	6	66920	29	66936	17	6603007	6602554
6	2	26	10	6	66980	12	66976	5	6607749	6607741
20	9	1	9	6	66992	14	67042	25	6610930	6610948
26	3	6	10	6	66992	6	67042	17	6610101	6610096
4	12	0	4	6	66940	20	66982	31	6605159	6605164
7	10	28	2	6	67100	20	67116	13	6620893	6620892
23	8	5	3	6	67032	31	67102	10	6615685	6615687
14	6	18	8	6	66920	24	66936	17	6602567	6602573
5	15	3	12	6	66960	8	67022	28	6607432	6608169
10	4	3	5	6	67040	11	67082	19	6613707	6613432
8	12	21	9	6	67020	28	67036	25	6612211	6612519
19	0	11	0	6	66912	30	66962	9	6603050	6603030
25	11	8	2	6	67032	15	67082	26	6614019	6614040
23	12	9	1	6	67092	12	67142	23	6620013	6620049
23	8	4	9	6	67212	19	67282	31	6633167	6633271
10	4	23	9	6	67240	27	67256	20	6634046	6634047
9	0	25	13	6	67240	1	67256	26	6634506	6634490
3	6	9	3	6	67400	25	67442	3	6649615	6649498
31	10	3	4	6	67292	1	67362	12	6640991	6640992
19	5	21	12	6	67192	18	67196	3	6629914	6629149
20	6	17	13	6	67392	25	67416	18	6649626	6649640
20	6	13	7	6	67332	10	67402	21	6645028	6645025
23	10	7	4	6	67372	17	67442	28	6648814	6648820
4	6	26	10	6	67220	1	67216	26	6631315	6631320
8	4	4	14	6	67400	25	67442	6	6649638	6649823
31	0	2	7	6	67192	25	67242	4	6630732	6630733
26	0	8	2	6	67192	29	67262	16	6631064	6631792
17	14	5	1	6	67252	16	67302	27	6635983	6635998
7	5	7	4	6	67240	19	67282	28	6633200	6632993
19	7	15	6	6	67152	20	67222	31	6627091	6627095
20	6	13	7	6	67192	31	67262	10	6631216	6631210
13	9	3	10	6	67220	0	67262	19	6631281	6632070
19	12	9	5	6	67232	20	67282	31	6633307	6633317
17	0	16	13	6	67372	16	67396	9	6648747	6648731
19	6	15	15	6	67392	20	67442	31	6649155	6649150
10	4	22	9	6	67240	17	67236	10	6633020	6633023
4	12	28	2	6	67300	27	67316	20	6640364	6640365
23	3	8	9	6	67252	16	67302	27	6636008	6636011
18	12	15	1	6	67232	7	67302	18	6635093	6635095
29	14	14	1	6	67392	26	67442	4	6649743	6649663
3	0	31	14	6	67180	21	67176	14	6627192	6627185
3	8	13	7	6	67320	5	67342	7	6641423	6640499
31	5	2	9	6	67152	17	67202	28	6626921	6626916
17	14	14	2	6	67312	22	67382	1	6643063	6643067
23	8	11	6	6	67192	18	67242	29	6629954	6629952
21	9	13	5	6	67352	14	67402	25	6645436	6645433
19	7	14	7	6	67352	26	67422	5	6646707	6646700
11	11	24	1	6	67320	18	67336	11	6642736	6642740
0	10	31	4	6	67360	15	67376	8	6645534	6645531
29	12	0	1	6	67252	15	67302	26	6635885	6635890
14	12	25	0	6	67180	3	67196	28	6628543	6628547
14	1	19	12	6	67340	20	67336	13	6642907	6642908
19	2	3	1	6	67212	9	67262	20	6632196	6632178
26	3	3	11	6	67232	20	67282	31	6633400	6633337
26	11	7	3	6	67272	4	67322	15	6638054	6638059
4	6	29	7	6	67260	23	67276	16	6636788	6636782
20	9	14	3	6	67292	29	67342	8	6640627	6640631
29	4	2	10	6	67212	18	67282	29	6633047	6633108
23	8	10	4	6	67252	21	67302	0	6636444	6636423
3	0	31	13	6	67520	17	67536	10	6661417	6661421
25	11	10	4	6	67532	11	67582	22	6664025	6664024
21	9	12	5	6	67532	18	67602	29	6664715	6664723
17	12	19	10	6	67552	4	67576	24	6666614	6666049
9	0	25	14	6	67400	3	67416	28	6650616	6650617
15	12	20	12	6	67600	0	67616	28	6669527	6669842
16	1	17	14	6	67592	8	67616	1	6670355	6670364
17	0	16	12	6	67632	16	67656	9	6674642	6674640
13	14	4	8	6	67420	8	67462	19	6651122	6651097
8	13	24	1	6	67420	7	67416	0	6651016	6651018
9	9	25	4	6	67460	28	67476	21	6656224	6656217
7	1	23	11	6	67500	27	67516	20	6659167	6659173
10	8	23	15	6	67420	9	67416	26	6651231	6650409
27	1	4	14	6	67412	14	67462	25	6651728	6651703
25	12	8	1	6	67452	0	67522	11	6656599	6656606
23	11	8	1	6	67612	23	67662	2	6672056	6672050
14	11	28	9	6	67400	30	67416	29	6650110	6650764
3	6	30	6	6	67480	10	67496	3	6657590	6657624
19	7	13	6	6	67412	25	67482	4	6652897	6652908
20	9	11	4	6	67612	26	67662	5	6672311	6672310
8	2	26	14	6	67420	4	67416	29	6650773	6650774
1	5	2	7	6	67480	19	67542	30	6658438	6658462
13	1	20	13	6	67540	28	67536	21	6662607	6662617
29	13	3	1	6	67432	10	67502	21	6654469	6654466
23	12	10	2	6	67512	15	67562	26	6661215	6661221
10	4	22	9	6	67520	9	67516	2	6660668	6660666
14	6	21	8	6	67580	5	67576	30	6666762	6666779
7	13	24	1	6	67620	27	67636	20	6672462	6672451
16	2	17	13	6	67552	4	67576	29	6666667	6666683
7	2	20	13	6	67540	8	67556	1	6663829	6663775
24	7	5	5	6	67412	26	67482	5	6652977	6653036
20	9	13	5	6	67472	21	67542	0	6658614	6658605
9	3	22	10	6	67440	24	67436	17	6652794	6652847
9	3	23	9	6	67560	18	67556	11	6664819	6664794
3	9	29	3	6	67580	11	67596	4	6667372	6667371
25	10	27	11	6	67432	1	67456	4	6653694	6654539
26	11	13	1	6	67472	19	67542	1	6658461	6658766
9	11	24	1	6	67480	0	67476	25	6656557	6656554
17	14	25	11	6	67412	16	67436	5	6651846	6651429
14	14	15	6	6	67700	9	67762	25	6680025	6680461
25	5	9	7	6	67712	24	67762	3	6681406	6681408
17	0	8	1	6	67832	21	67882	28	6694344	6693993
1	8	28	5	6	67660	6	67676	31	6676821	6676818
6	4	7	11	6	67800	10	67842	26	6689797	6690287
27	1	7	13	6	67712	1	67762	12	6682459	6682448
13	0	18	8	6	67720	1	67736	2	6682468	6683289
18	7	15	1	6	67752	5	67802	16	6686299	6686274
27	9	7	5	6	67812	8	67882	19	6692983	6692981
15	12	5	2	6	67720	27	67762	7	6681807	6681955
4	6	26	2	6	67800	8	67816	1	6689625	6689621
30	13	18	13	6	67652	6	67676	24	6676826	6676220
23	8	9	6	6	67672	23	67722	2	6678376	6678378
17	14	22	15	6	67652	26	67676	22	6675723	6676074
31	10	6	3	6	67732	18	67782	29	6684311	6684314
19	6	13	8	6	67792	11	67842	22	6689937	6689936
18	7	11	6	6	67892	12	67942	23	6699528	6699537
8	6	24	5	6	67700	29	67696	22	6678979	6678972
17	0	16	13	6	67652	29	67676	22	6676078	6676082
29	9	4	5	6	67672	16	67722	27	6677732	6677733
10	4	23	9	6	67700	3	67716	28	6679546	6679550
13	1	20	13	6	67700	3	67716	28	6679549	6679553
27	4	6	9	6	67732	24	67802	3	6684874	6684862
0	5	31	15	6	67760	6	67776	31	6686391	6686389
0	6	31	7	6	67800	8	67816	1	6689646	6689642
5	1	31	14	6	67900	7	67896	0	6699120	6699116
23	10	9	3	6	67692	0	67742	11	6679245	6679246
17	14	25	8	6	67712	21	67716	14	6681134	6681135
21	6	12	8	6	67792	23	67862	2	6691159	6691166
12	13	22	10	6	67840	25	67856	18	6694771	6694754
11	1	21	12	6	67760	29	67756	22	6685453	6685466
6	4	26	9	6	67660	7	67676	0	6677015	6677024
11	1	23	14	6	67840	16	67856	9	6693895	6693896
17	0	16	12	6	67652	3	67676	28	6676623	6676622
5	3	29	10	6	67680	24	67696	17	6678542	6678571
24	7	7	3	6	67812	27	67862	6	6691597	6691628
2	13	10	8	6	67740	14	67782	25	6683949	6683879
4	13	28	2	6	67780	15	67776	8	6687326	6687321
8	2	23	11	6	67740	17	67756	10	6684118	6684121
15	3	18	11	6	67860	15	67876	8	6696712	6696703
18	12	15	1	6	67752	2	67802	13	6685911	6685904
24	1	11	0	6	67832	17	67882	0	6693986	6694303
8	4	27	11	6	68000	23	68016	16	6709879	6709878
9	9	24	4	6	67960	3	67956	28	6704746	6704750
7	2	7	9	6	68020	8	68062	19	6711488	6711507
27	0	26	2	6	68132	3	68156	5	6723749	6724656
4	12	25	3	6	67960	19	67976	12	6706497	6706498
23	11	12	4	6	67992	14	68042	25	6709036	6709033
30	13	5	2	6	68112	12	68162	23	6721641	6721642
25	9	6	4	6	67932	24	67982	3	6703748	6703741
21	6	13	7	6	67972	27	68022	6	6707281	6707292
8	7	29	10	6	68020	1	68016	26	6710816	6710803
19	12	14	2	6	67912	7	67962	18	6702130	6702131
19	6	14	7	6	68072	14	68142	25	6718657	6718658
13	12	17	8	6	68100	23	68116	18	6719600	6719764
7	2	12	5	6	68120	11	68182	30	6721594	6722410
0	2	31	11	6	67980	4	67996	29	6708149	6708148
17	14	28	7	6	67912	8	67936	8	6702222	6702898
19	7	13	7	6	68072	11	68142	22	6718408	6718412
9	3	23	9	6	67920	0	67936	25	6701388	6701394
6	2	30	5	6	68100	17	68096	8	6718928	6718765
31	3	4	9	6	67912	28	67962	7	6700951	6700939
11	11	15	15	6	67960	15	68002	20	6706074	6705464
18	15	15	15	6	67952	15	68002	20	6706080	6705464
31	0	0	6	6	67972	30	68022	9	6707605	6707603
27	4	4	9	6	68032	0	68082	11	6713978	6713968
6	2	27	11	6	68040	30	68056	23	6713808	6713810
14	13	2	1	6	68080	28	68122	14	6716898	6717718
20	9	12	5	6	68092	26	68142	5	6719898	6719892
29	14	5	0	6	67892	22	67962	1	6700483	6700473
3	8	27	5	6	67900	20	67916	13	6700272	6700280
31	3	6	9	6	68072	28	68122	7	6716937	6716917
5	7	27	5	6	67960	13	67976	6	6705845	6705866
5	3	29	12	6	68000	18	68016	11	6709483	6709474
26	0	12	5	6	67952	22	68022	1	6706865	6706863
29	4	1	10	6	68012	2	68062	13	6711019	6711006
25	2	29	13	6	68052	18	68076	11	6715863	6715864
8	4	26	9	6	67980	4	67996	29	6708100	6708097
19	7	13	6	6	67952	5	68002	16	6705030	6705006
20	9	0	15	6	68352	29	68402	0	6744768	6744028
7	9	27	3	6	68180	13	68196	6	6727932	6727927
19	6	16	8	6	68292	7	68316	27	6739676	6739096
15	3	19	14	6	68220	4	68216	29	6730054	6730046
7	5	26	10	6	68240	27	68236	20	6732077	6732075
25	9	8	5	6	68192	5	68262	16	6730119	6730131
9	0	22	12	6	68180	6	68196	31	6727228	6727236
11	1	21	11	6	68220	22	68236	15	6731629	6731626
27	9	6	3	6	68252	1	68322	12	6735742	6735746
29	3	3	9	6	68172	18	68242	29	6728418	6728435
10	4	21	8	6	68200	21	68196	14	6728658	6728657
19	0	15	12	6	68212	13	68262	24	6730878	6730868
28	15	5	9	6	68352	2	68422	13	6745220	6745214
19	0	15	10	6	68272	23	68342	2	6738040	6738039
23	5	25	12	6	68392	30	68396	23	6747745	6747726
29	12	15	10	6	68212	16	68262	22	6731130	6730694
28	3	10	9	6	68272	20	68342	31	6737743	6737731
2	14	30	0	6	68340	5	68356	30	6742599	6742576
10	4	23	9	6	68280	6	68276	31	6736250	6736247
19	7	14	7	6	68232	4	68282	15	6732967	6732968
31	0	7	7	6	68252	22	68302	1	6734700	6734693
5	7	28	6	6	68360	30	68376	23	6744913	6744920
23	1	11	12	6	68212	22	68282	1	6731671	6731672
24	7	7	6	6	68312	28	68382	7	6741805	6741801
30	13	25	3	6	68332	0	68336	19	6742109	6741659
11	11	7	7	6	68240	7	68282	17	6733288	6733176
26	2	7	11	6	68252	1	68322	12	6735808	6735812
13	12	0	4	6	68340	5	68362	4	6742603	6741603
19	6	14	7	6	68192	6	68262	17	6730263	6730265
7	3	26	10	6	68220	5	68216	30	6730111	6730122
15	3	18	12	6	68540	15	68556	8	6762401	6762403
16	2	16	12	6	68552	7	68576	0	6764858	6764854
10	8	5	2	6	68440	17	68482	24	6752829	6752437
5	5	29	9	6	68520	3	68536	28	6761229	6761208
13	2	19	9	6	68600	19	68616	12	6769365	6769371
18	7	18	8	6	68552	2	68576	29	6764413	6764549
5	1	12	3	6	68560	7	68602	20	6764868	6765117
10	8	26	15	6	68600	13	68596	30	6768806	6768024
4	6	16	12	6	68660	9	68656	24	6774425	6773563
25	15	29	14	6	68472	31	68516	29	6757616	6758155
23	0	1	12	6	68652	2	68702	18	6773847	6774249
4	11	26	2	6	68440	7	68456	0	6751767	6751756
26	0	8	13	6	68432	21	68502	0	6753224	6753234
26	5	6	9	6	68532	23	68602	2	6763327	6763326
15	3	18	11	6	68460	27	68476	20	6753768	6753769
14	1	19	14	6	68540	20	68556	13	6763039	6763043
26	3	11	13	6	68472	19	68522	29	6756232	6756148
14	8	28	6	6	68520	16	68516	0	6759297	6758428
23	10	11	4	6	68552	1	68602	12	6764361	6764356
9	1	26	14	6	68540	5	68536	30	6761405	6761406
5	1	27	12	6	68640	19	68656	12	6772402	6772392
16	1	17	14	6	68512	2	68536	27	6761143	6761125
29	11	0	1	6	68652	7	68702	18	6774299	6774285
10	4	22	9	6	68420	31	68436	24	6750977	6750973
7	9	27	5	6	68480	27	68496	20	6757268	6757267
11	1	12	4	6	68520	28	68582	13	6760481	6761210
9	0	22	12	6	68560	3	68576	28	6764518	6764511
10	4	21	8	6	68560	7	68576	0	6764906	6764905
27	4	5	8	6	68612	0	68662	11	6770577	6770575
6	2	27	11	6	68440	2	68436	27	6751296	6751268
11	1	19	10	6	68540	22	68556	15	6763280	6763301
9	1	9	15	6	68580	16	68622	27	6765750	6765814
6	4	27	9	6	68580	29	68596	22	6767271	6767268
7	9	29	3	6	68420	31	68436	24	6750933	6750904
4	6	29	7	6	68440	11	68456	4	6752199	6752156
23	10	9	3	6	68632	29	68702	8	6773316	6773281
1	4	31	9	6	68900	31	68916	24	6798969	6798965
21	1	12	11	6	68872	31	68922	10	6795783	6795767
23	8	7	5	6	68872	6	68922	17	6796575	6796553
0	6	28	7	6	68760	13	68776	6	6784618	6784617
9	11	25	1	6	68820	28	68816	21	6789152	6789155
26	0	8	13	6	68872	28	68922	7	6795472	6795474
3	8	26	5	6	68780	6	68796	31	6787111	6787110
15	3	22	11	6	68860	8	68856	1	6793557	6793562
7	1	27	12	6	68760	1	68756	26	6783566	6783564
6	4	27	9	6	68840	3	68856	28	6793115	6793113
20	9	13	5	6	68652	16	68722	27	6775201	6775195
30	13	5	2	6	68712	11	68782	22	6781397	6781404
6	4	9	7	6	68740	25	68782	28	6782794	6781950
4	6	19	15	6	68760	2	68756	26	6783671	6783571
9	9	31	6	6	68840	16	68836	3	6791235	6790483
23	8	3	5	6	68712	10	68782	21	6781334	6781330
31	3	2	10	6	68812	7	68862	18	6790232	6790237
11	1	24	14	6	68720	27	68716	20	6779828	6779830
3	0	25	11	6	68840	29	68856	22	6792477	6792481
11	0	23	15	6	68900	13	68896	6	6797240	6797242
2	0	22	11	6	68900	27	68916	15	6798682	6798171
26	2	7	11	6	68892	0	68962	11	6799107	6799103
4	0	29	14	6	68820	3	68836	28	6789837	6789838
31	14	4	3	6	68672	4	68742	15	6777458	6777450
6	4	26	9	6	68840	28	68856	21	6792387	6792388
16	2	17	13	6	68812	13	68836	6	6790928	6790936
26	11	8	2	6	68892	27	68942	4	6798698	6798534
3	13	23	14	6	68820	11	68836	29	6790653	6789919
30	11	5	3	6	68872	6	68922	17	6796603	6796611
18	6	15	10	6	68912	7	68962	18	6799912	6799892
7	2	25	12	6	68780	3	68796	28	6786775	6786779
27	4	3	11	6	68792	28	68862	7	6789187	6789188
9	9	21	12	6	68700	15	68716	16	6778611	6779519
23	1	9	13	6	68712	7	68762	18	6781004	6781008
6	4	26	8	6	68820	4	68836	29	6789932	6789928
10	8	18	8	6	68860	13	68876	6	6794049	6794072
27	9	16	10	6	68712	14	68736	0	6781706	6781019
23	3	19	12	6	68732	2	68756	17	6783706	6782745
20	9	30	13	6	68892	0	68916	21	6799114	6798779
8	7	27	5	6	68760	10	68776	3	6784407	6784383
24	7	8	6	6	68792	22	68842	1	6788548	6788546
20	9	12	4	6	68852	26	68922	5	6795295	6795298
0	15	29	6	6	68900	29	68916	22	6798890	6798892
18	12	11	6	6	68752	9	68802	14	6784327	6783783
12	8	12	4	6	68680	29	68722	6	6776611	6776425
27	9	7	4	6	68812	12	68862	23	6790681	6790704
24	7	11	6	6	69052	0	69122	11	6815323	6815308
8	2	22	9	6	68940	27	68956	20	6801689	6801692
3	14	25	1	6	69020	18	69036	11	6810726	6810712
8	12	24	1	6	69060	23	69076	16	6814429	6814423
26	2	7	10	6	68972	10	69022	21	6806761	6806777
29	11	3	1	6	69152	23	69202	2	6823637	6823633
9	0	27	15	6	69160	25	69176	18	6823787	6823781
31	5	5	7	6	69132	11	69182	22	6822508	6822504
7	2	25	11	6	69000	27	69016	20	6808454	6808461
17	0	15	15	6	68912	18	68982	29	6800896	6800886
17	0	15	15	6	69112	12	69162	23	6819816	6819815
10	8	26	5	6	68960	20	68976	13	6804403	6804409
31	1	26	9	6	68972	17	68996	3	6807394	6806776
7	10	27	3	6	69000	3	69016	28	6809337	6809346
25	5	6	9	6	68972	12	69022	23	6806939	6806950
23	8	9	4	6	69112	12	69162	23	6819827	6819825
19	5	13	6	6	69132	15	69202	26	6822909	6822932
11	11	9	3	6	69080	1	69122	18	6815432	6816112
6	4	26	9	6	69100	29	69116	22	6818411	6818415
7	2	23	9	6	69040	2	69056	27	6812475	6812484
18	12	15	1	6	68952	26	69022	5	6805080	6805089
23	3	5	13	6	69092	31	69142	10	6818618	6818641
5	15	3	5	6	68980	10	69042	30	6806802	6807614
12	2	13	2	6	69000	25	69042	4	6808258	6808261
14	13	15	1	6	69160	18	69202	27	6823181	6823037
19	7	14	7	6	69012	25	69082	4	6811449	6811441
3	9	30	5	6	68960	13	68956	6	6803640	6803649
12	11	28	9	6	69060	19	69056	3	6814121	6813307
14	1	19	12	6	69100	27	69116	20	6818199	6818198
17	0	16	13	6	68952	17	68976	10	6804078	6804082
17	14	11	6	6	68992	24	69042	11	6808108	6809038
6	4	28	9	6	68920	11	68936	4	6800226	6800227
10	11	24	1	6	69080	14	69096	7	6816889	6816882
31	3	3	10	6	69032	29	69082	8	6811949	6811951
26	3	2	10	6	69132	6	69182	17	6822128	6822130
26	3	6	10	6	68952	15	69002	26	6803886	6803868
29	11	0	0	6	69032	7	69082	18	6813021	6813073
8	2	27	12	6	69080	5	69076	30	6815950	6815951
9	3	22	9	6	69120	23	69136	16	6820835	6820839
18	4	15	10	6	68912	14	68962	25	6800527	6800510
21	9	12	4	6	69052	16	69102	27	6813839	6813837
7	2	23	11	6	69140	6	69156	30	6822053	6821958
24	9	8	5	6	69072	5	69122	16	6815796	6815798
31	3	6	9	6	69112	28	69182	7	6821199	6821166
29	14	6	1	6	69252	7	69322	18	6834612	6834613
26	2	7	11	6	69272	15	69322	26	6835430	6835435
14	15	2	9	6	69240	11	69282	15	6831777	6831034
7	10	25	4	6	69400	4	69396	29	6846841	6846839
2	0	31	13	6	69180	12	69196	5	6825515	6825514
7	5	24	5	6	69380	18	69376	7	6844915	6844579
6	4	28	9	6	69300	6	69316	31	6837875	6837869
5	5	28	9	6	69360	6	69376	31	6843750	6843748
18	7	21	5	6	69372	0	69416	2	6846433	6847367
29	9	4	4	6	69392	18	69462	29	6848268	6848274
15	3	17	8	6	69240	11	69256	4	6831787	6831793
11	0	21	12	6	69280	20	69296	13	6835907	6835919
11	0	22	12	6	69380	16	69376	9	6844768	6844769
29	0	2	11	6	69252	4	69302	15	6834356	6834338
24	5	4	7	6	69372	30	69442	9	6846251	6846252
8	14	25	1	6	69300	5	69316	30	6837731	6837723
4	11	25	3	6	69280	9	69276	2	6834912	6834900
5	5	27	9	6	69400	18	69416	11	6848299	6848297
13	14	7	13	6	69240	10	69282	21	6831691	6831700
14	6	18	9	6	69420	31	69436	24	6849371	6849375
23	11	8	1	6	69212	29	69262	8	6830378	6830389
21	9	12	5	6	69252	26	69302	5	6833282	6833279
24	7	10	6	6	69412	30	69462	9	6849311	6849302
26	3	4	11	6	69232	9	69282	20	6831542	6831533
1	8	29	6	6	69420	0	69436	25	6849512	6849514
19	0	14	13	6	69332	24	69402	3	6842720	6842669
19	6	14	7	6	69352	2	69402	13	6843520	6843516
2	14	30	0	6	69180	17	69196	10	6825964	6825968
25	11	3	5	6	69372	29	69422	8	6846185	6846184
7	3	26	11	6	69340	6	69336	31	6840913	6840914
7	5	25	0	6	69340	8	69336	3	6841170	6841331
21	6	13	6	6	69232	8	69282	19	6831452	6831450
30	11	6	3	6	69272	30	69342	9	6836979	6837003
5	5	27	9	6	69260	6	69276	31	6834603	6834604
24	5	11	6	6	69192	0	69242	11	6827433	6827488
23	1	17	9	6	69312	22	69316	13	6839338	6839194
7	3	23	12	6	69220	24	69236	17	6829960	6829967
10	4	21	5	6	69360	25	69356	19	6842826	6842905
19	7	14	7	6	69212	19	69262	30	6829457	6829453
3	8	29	6	6	69280	8	69276	1	6834730	6834778
12	2	31	2	6	69320	3	69336	30	6840505	6840683
27	1	7	4	6	69192	30	69242	9	6827126	6827127
28	3	1	13	6	69192	15	69262	26	6828937	6828955
3	6	28	7	6	69460	10	69476	3	6853605	6853596
7	1	25	12	6	69520	7	69536	0	6859563	6859561
19	7	13	6	6	69632	27	69682	7	6870604	6870603
9	3	25	11	6	69500	12	69516	5	6856970	6856951
7	9	24	5	6	69660	5	69656	30	6871515	6871513
13	2	20	11	6	69680	5	69696	30	6874600	6874605
20	9	12	4	6	69472	1	69522	12	6855872	6855876
25	2	7	11	6	69632	5	69702	17	6871524	6871527
13	9	14	2	6	69600	18	69662	6	6866817	6867709
5	7	29	6	6	69680	24	69676	17	6873416	6873418
19	7	14	7	6	69532	26	69582	5	6861362	6861384
20	14	14	2	6	69592	27	69662	6	6867728	6867709
16	15	7	4	6	69652	21	69702	24	6873135	6872210
11	0	21	12	6	69440	27	69456	20	6852198	6852186
12	13	28	7	6	69480	21	69476	8	6854678	6854019
3	0	30	12	6	69560	17	69576	10	6863674	6863689
16	2	17	13	6	69472	27	69496	20	6855248	6855275
13	2	20	11	6	69620	1	69616	26	6868185	6868180
9	13	12	4	6	69620	7	69662	17	6868661	6868566
23	10	6	4	6	69432	30	69502	9	6852436	6852438
7	5	24	8	6	69680	8	69696	1	6874920	6874916
29	3	3	11	6	69472	7	69542	18	6856460	6856472
14	0	19	14	6	69520	29	69516	22	6858653	6858620
8	5	26	8	6	69520	8	69536	1	6859751	6859743
14	1	18	11	6	69580	5	69596	30	6865637	6865633
13	0	19	12	6	69620	14	69636	7	6869314	6869306
21	9	7	6	6	69452	0	69502	8	6852595	6852388
23	10	8	2	6	69612	12	69662	23	6869156	6869153
7	2	27	10	6	69540	26	69556	19	6861395	6861401
5	5	24	8	6	69520	10	69536	3	6859954	6859947
14	1	20	13	6	69600	17	69616	10	6866755	6866760
14	0	18	11	6	69440	18	69456	11	6851329	6851337
4	12	25	4	6	69620	11	69636	4	6869047	6869049
4	12	28	2	6	69560	1	69556	26	6862050	6862002
29	6	7	6	6	69452	18	69522	29	6854197	6854196
29	13	5	1	6	69732	26	69782	6	6879952	6879966
26	5	6	8	6	69772	17	69842	29	6885129	6885135
10	11	24	1	6	69780	3	69796	28	6883725	6883731
29	3	6	9	6	69772	18	69842	30	6885240	6885242
14	1	19	12	6	69860	16	69856	9	6891406	6891391
31	5	3	9	6	69772	11	69822	23	6884526	6884522
7	9	26	2	6	69740	22	69736	15	6879687	6879668
26	5	5	9	6	69852	27	69902	7	6892606	6892602
7	2	23	9	6	69760	21	69776	14	6882500	6882504
9	1	25	13	6	69900	3	69916	28	6896563	6896566
0	4	19	14	6	69860	20	69876	13	6891882	6891877
12	8	24	4	6	69820	13	69836	6	6887950	6887949
23	10	21	4	6	69812	8	69816	25	6887617	6886696
14	0	18	11	6	69840	10	69856	3	6890859	6890861
13	1	22	13	6	69860	17	69856	10	6891505	6891502
8	7	27	5	6	69860	23	69876	16	6892241	6892245
31	10	3	4	6	69732	4	69782	16	6880971	6880980
25	11	8	2	6	69872	6	69922	18	6893770	6893769
19	2	16	12	6	69872	6	69896	1	6893782	6894029
3	12	28	2	6	69760	18	69776	11	6882281	6882271
23	11	8	1	6	69692	29	69762	14	6877122	6877577
20	6	13	6	6	69752	19	69802	31	6882367	6882365
15	12	27	11	6	69700	20	69716	20	6876244	6876927
19	7	13	6	6	69792	29	69842	9	6886426	6886405
7	9	29	7	6	69700	29	69716	22	6877128	6877117
13	0	20	12	6	69900	22	69896	15	6895318	6895320
17	12	16	10	6	69672	11	69696	4	6875299	6875257
18	6	0	4	6	69912	30	69982	10	6899514	6899544
13	1	19	10	6	69720	10	69736	3	6878207	6878203
1	5	11	15	6	69760	17	69802	29	6882121	6882130
28	3	6	9	6	69712	23	69782	3	6879728	6879727
2	0	15	1	7	69980	9	70022	18	6903765	6903475
1	8	19	9	7	70140	6	70136	21	6919247	6918345
27	13	5	0	7	69992	10	70062	22	6907122	6907121
14	8	23	6	7	69940	10	69956	6	6900635	6900970
27	1	7	11	7	69992	14	70062	26	6907444	6907445
25	2	25	13	7	70152	6	70156	23	6922643	6921743
2	15	30	0	7	69960	22	69956	15	6901727	6901736
9	13	24	1	7	70000	27	69996	20	6905737	6905733
25	10	7	4	7	69992	29	70042	9	6905902	6905904
27	9	3	4	7	70052	11	70122	23	6913261	6913265
23	12	10	2	7	70092	0	70142	12	6915377	6915388
11	0	28	10	7	70120	19	70116	12	6917392	6917378
29	13	3	2	7	69932	4	69982	16	6900098	6900095
23	5	5	13	7	70032	8	70082	20	6910057	6910065
24	9	11	4	7	70152	12	70222	24	6923191	6923196
14	8	14	7	7	69960	24	70002	4	6902036	6902003
14	13	24	14	7	69960	27	69956	11	6902333	6901425
5	3	27	10	7	70120	29	70136	22	6918466	6918461
23	11	12	3	7	70152	8	70202	20	6922874	6922852
9	0	25	12	7	70060	28	70076	21	6911845	6911846
28	3	5	9	7	70032	21	70102	1	6911177	6911169
31	3	4	8	7	70132	26	70202	6	6921219	6921260
21	9	9	3	7	70072	22	70122	2	6914319	6914318
14	11	10	11	7	70080	27	70142	14	6914860	6915601
16	1	17	14	7	69932	10	69956	3	6900658	6900652
23	10	10	4	7	69992	0	70042	12	6906196	6906200
29	4	6	8	7	69992	0	70042	12	6906198	6906202
26	11	5	1	7	70152	31	70202	11	6921864	6921871
29	12	20	12	7	70152	15	70176	2	6923467	6922980
7	2	26	12	7	70140	13	70156	6	6919968	6919959
0	7	28	6	7	70160	25	70156	18	6921154	6921153
25	11	10	4	7	69972	13	70022	25	6904205	6904192
27	9	6	4	7	70012	19	70082	9	6907947	6908930
5	1	25	11	7	70040	17	70056	10	6910792	6910793
28	8	7	5	7	69992	29	70042	9	6905946	6905942
27	4	6	9	7	70072	27	70142	7	6914879	6914862
21	9	13	6	7	70092	16	70162	28	6917130	6917126
22	13	11	0	7	70132	13	70182	25	6919965	6919969
27	13	9	1	7	70052	25	70102	5	6911580	6911583
10	4	23	9	7	70000	9	70016	2	6907013	6907009
29	4	6	9	7	70012	3	70082	15	6909460	6909484
21	9	12	5	7	70072	21	70122	1	6914177	6914185
0	10	30	4	7	70220	25	70216	18	6927870	6927879
13	9	10	6	7	70240	27	70302	9	6931347	6931479
18	6	19	15	7	70192	15	70216	4	6926818	6926477
31	1	1	12	7	70212	24	70262	4	6927764	6927770
5	3	26	9	7	70320	9	70336	2	6939280	6939276
6	4	25	13	7	70340	31	70356	24	6941303	6941311
14	0	19	13	7	70420	11	70436	4	6948970	6948966
21	6	13	7	7	70192	15	70242	27	6926833	6926837
25	9	9	6	7	70212	10	70282	22	6929718	6929721
23	12	9	1	7	70432	22	70482	2	6949978	6949988
6	4	27	9	7	70220	31	70236	24	6928675	6928671
10	4	23	9	7	70280	1	70296	26	6935030	6935038
21	9	11	4	7	70252	17	70322	29	6933391	6933394
9	0	25	14	7	70340	13	70336	6	6939660	6939639
26	5	2	8	7	70252	16	70322	28	6933315	6933320
20	9	6	1	7	70352	11	70402	16	6942557	6941762
12	10	9	5	7	70360	11	70402	23	6942564	6942569
13	2	19	10	7	70400	18	70416	11	6946435	6946434
19	5	19	10	7	70392	27	70416	11	6947267	6946434
9	9	13	5	7	70340	31	70402	11	6941331	6941332
27	9	7	5	7	70252	5	70302	17	6932351	6932350
25	2	28	10	7	70372	3	70396	30	6945010	6945200
20	6	13	7	7	70392	13	70442	28	6945969	6946216
10	5	29	14	7	70320	4	70336	26	6938705	6938366
24	1	7	13	7	70192	4	70242	16	6925719	6925724
27	1	11	6	7	70252	4	70302	16	6932292	6932275
16	2	16	10	7	70272	31	70296	24	6934867	6934866
27	13	9	5	7	70412	16	70482	28	6949477	6949485
0	2	0	0	7	70220	27	70262	7	6928192	6928202
14	8	22	14	7	70320	7	70336	31	6939048	6938947
3	13	30	12	7	70220	5	70236	30	6929227	6929224
10	4	4	4	7	70380	29	70442	20	6944569	6945426
21	9	11	4	7	70212	7	70282	19	6929438	6929422
25	12	5	1	7	70412	5	70462	17	6948374	6948372
0	4	15	12	7	70260	2	70302	11	6932225	6931794
20	6	13	7	7	70252	13	70322	25	6933115	6933112
30	11	6	3	7	70412	12	70462	24	6949132	6949133
2	8	31	4	7	70440	18	70436	11	6949716	6949721
31	3	20	13	7	70272	31	70296	2	6934922	6935908
19	5	12	8	7	70532	8	70602	20	6961334	6961365
31	3	0	10	7	70632	12	70702	24	6970953	6970937
17	0	16	13	7	70652	0	70676	25	6973086	6973083
14	9	19	14	7	70500	21	70496	9	6956311	6955769
13	7	8	10	7	70640	27	70682	10	6969148	6969420
7	10	26	2	7	70440	0	70456	25	6950885	6950871
29	4	5	8	7	70572	19	70642	31	6965382	6965392
29	9	4	5	7	70632	15	70702	27	6971242	6971239
5	1	28	6	7	70600	1	70616	30	6966779	6967171
10	8	24	5	7	70620	11	70636	4	6967682	6967684
8	13	25	1	7	70640	29	70636	22	6969346	6969340
27	1	0	13	7	70552	15	70602	27	6961877	6961881
14	1	19	12	7	70500	15	70496	8	6955697	6955704
13	14	31	15	7	70640	26	70636	11	6969086	6968273
6	4	29	10	7	70640	29	70636	22	6969363	6969358
7	13	24	1	7	70640	9	70656	2	6970600	6970612
3	12	25	14	7	70540	24	70536	17	6959769	6959780
15	3	25	13	7	70580	6	70596	5	6964099	6964806
12	2	21	11	7	70580	6	70596	31	6964102	6964103
21	1	25	13	7	70592	22	70596	5	6965664	6964806
5	5	26	8	7	70460	21	70476	14	6952906	6952907
0	6	31	7	7	70520	2	70516	27	6957609	6957608
11	0	22	14	7	70580	31	70576	24	6963300	6963313
25	5	26	9	7	70592	4	70616	29	6967081	6967079
8	12	25	0	7	70640	28	70636	21	6969277	6969271
9	1	22	12	7	70680	10	70696	3	6974116	6974117
19	7	15	6	7	70512	5	70562	17	6957828	6957827
20	6	21	6	7	70552	30	70576	15	6963131	6962512
11	0	22	13	7	70520	19	70536	12	6959302	6959312
9	0	26	15	7	70640	25	70636	18	6969005	6968997
13	1	20	12	7	70460	6	70456	31	6951547	6951546
4	13	31	0	7	70640	24	70636	17	6968918	6968925
2	0	30	12	7	70640	27	70636	20	6969212	6969208
21	9	12	4	7	70472	13	70542	25	6955577	6955591
22	13	13	2	7	70592	7	70662	19	6967395	6967397
17	12	15	1	7	70532	26	70582	6	6959989	6959980
8	12	25	0	7	70460	4	70456	29	6951373	6951378
17	14	13	8	7	70592	5	70662	16	6967212	6967104
2	13	28	2	7	70480	8	70496	1	6954977	6954978
23	5	8	9	7	70472	2	70522	14	6954339	6954346
4	0	25	13	7	70580	4	70596	29	6963798	6963752
20	6	13	8	7	70552	24	70602	4	6962617	6962630
14	0	17	13	7	70900	8	70916	1	6995498	6995505
31	14	5	0	7	70832	10	70882	22	6989517	6989515
14	0	19	12	7	70720	11	70716	4	6977472	6977474
2	8	30	5	7	70920	28	70936	21	6997517	6997524
16	1	17	13	7	70852	29	70876	22	6991400	6991407
26	3	3	2	7	70792	31	70842	17	6985396	6986001
19	7	14	7	7	70852	3	70902	15	6991965	6991969
11	11	8	2	7	70700	4	70742	16	6976765	6976766
13	14	0	8	7	70900	0	70942	13	6994696	6994872
30	11	4	3	7	70832	9	70882	21	6989441	6989448
18	12	15	1	7	70872	18	70922	30	6993368	6993367
5	1	8	8	7	70760	0	70822	17	6982576	6983024
8	5	26	9	7	70840	19	70856	12	6990429	6990434
9	13	25	0	7	70880	11	70876	4	6992719	6992720
16	13	16	13	7	70772	21	70796	22	6984391	6985242
7	13	25	0	7	70820	20	70836	13	6987496	6987504
31	3	11	12	7	70732	15	70802	27	6980834	6980832
29	9	8	5	7	70772	23	70842	3	6984599	6984606
15	3	17	9	7	70900	4	70916	29	6995142	6995143
3	9	31	3	7	70920	1	70936	26	6998007	6998014
22	3	17	14	7	70812	0	70836	18	6988710	6988021
25	11	9	4	7	70932	10	70982	22	6999046	6999056
10	5	23	9	7	70740	29	70736	22	6979173	6979176
30	11	1	2	7	70752	31	70802	11	6982502	6982512
7	1	26	11	7	70720	21	70736	14	6978389	6978372
2	14	30	0	7	70700	25	70696	18	6975733	6975781
13	1	20	11	7	70760	20	70756	13	6981329	6981331
8	7	19	9	7	70840	19	70856	2	6990481	6989465
23	12	9	1	7	70912	1	70982	13	6998033	6998101
31	14	5	1	7	70912	5	70982	17	6998546	6998547
6	4	26	8	7	70760	29	70776	22	6982376	6982355
25	10	11	4	7	70912	7	70982	19	6998773	6998792
2	12	31	0	7	70800	7	70816	0	6986225	6986183
7	13	24	1	7	71120	6	71136	31	7017952	7017970
24	3	7	7	7	71132	27	71182	7	7020149	7020152
9	3	23	9	7	71060	30	71056	23	7010816	7010813
27	4	6	9	7	71052	1	71102	13	7011121	7011113
16	13	14	1	7	71132	31	71202	9	7020591	7020344
23	10	10	4	7	71172	0	71222	12	7023915	7023914
14	15	4	9	7	71080	28	71122	6	7013832	7013558
9	3	21	8	7	71020	6	71036	31	7008226	7008228
3	13	31	0	7	71040	27	71056	20	7010462	7010465
3	9	31	4	7	71140	24	71156	17	7019875	7019874
16	13	21	10	7	71072	21	71076	13	7013000	7012890
7	2	25	13	7	71000	12	71016	4	7005533	7005417
28	8	8	5	7	71012	1	71062	13	7007683	7007684
7	1	8	11	7	71020	24	71062	29	7006721	7006016
11	0	22	14	7	71040	13	71036	6	7008952	7008947
29	12	7	5	7	70952	0	71002	12	7001302	7001306
23	3	2	14	7	71072	25	71142	15	7013487	7014487
8	2	26	12	7	71140	14	71136	7	7018751	7018739
12	2	20	11	7	71120	30	71116	23	7017231	7017213
0	7	31	7	7	71020	31	71036	24	7007444	7007429
1	4	31	9	7	71080	21	71076	14	7013039	7013026
20	9	12	4	7	71052	17	71122	29	7012627	7012630
10	5	22	9	7	70960	24	70956	17	7000535	7000539
5	3	27	12	7	71100	17	71096	1	7015911	7015079
7	2	27	12	7	71140	17	71136	10	7019113	7019120
28	8	5	5	7	71092	16	71142	28	7015807	7015813
26	15	9	1	7	71152	11	71202	23	7021853	7021856
3	0	26	12	7	71120	31	71136	24	7017282	7017285
19	4	26	12	7	71112	31	71136	24	7017286	7017285
24	7	16	9	7	71152	10	71156	28	7021747	7021063
24	7	7	5	7	70992	21	71062	1	7006339	7006398
9	0	22	9	7	71200	25	71216	18	7026287	7026264
18	7	3	4	7	71232	5	71302	13	7030429	7030061
18	12	15	1	7	71352	15	71402	27	7041080	7041068
17	11	2	1	7	71372	9	71422	21	7043490	7043497
1	10	22	13	7	71440	1	71456	28	7048784	7048962
16	15	16	12	7	71192	27	71216	20	7026494	7026496
16	15	22	12	7	71192	12	71196	5	7025094	7025091
14	6	18	8	7	71380	8	71396	1	7043420	7043419
28	8	4	5	7	71372	12	71422	24	7043827	7043817
2	15	27	3	7	71300	18	71296	11	7035009	7034991
12	11	30	5	7	71340	26	71336	19	7038938	7038950
6	4	29	9	7	71360	17	71376	10	7041266	7041270
25	12	5	0	7	71432	11	71502	23	7049768	7049775
10	5	26	8	7	71200	23	71216	16	7026105	7026106
20	6	11	6	7	71292	18	71342	30	7034997	7035016
12	2	20	11	7	71320	19	71336	12	7038384	7038380
18	7	15	6	7	71192	26	71262	6	7026440	7026439
23	5	10	8	7	71432	7	71482	19	7049372	7049371
5	1	26	12	7	71400	0	71416	25	7045887	7045892
17	11	18	8	7	71212	12	71236	5	7028100	7028091
23	1	21	12	7	71372	7	71376	22	7043346	7042461
10	8	20	11	7	71320	8	71336	3	7037344	7037588
8	12	1	13	7	71340	29	71382	15	7039293	7039841
25	5	6	9	7	71232	4	71302	16	7030389	7030395
4	6	31	15	7	71200	25	71216	18	7026380	7026371
8	4	28	10	7	71280	30	71276	23	7032877	7032872
8	5	27	9	7	71360	13	71356	6	7040898	7040892
4	11	27	3	7	71360	17	71376	10	7041286	7041292
8	15	18	11	7	71400	3	71416	28	7046163	7046155
21	1	31	3	7	71312	22	71336	17	7038621	7038799
26	11	3	1	7	71432	29	71482	9	7048476	7048472
21	9	10	4	7	71432	30	71482	10	7048574	7048583
15	3	16	9	7	71280	11	71296	7	7034311	7034590
22	13	11	0	7	71192	19	71242	31	7025755	7025752
25	12	6	1	7	71232	31	71282	11	7029929	7029932
24	7	16	12	7	71332	0	71336	16	7039586	7038749
12	8	4	11	7	71340	27	71382	15	7039099	7039904
14	0	19	12	7	71420	12	71436	5	7046996	7046993
7	9	28	7	7	71420	17	71436	10	7047390	7047395
27	0	5	13	7	71272	31	71322	11	7032987	7032988
11	11	11	6	7	71240	30	71282	10	7029744	7029743
9	1	23	12	7	71320	7	71336	0	7037152	7037151
1	13	19	10	7	71360	19	71376	20	7041373	7042155
14	11	25	4	7	71640	13	71656	6	7068510	7068525
4	13	25	3	7	71540	11	71556	31	7058965	7058358
20	6	11	6	7	71492	5	71562	17	7055427	7055428
21	1	12	12	7	71592	30	71642	10	7064112	7064090
16	13	20	1	7	71492	30	71516	22	7054710	7054598
23	2	7	10	7	71672	16	71722	28	7071896	7071883
12	2	22	12	7	71460	16	71456	9	7050262	7050263
18	11	14	1	7	71472	16	71522	28	7053380	7053357
18	6	15	6	7	71692	10	71742	22	7074362	7074349
8	6	24	1	7	71460	16	71476	15	7050271	7050835
23	5	21	9	7	71552	27	71576	27	7060602	7061380
26	0	5	13	7	71672	25	71742	13	7072758	7073480
31	3	3	10	7	71472	15	71522	27	7053234	7053237
29	6	2	8	7	71572	20	71622	0	7063190	7063192
11	1	22	13	7	71480	0	71476	25	7051635	7051628
13	1	19	12	7	71480	6	71476	31	7052402	7052401
1	8	31	6	7	71620	20	71636	13	7066290	7066297
17	14	10	6	7	71632	18	71682	23	7069005	7068378
11	1	22	12	7	71580	23	71596	16	7063426	7063427
23	11	9	1	7	71652	2	71702	14	7070550	7070546
3	12	29	1	7	71480	1	71476	26	7051828	7051823
13	2	4	4	7	71600	25	71642	5	7063674	7063664
13	1	20	13	7	71460	24	71476	17	7051080	7051086
25	9	7	5	7	71492	8	71562	20	7055748	7055744
14	6	27	5	7	71560	1	71576	20	7061261	7060628
12	11	22	15	7	71460	25	71476	18	7051206	7051205
5	14	26	2	7	71660	30	71676	23	7070143	7070142
13	1	21	12	7	71660	25	71656	18	7069647	7069606
25	10	9	3	7	71752	31	71802	11	7079872	7079862
28	3	8	9	7	71752	13	71822	25	7081295	7081291
1	11	30	3	7	71820	30	71836	23	7086118	7086116
24	2	8	11	7	71872	28	71922	8	7092116	7092110
8	2	19	15	7	71820	2	71836	27	7086543	7086539
23	10	8	2	7	71712	27	71762	7	7076292	7076297
31	3	3	10	7	71772	16	71822	28	7081594	7081593
9	0	29	9	7	71720	3	71756	4	7077130	7077899
5	5	31	9	7	71720	20	71716	13	7075554	7075547
7	10	25	3	7	71900	12	71916	5	7093755	7093752
27	4	5	9	7	71712	30	71762	10	7076704	7076709
4	12	26	2	7	71760	25	71756	18	7079247	7079257
25	10	7	4	7	71892	11	71942	23	7093642	7093646
5	7	28	7	7	71780	24	71796	17	7082366	7082360
25	10	9	5	7	71692	18	71762	30	7075314	7075300
2	8	31	6	7	71780	29	71796	22	7083017	7083014
12	2	22	12	7	71880	2	71896	27	7092697	7092699
21	9	12	5	7	71932	28	71982	8	7098418	7098412
13	2	20	11	7	71720	21	71716	14	7075674	7075676
29	12	5	2	7	71772	2	71842	14	7083513	7083515
21	9	12	4	7	71852	9	71902	21	7090353	7090331
29	4	1	10	7	71732	13	71782	25	7078128	7078132
3	13	26	8	7	71720	23	71736	20	7075886	7076353
26	2	7	11	7	71852	19	71922	31	7091371	7091374
1	2	14	7	7	71820	22	71862	2	7085378	7085380
0	4	31	9	7	71900	7	71896	0	7093247	7093246
17	14	19	9	7	71892	17	71916	10	7094331	7094319
9	3	16	13	7	71740	17	71756	10	7078520	7078518
8	7	23	11	7	71780	16	71776	9	7081649	7081664
24	3	7	9	7	71712	4	71782	16	7077314	7077315
9	9	24	4	7	71800	11	71816	4	7084310	7084338
26	3	4	9	7	71772	0	71842	12	7083253	7083260
28	3	5	1	7	71932	31	72002	11	7098583	7098588
3	8	29	6	7	72120	18	72132	11	7116222	7116220
5	5	24	4	7	72200	27	72212	26	7123549	7124074
18	7	15	6	7	71952	17	72022	29	7100397	7100399
17	14	7	4	7	72132	30	72182	12	7117338	7117512
19	6	14	7	7	72172	4	72222	16	7121310	7121322
1	11	27	12	7	72020	12	72032	5	7106186	7106188
10	8	24	5	7	72060	15	72072	8	7109743	7109740
0	7	31	7	7	72060	19	72072	12	7110164	7110173
3	0	31	14	7	71960	18	71972	11	7100524	7100527
2	8	31	6	7	72040	30	72052	23	7107972	7107969
24	15	11	0	7	71992	16	72042	28	7103717	7103709
16	1	7	5	7	72052	15	72102	0	7109758	7110302
8	5	25	8	7	72040	2	72052	27	7108352	7108342
20	15	7	15	7	72032	25	72082	29	7107516	7106674
23	10	8	2	7	72112	4	72162	16	7114932	7114933
31	14	21	9	7	72152	24	72172	14	7120106	7119730
27	9	3	4	7	72192	22	72242	2	7123090	7123086
0	7	30	6	7	72000	26	72012	19	7104677	7104672
11	1	24	14	7	72080	26	72072	19	7110941	7110928
5	5	31	9	7	72140	22	72132	15	7116639	7116625
10	8	24	4	7	72160	21	72172	14	7119742	7119741
30	11	4	3	7	72012	5	72062	17	7105676	7105673
22	3	13	8	7	71972	25	72022	5	7101287	7101318
29	12	6	1	7	72192	25	72242	5	7123398	7123400
2	0	3	5	7	72060	23	72122	4	7110652	7110752
13	2	21	11	7	72040	21	72052	14	7107227	7107162
10	11	25	0	7	72200	18	72192	11	7122769	7122774
28	3	6	10	7	72112	13	72162	25	7115830	7115831
6	2	26	10	7	72060	7	72072	0	7108927	7108928
1	8	26	2	7	72120	6	72132	31	7115095	7115072
11	0	11	0	7	72120	18	72182	4	7116208	7116773
23	12	16	8	7	71972	28	71992	26	7101540	7101968
21	6	10	6	7	71972	7	72042	19	7102700	7102637
17	14	7	7	7	72132	5	72182	8	7118010	7117133
9	13	26	5	7	72320	19	72332	12	7134981	7134979
2	12	17	14	7	72360	25	72372	20	7138585	7138785
3	9	30	4	7	72440	0	72432	25	7145810	7145802
30	11	31	6	7	72332	9	72352	2	7136971	7136965
9	0	26	15	7	72260	15	72272	8	7128256	7128267
5	5	31	7	7	72320	20	72332	13	7135060	7135057
27	4	5	9	7	72212	26	72282	6	7126345	7126353
25	10	8	2	7	72452	30	72502	10	7148739	7148749
28	8	4	5	7	72392	1	72442	13	7142426	7142425
26	11	9	3	7	72412	23	72462	3	7144855	7144840
8	5	26	10	7	72440	10	72452	3	7146862	7146872
22	3	11	9	7	72312	31	72382	11	7136124	7136125
19	6	13	7	7	72412	24	72462	4	7144967	7144961
5	7	28	7	7	72300	26	72312	19	7132549	7132560
7	5	31	9	7	72320	9	72312	2	7133935	7133934
16	1	17	13	7	72252	21	72272	14	7128866	7128846
23	8	10	6	7	72332	12	72382	24	7137305	7137309
0	7	29	6	7	72440	3	72452	28	7146079	7146072
1	2	30	13	7	72220	22	72232	15	7126099	7126098
10	13	25	0	7	72340	11	72352	4	7137243	7137249
7	10	28	2	7	72420	17	72432	10	7144223	7144225
19	5	3	1	7	72212	11	72262	0	7125059	7125967
28	3	26	12	7	72452	28	72472	21	7148583	7148589
13	0	20	13	7	72220	15	72232	8	7125549	7125548
11	1	21	11	7	72300	24	72312	17	7132396	7132392
13	2	19	12	7	72460	24	72472	17	7148170	7148181
24	5	8	8	7	72252	16	72302	28	7128366	7128376
21	9	12	4	7	72332	4	72382	16	7136564	7136565
25	5	6	7	7	72452	11	72522	23	7149966	7149968
13	11	30	3	7	72320	8	72312	1	7133874	7133880
27	1	3	13	7	72212	21	72282	1	7126045	7126049
28	3	4	9	7	72312	20	72362	0	7135125	7135124
25	10	6	3	7	72372	21	72442	1	7141407	7141412
15	3	18	11	7	72360	29	72372	22	7139065	7139068
13	11	5	2	7	72400	27	72442	7	7141970	7141965
6	4	31	11	7	72320	17	72332	10	7134857	7134852
0	7	2	6	7	72460	5	72502	6	7149363	7148429
8	5	30	3	7	72400	28	72412	23	7141973	7142188
25	5	8	8	7	72232	13	72302	25	7128051	7128049
23	5	11	6	7	72292	8	72342	13	7133829	7133118
18	12	15	1	7	72372	15	72422	27	7140749	7140824
22	13	11	0	7	72512	30	72562	10	7154902	7154903
20	6	13	9	7	72652	12	72702	24	7169081	7169074
13	1	20	13	7	72540	20	72552	13	7157112	7157104
4	11	28	2	7	72680	21	72692	14	7169926	7169925
18	12	19	1	7	72472	31	72492	19	7151770	7151249
27	4	5	9	7	72632	18	72682	30	7166607	7166614
22	13	10	2	7	72652	18	72722	2	7169682	7170015
9	9	24	5	7	72720	6	72732	31	7174799	7174789
4	13	24	1	7	72560	6	72572	31	7158910	7158924
25	5	8	0	7	72632	19	72682	31	7166742	7166743
26	5	8	8	7	72592	16	72642	28	7163032	7163029
31	1	4	11	7	72612	3	72662	15	7165044	7165049
27	1	3	13	7	72652	15	72722	27	7169386	7169383
8	2	27	12	7	72480	19	72492	12	7150665	7150667
8	4	26	8	7	72520	3	72532	28	7155438	7155433
27	9	6	3	7	72692	22	72762	2	7173212	7173222
1	4	5	5	7	72660	5	72702	18	7168439	7168528
10	8	24	5	7	72680	30	72692	23	7170766	7170764
27	9	4	4	7	72612	26	72662	6	7164188	7164174
9	0	21	11	7	72660	11	72672	4	7169044	7169048
7	5	26	9	7	72560	25	72552	18	7157703	7157697
7	13	24	1	7	72580	22	72592	15	7160540	7160533
13	1	20	12	7	72680	25	72692	18	7170390	7170388
23	1	23	9	7	72532	12	72552	5	7156418	7156402
8	14	2	6	7	72500	6	72542	19	7152507	7152583
12	12	2	14	7	72600	6	72642	18	7162084	7162093
13	0	20	13	7	72620	3	72632	28	7165080	7165082
15	3	18	9	7	72720	0	72732	25	7174190	7174193
14	9	18	15	7	72500	29	72492	11	7151629	7150607
14	1	18	13	7	72500	6	72512	31	7152534	7152496
10	5	18	13	7	72540	10	72552	2	7156227	7156128
24	9	7	4	7	72512	24	72562	4	7154332	7154369
22	13	7	3	7	72492	3	72542	15	7152131	7152066
31	0	31	2	7	72572	24	72592	22	7160650	7161183
9	0	26	15	7	72820	29	72812	22	7183291	7183299
23	10	12	4	7	72772	25	72822	5	7179698	7179701
18	15	15	1	7	72892	20	72942	0	7191573	7191567
20	6	9	7	7	72972	2	73022	11	7198589	7198323
4	6	28	7	7	72880	25	72872	18	7189036	7189005
7	1	25	12	7	72920	4	72932	29	7193075	7193088
17	0	16	14	7	72932	11	72972	4	7196475	7196474
0	15	22	14	7	72840	24	72852	17	7186104	7186097
8	2	25	11	7	72880	11	72892	4	7190642	7190641
6	2	30	13	7	72740	18	72752	11	7175937	7175923
19	7	14	7	7	72892	27	72942	7	7192191	7192195
7	9	6	8	7	72880	0	72922	12	7189718	7189715
7	3	27	11	7	72880	9	72892	2	7190444	7190449
29	0	8	11	7	72812	0	72862	12	7183592	7183593
22	13	11	0	7	72972	3	73022	15	7198737	7198738
13	11	0	5	7	72740	15	72782	27	7175652	7175646
20	9	13	5	7	72772	9	72842	21	7181285	7181289
25	11	7	10	7	72932	24	72982	3	7194749	7194658
7	2	26	10	7	72760	16	72772	9	7178819	7178843
13	1	19	12	7	72880	10	72892	3	7190577	7190586
25	11	5	2	7	72932	30	72982	10	7195244	7195259
21	1	11	14	7	72832	21	72882	1	7185824	7185818
7	2	26	11	7	72760	9	72772	2	7178172	7178166
5	7	0	6	7	72940	4	73002	19	7195856	7196218
8	5	27	9	7	72960	26	72972	19	7197819	7197821
18	7	14	7	7	72752	17	72822	29	7178964	7178971
14	9	8	5	7	72760	11	72802	14	7178344	7177498
18	7	14	7	7	72832	4	72902	16	7187271	7187251
13	7	7	6	7	72820	28	72862	8	7183275	7183251
10	11	25	1	7	72840	31	72852	24	7186824	7186779
11	11	25	0	7	72840	1	72852	26	7186982	7186992
29	4	5	8	7	72752	12	72802	24	7178442	7178437
1	10	17	9	7	72940	31	72952	24	7195284	7195286
6	2	26	11	7	73200	6	73212	31	7220355	7220346
19	4	18	9	7	73032	12	73072	8	7205563	7205937
5	1	27	11	7	73000	25	73012	18	7200875	7200878
10	11	24	1	7	73020	16	73032	9	7203070	7203073
30	13	5	2	7	73212	2	73282	14	7223231	7223243
5	3	27	10	7	73000	31	73012	24	7201399	7201394
12	2	20	11	7	73160	23	73172	16	7215903	7215901
19	6	14	7	7	73112	25	73182	5	7213186	7213192
12	2	21	11	7	73080	16	73092	9	7209094	7209103
5	3	31	11	7	73120	14	73132	7	7212034	7212027
3	6	31	15	7	73140	3	73152	28	7214120	7214118
21	1	11	14	7	73012	25	73082	5	7203884	7203882
10	11	30	3	7	73220	19	73232	12	7221816	7221821
12	12	9	5	7	73220	28	73282	14	7222687	7223253
31	0	5	5	7	73012	21	73082	1	7203450	7203451
24	5	16	8	7	73092	28	73112	21	7210313	7210312
14	6	18	8	7	73100	23	73112	16	7209847	7209848
27	9	7	4	7	73112	29	73182	9	7213583	7213597
6	4	27	9	7	73000	1	73012	26	7201604	7201601
7	5	8	5	7	73080	10	73122	23	7208499	7208589
14	1	19	12	7	73100	0	73112	25	7210711	7210714
25	2	4	14	7	73092	27	73142	7	7210220	7210219
15	3	19	13	7	73160	28	73172	21	7216349	7216371
29	14	13	1	7	73172	11	73222	17	7217953	7217380
20	6	13	5	7	73192	1	73242	13	7219971	7219970
14	6	18	8	7	73100	5	73112	31	7211143	7211256
5	3	28	10	7	73000	27	73012	20	7201167	7201169
11	0	21	12	7	73240	17	73252	10	7224905	7224909
30	13	6	1	7	73172	13	73222	25	7218150	7218133
4	13	7	15	7	73180	23	73242	2	7219150	7219039
25	11	5	1	7	73172	11	73222	23	7217957	7217956
17	14	7	6	7	73172	27	73222	0	7219514	7218869
25	12	9	1	7	73212	26	73262	6	7222520	7222522
2	0	29	13	7	73040	8	73052	1	7205310	7205341
26	11	11	6	7	73152	2	73222	19	7217074	7217584
25	1	7	13	7	73212	16	73262	28	7221570	7221563
26	11	7	3	7	73032	8	73082	20	7205334	7205315
23	8	9	6	7	73192	4	73242	16	7220276	7220273
0	6	25	14	7	73180	12	73192	7	7218001	7218230
11	1	23	14	6380	73360	24	73352	17	7234778	7234784
5	1	30	13	6380	73400	17	73412	10	7240286	7240290
17	14	28	5	6380	73352	15	73372	5	7237056	7236810
15	11	2	5	6380	73440	16	73482	3	7243440	7244054
27	1	3	13	6380	73272	18	73322	30	7228200	7228212
17	14	18	9	6380	73412	4	73432	27	7242148	7241895
7	2	19	13	6380	73300	30	73312	30	7229376	7229991
29	11	6	3	6380	73312	29	73362	9	7232187	7232186
28	3	15	6	6380	73332	10	73382	19	7233483	7233185
11	0	22	15	6380	73400	4	73412	29	7239070	7239082
31	0	2	6	6380	73412	9	73482	21	7242724	7242714
29	4	0	10	6380	73432	28	73502	8	7244633	7244637
17	14	27	10	6380	73292	10	73312	9	7230401	7230894
24	3	30	12	6380	73452	19	73472	9	7246865	7246552
31	1	2	11	6380	73492	19	63808813	31	7249963	7249961
16	1	16	13	6380	73292	12	73312	5	7230558	7230566
25	5	4	9	6380	73352	28	73402	8	7235223	7235237
1	13	0	4	6380	73300	1	73342	17	7229669	7229999
25	5	5	8	6380	73352	9	73422	21	7236565	7236570
21	9	13	5	6380	73452	18	73522	30	7246840	7246789
23	0	19	1	6380	73492	15	73512	5	7249636	7249322
17	14	28	7	6380	73432	12	73432	3	7243046	7242823
16	1	19	9	6380	73492	11	73492	26	7249226	7248225
1	4	18	9	6380	73280	13	73292	15	7227740	7228704
11	1	19	15	6380	73300	4	73312	29	7229929	7229923
7	1	27	12	6380	73400	9	73412	2	7239675	7239674
19	7	15	6	6380	73412	4	73462	16	7242201	7242204
16	1	16	12	6380	73432	30	73452	23	7244851	7244822
0	15	26	8	6380	73280	17	73292	10	7228117	7228114
15	3	17	9	6380	73480	26	73492	19	7247541	7247546
27	4	3	10	6380	73332	23	73402	3	7234752	7234756
12	2	12	3	6380	73500	13	63808813	25	7249515	7249445
27	4	4	8	6380	73412	0	73462	12	7241785	7241787
17	0	16	12	6380	73472	27	73492	20	7247689	7247712
9	11	25	1	6380	73360	27	73372	20	7235142	7235143
4	6	28	7	6380	73420	22	73412	15	7240867	7240870
9	3	18	11	6380	73500	13	73512	8	7249518	7249651
16	15	31	9	6380	73312	27	73332	20	7232029	7232034
3	9	11	0	6380	73440	8	73462	12	7242602	7241673
31	3	3	10	6380	73372	24	73422	4	7237946	7237945
8	2	22	10	7	73720	10	73732	3	7271326	7271322
6	2	25	11	7	73560	18	73572	11	7256351	7256348
25	2	25	0	7	73632	26	73652	15	7263313	7262970
3	0	27	10	7	73540	30	73552	23	7254321	7254298
14	11	4	9	7	73580	6	73642	24	7258403	7258914
6	4	9	6	7	73700	15	73742	3	7268700	7269440
25	10	25	0	7	73632	29	73652	14	7263691	7262852
11	0	22	12	7	73620	4	73632	29	7261198	7261204
29	12	25	4	7	73492	25	73512	18	7250444	7250434
16	1	17	13	7	73632	2	73652	27	7264231	7264236
8	5	25	8	7	73520	26	73512	19	7250504	7250508
14	1	19	10	7	73600	23	73612	16	7259967	7259969
24	3	8	10	7	73512	8	73562	20	7251983	7251985
17	14	6	7	7	73712	4	73762	11	7270679	7270210
4	12	28	7	7	73580	24	73592	17	7256971	7256956
4	12	9	5	7	73700	30	73762	11	7270140	7270230
22	13	13	2	7	73632	21	73682	1	7262871	7262878
11	13	21	10	7	73660	21	73672	4	7266177	7265221
11	11	24	1	7	73660	21	73672	14	7266182	7266186
18	11	14	2	7	73532	28	73582	8	7254120	7254145
29	0	2	14	7	73532	18	73582	30	7253087	7253079
20	9	12	5	7	73632	7	73702	19	7264825	7264833
8	5	7	3	7	73520	10	73582	22	7252244	7252235
26	5	6	8	7	73672	28	73722	8	7266870	7266878
11	0	24	15	7	73660	21	73672	14	7266193	7266195
8	15	11	4	7	73620	30	73662	6	7260605	7260317
10	5	23	9	7	73620	2	73632	27	7261011	7261009
9	1	25	12	7	73660	5	73652	30	7264634	7264630
17	14	15	1	7	73512	8	73562	20	7252039	7252048
26	5	3	12	7	73632	25	73682	27	7263309	7262401
2	12	29	3	7	73740	30	73752	23	7273111	7273082
26	3	4	12	7	73672	12	73742	24	7268451	7268480
31	13	1	0	7	73732	6	73802	18	7273875	7273907
5	15	18	8	7	73540	30	73572	30	7254289	7255021
22	13	11	0	7	73852	16	73902	28	7284351	7284354
23	5	7	9	7	73772	4	73822	16	7276675	7276677
5	14	22	14	7	73800	27	73812	20	7279146	7279145
25	10	9	4	7	73872	8	73922	20	7286914	7286926
1	5	28	7	7	73900	31	73912	24	7289350	7289345
1	8	22	14	7	73940	3	73952	28	7292845	7292852
14	9	23	9	7	73940	5	73952	24	7293049	7292466
2	12	31	2	7	74000	10	74012	3	7299740	7299738
24	5	26	8	7	73812	10	73832	3	7280643	7280648
5	7	28	6	7	73820	4	73812	29	7280083	7280089
19	12	13	1	7	73792	3	73862	15	7279998	7280000
8	4	22	9	7	73760	24	73772	17	7275511	7275504
18	6	14	7	7	73812	15	73862	27	7281049	7281052
26	2	10	4	7	73932	1	73982	22	7292727	7293509
5	3	26	10	7	73820	6	73812	31	7280316	7280318
12	11	5	2	7	73900	25	73942	2	7288769	7288446
8	4	27	9	7	73960	23	73972	16	7294782	7294780
9	9	25	4	7	73960	2	73972	27	7295856	7295862
21	6	13	7	7	73912	19	73962	31	7291294	7291297
11	0	22	14	7	73960	2	73972	27	7295874	7295872
9	3	26	8	7	73980	19	73992	2	7297473	7296613
28	3	2	11	7	73932	16	74002	28	7294135	7294145
0	10	31	3	7	73800	25	73812	18	7278969	7278963
4	11	25	3	7	73900	22	73892	15	7288451	7288445
8	13	25	0	7	73980	17	73992	10	7297296	7297297
12	2	6	15	7	73860	29	73922	9	7285786	7285788
18	7	14	7	7	73812	16	73862	28	7281192	7281203
29	3	6	9	7	73852	0	73922	12	7286056	7286068
27	4	31	9	7	73952	27	73972	25	7295211	7295664
3	0	31	13	7	73780	29	73772	22	7275989	7276018
21	9	11	4	7	73912	14	73962	26	7290845	7290847
8	6	9	3	7	73840	8	73882	16	7283549	7283163
25	10	7	4	7	73832	28	73882	8	7282463	7282454
29	14	26	10	7	73932	16	73952	31	7294156	7293221
5	15	17	9	7	73880	8	73892	1	7287055	7286978
13	11	26	2	7	73960	0	73972	25	7295668	7295666
25	2	11	9	7	73812	8	73862	13	7280512	7279867
7	2	25	11	7	74220	26	74232	19	7319737	7319722
20	14	13	1	7	74052	5	74122	17	7305297	7305300
27	9	4	3	7	74072	16	74122	28	7306241	7306244
13	0	20	12	7	74120	25	74132	18	7310088	7310091
17	0	16	14	7	74092	10	74112	3	7308745	7308736
14	13	2	6	7	74120	24	74162	1	7310032	7309733
9	13	23	14	7	74060	31	74072	18	7304752	7304172
12	8	13	6	7	74160	1	74202	9	7314122	7313711
11	13	14	13	7	74240	11	74282	23	7321336	7321333
20	14	6	1	7	74172	31	74222	8	7317046	7316718
19	0	14	13	7	74212	11	74282	23	7321332	7321333
1	10	31	2	7	74140	9	74152	2	7311828	7311815
19	4	6	7	7	74112	21	74142	22	7309758	7308755
25	2	8	11	7	74132	16	74182	28	7312417	7312424
2	15	29	7	7	74060	20	74052	3	7303676	7302756
8	14	25	0	7	74200	7	74212	0	7317904	7317907
4	13	31	0	7	74020	27	74032	20	7301399	7301410
16	15	17	8	7	74052	30	74072	23	7304675	7304673
26	2	7	10	7	74092	19	74162	31	7309595	7309577
27	4	3	9	7	74132	15	74182	27	7312327	7312330
19	5	14	7	7	74152	7	74202	19	7314744	7314745
10	4	23	11	7	74120	18	74112	11	7309520	7309528
21	6	19	12	7	74052	1	74072	25	7304942	7304851
20	15	25	13	7	74072	19	74092	6	7306543	7306041
9	1	26	12	7	74040	1	74032	26	7301942	7301956
7	10	7	9	7	74060	27	74102	7	7304432	7304422
5	3	27	9	7	74180	29	74192	22	7316871	7316860
27	1	5	13	7	74012	2	74082	14	7302017	7302013
25	10	7	11	7	74092	5	74142	22	7308368	7308794
17	14	13	2	7	74092	14	74162	26	7309091	7309103
25	1	18	11	7	74172	26	74192	8	7316601	7315625
8	6	25	8	7	74060	31	74072	24	7304796	7304785
8	12	6	4	7	74180	27	74222	5	7316692	7316534
23	5	12	8	7	74012	19	74062	31	7300615	7300613
1	11	30	3	7	74120	23	74132	16	7309935	7309928
1	11	30	3	7	74180	26	74192	19	7316543	7316547
17	14	12	3	7	74112	31	74162	11	7310654	7310708
25	12	8	2	7	74172	16	74222	28	7315662	7315663
9	3	23	9	7	74460	6	74452	31	7343463	7343443
24	3	9	9	7	74352	11	74402	23	7334327	7334333
3	0	19	13	7	74400	13	74412	11	7337692	7338184
26	0	4	14	7	74372	11	74442	23	7337502	7337505
4	0	29	13	7	74400	17	74412	10	7338106	7338109
5	3	28	10	7	74340	19	74352	12	7331754	7331757
6	4	29	10	7	74400	11	74412	4	7337513	7337511
10	8	7	11	7	74500	19	74542	31	7347957	7347977
29	9	3	5	7	74332	23	74382	3	7332187	7332193
29	6	5	7	7	74492	30	74562	10	7349105	7349094
15	3	22	15	7	74340	14	74332	7	7331236	7331247
6	4	27	9	7	74360	6	74372	31	7333784	7333796
4	13	26	2	7	74420	13	74432	6	7340838	7340844
25	9	8	2	7	74312	12	74382	24	7331010	7331006
22	13	29	14	7	74372	4	74392	27	7336824	7336649
10	4	21	12	7	74300	12	74312	2	7327881	7327662
7	10	25	4	7	74380	28	74392	21	7336095	7336096
1	5	31	7	7	74300	10	74312	3	7327752	7327727
3	12	29	1	7	74300	21	74312	14	7328694	7328701
13	2	21	11	7	74340	26	74352	19	7332550	7332552
13	1	20	12	7	74480	8	74492	1	7346861	7346865
25	11	9	3	7	74272	1	74342	13	7326845	7326852
31	3	0	11	7	74392	16	74442	28	7338053	7338054
14	11	24	1	7	74280	17	74292	16	7325359	7325925
14	11	21	6	7	74300	23	74312	11	7328943	7328479
8	4	23	9	7	74460	18	74472	11	7344690	7344697
19	12	4	3	7	74352	19	74422	2	7335196	7335519
20	6	2	13	7	74412	19	74482	3	7341398	7341753
18	7	15	15	7	74472	15	74542	27	7347574	7347550
14	1	18	12	7	74340	25	74352	18	7332464	7332450
27	4	21	8	7	74372	4	74412	7	7336833	7337829
18	7	13	13	7	74452	21	74502	0	7344978	7344898
5	3	11	4	7	74300	7	74342	23	7327507	7327800
11	1	21	11	7	74360	19	74372	12	7335223	7335217
30	11	3	2	7	74412	5	74462	17	7340160	7340168
19	5	28	9	7	74452	19	74472	11	7344803	7344730
11	0	22	14	7	74340	19	74352	12	7331786	7331784
26	5	5	9	7	74312	5	74362	17	7330236	7330227
26	5	5	8	7	74432	1	74502	13	7342897	7342894
5	7	30	6	7	74340	16	74352	9	7331490	7331493
12	2	20	11	7	74480	3	74492	28	7346330	7346335
27	0	5	13	7	74392	14	74442	26	7337851	7337847
2	8	31	6	7	74380	30	74392	23	7336266	7336268
13	7	26	5	7	74380	5	74392	19	7336961	7335996
14	1	20	13	7	74480	25	74472	18	7345432	7345436
26	0	7	13	7	74272	22	74322	2	7325886	7325891
14	0	19	13	7	74340	26	74352	19	7332484	7332524
10	4	23	9	7	74380	25	74392	18	7335769	7335770
5	14	10	8	7	74520	0	74562	12	7349328	7349336
17	14	25	3	7	74352	9	74372	6	7334057	7334463
3	9	30	4	7	74560	10	74552	3	7353482	7353485
12	2	22	13	7	74740	28	74732	21	7371367	7371370
8	14	29	13	7	74760	18	74772	12	7373471	7373569
29	13	8	2	7	74512	7	74562	24	7350040	7350599
26	0	7	13	7	74532	9	74602	21	7353399	7353388
14	1	20	12	7	74640	10	74652	3	7363178	7363169
29	14	1	13	7	74572	13	74642	26	7356970	7357086
20	15	6	3	7	74712	27	74782	7	7371263	7371244
1	13	31	7	7	74700	26	74712	19	7367998	7368005
29	6	4	7	7	74592	31	74642	11	7358680	7358684
9	13	17	8	7	74600	25	74592	8	7358076	7357169
11	0	23	15	7	74760	27	74772	20	7374315	7374321
21	6	12	8	7	74572	18	74642	30	7357428	7357440
7	2	28	10	7	74560	23	74572	16	7354791	7354793
13	2	22	13	7	74580	2	74592	27	7355963	7355970
19	0	25	13	7	74652	29	74672	15	7365128	7364394
10	15	9	4	7	74560	16	74602	28	7354153	7354158
13	2	19	10	7	74720	19	74732	12	7370416	7370431
30	13	8	5	7	74712	18	74762	30	7370297	7370300
17	0	16	14	7	74512	7	74532	0	7350097	7350099
24	7	10	6	7	74532	4	74582	16	7352928	7352933
25	5	5	8	7	74532	6	74602	18	7353090	7353097
19	6	14	7	7	74712	20	74762	0	7370541	7370544
21	9	1	9	7	74652	3	74702	4	7365674	7364671
8	13	25	0	7	74620	8	74632	1	7359499	7359503
9	9	25	3	7	74760	16	74752	9	7373308	7373302
31	5	4	8	7	74572	5	74622	17	7356332	7356328
29	12	3	1	7	74612	20	74662	0	7360872	7360870
17	12	15	1	7	74752	28	74802	8	7374472	7374478
1	5	16	9	7	74580	12	74592	11	7356935	7357456
8	2	22	9	7	74700	29	74712	25	7368374	7368614
1	2	28	9	7	74760	1	74772	26	7374989	7374986
30	15	17	9	7	74652	28	74692	28	7365052	7365689
12	2	22	12	7	74580	13	74592	6	7357015	7357019
23	10	11	4	7	74572	14	74642	26	7357130	7357133
13	11	3	5	7	74680	7	74722	19	7366111	7366103
27	4	6	8	7	74572	3	74622	15	7356136	7356147
12	2	19	10	7	74700	31	74712	24	7368575	7368569
21	6	13	7	7	74612	9	74662	21	7359612	7359620
25	1	8	10	7	74612	19	74662	31	7360809	7360808
14	1	25	8	7	74680	13	74692	6	7366658	7366609
24	1	25	0	7	74692	11	74732	11	7369611	7370260
7	2	25	12	7	74980	19	74992	12	7395690	7395693
9	0	22	11	7	74880	26	74892	19	7386782	7386784
25	2	5	13	7	74772	15	74822	27	7376204	7376203
31	1	2	13	7	74992	9	75042	21	7397982	7397990
10	8	24	5	7	74780	15	74792	8	7376210	7376209
8	5	24	8	7	75020	26	75032	19	7399531	7399524
11	7	27	10	7	74880	10	74892	4	7385346	7385429
10	5	23	9	7	74920	22	74932	15	7389824	7389804
17	14	13	5	7	74832	7	74882	19	7381849	7381848
20	14	14	3	7	74912	24	74962	4	7389968	7389966
18	12	12	4	7	75012	26	75062	5	7399522	7399456
15	3	10	8	7	74820	20	74862	27	7380069	7379570
8	13	24	1	7	74920	19	74932	12	7389489	7389485
3	6	28	7	7	75000	15	75012	8	7398521	7398527
16	1	16	12	7	74912	29	74932	22	7390504	7390507
3	8	27	5	7	74820	29	74832	22	7380945	7380937
24	7	8	6	7	74932	22	75002	2	7392880	7392888
24	2	4	12	7	75012	24	75062	9	7399313	7399787
11	11	24	1	7	74900	13	74912	6	7388842	7388841
16	15	2	9	7	74952	29	75002	9	7393590	7393593
4	12	2	9	7	74780	19	74822	25	7376655	7376036
5	7	16	15	7	74860	4	74872	27	7384834	7384577
21	1	12	11	7	74872	16	74922	28	7385946	7385929
27	0	3	15	7	74892	7	74942	19	7388222	7388216
20	3	7	10	7	74912	1	74962	4	7390931	7389986
20	9	13	6	7	74952	7	75002	19	7394526	7394523
0	7	23	0	7	74780	21	74792	8	7376892	7376251
9	3	23	9	7	74840	9	74852	2	7382079	7382080
13	2	21	12	7	74820	20	74832	13	7380109	7380106
31	13	3	1	7	74912	2	74982	14	7391068	7391073
14	1	18	12	7	74880	11	74892	4	7385490	7385491
4	13	12	4	7	74880	12	74902	14	7385561	7384604
8	2	16	8	7	74880	21	74892	8	7386334	7385878
28	3	7	6	7	74932	18	74982	28	7392580	7392402
20	9	13	5	7	74812	27	74862	7	7380818	7380814
14	8	19	13	7	74820	30	74832	23	7381043	7381048
15	11	2	6	7	74900	12	74962	31	7388790	7389524
29	9	2	4	7	74832	16	74882	28	7382743	7382734
24	7	10	6	7	74932	13	74982	25	7392147	7392164
7	13	1	12	7	74860	29	74902	14	7384003	7384543
14	1	19	13	7	74880	15	74892	8	7385811	7385803
0	6	23	9	7	74960	10	74972	4	7394741	7394860
23	5	11	0	7	74932	11	74982	18	7391765	7391346
21	6	13	6	7	75152	19	75222	31	7414272	7414269
3	13	25	3	7	75220	31	75232	24	7418623	7418621
28	8	9	6	7	75072	31	75122	11	7406165	7406158
11	11	14	3	7	75060	29	75082	31	7402787	7401796
29	12	8	2	7	75032	26	75102	8	7402548	7402729
5	3	28	10	7	75100	5	75092	30	7406849	7406860
24	7	7	6	7	75152	22	75222	2	7414586	7414582
1	4	6	1	7	75280	29	75322	9	7424808	7424785
29	3	6	9	7	75152	4	75202	16	7412837	7412845
27	4	4	8	7	75232	5	75302	17	7422409	7422377
2	13	31	0	7	75220	11	75232	4	7419870	7419873
22	13	12	4	7	75012	9	75062	15	7401021	7400439
1	8	31	4	7	75040	13	75052	6	7401381	7401391
23	8	27	11	7	75092	23	75112	6	7408633	7407707
16	2	16	10	7	75232	31	75252	24	7421799	7421809
3	0	27	11	7	75120	3	75132	28	7409747	7409750
8	14	25	0	7	75240	20	75252	13	7420711	7420696
3	9	30	4	7	75200	22	75212	15	7417848	7417842
13	1	19	12	7	75220	6	75232	31	7419356	7419357
20	3	19	12	7	75072	24	75072	10	7405508	7404829
26	5	7	9	7	75172	6	75242	18	7416222	7416187
31	10	3	2	7	75192	21	75242	1	7417758	7417768
30	15	8	0	7	75032	12	75082	24	7401316	7401319
15	11	24	5	7	75040	12	75052	5	7401322	7401320
8	5	26	8	7	75060	4	75072	29	7403512	7403507
23	12	10	2	7	75172	1	75222	13	7415751	7415757
9	0	24	14	7	75060	8	75072	1	7403824	7403826
9	13	11	4	7	75100	8	75142	23	7407283	7407533
29	6	7	6	7	75192	28	75262	8	7418380	7418389
4	13	2	4	7	75060	8	75102	13	7403837	7403250
1	10	30	4	7	75200	9	75192	2	7416511	7416506
23	12	13	2	7	75052	12	75102	21	7404336	7403977
11	0	21	12	7	75080	19	75092	12	7405044	7405046
4	0	27	10	7	75100	9	75112	2	7407309	7407307
24	5	6	7	7	75052	13	75122	25	7404340	7404386
25	11	9	3	7	75312	18	75382	30	7429928	7429924
4	11	25	3	7	75420	9	75432	2	7438619	7438610
8	2	25	11	7	75480	13	75492	6	7445244	7445239
28	8	5	3	7	75352	18	75402	30	7433273	7433255
9	13	31	9	7	75400	20	75412	19	7436519	7437064
10	4	21	9	7	75400	23	75412	16	7436764	7436772
29	3	8	6	7	75332	29	75382	9	7431267	7431260
13	12	14	2	7	75300	23	75342	30	7427365	7426822
3	0	29	10	7	75520	27	75532	20	7449934	7449937
18	14	18	12	7	75472	12	75492	2	7445146	7444819
17	0	16	15	7	75472	13	75492	6	7445262	7445260
15	3	18	12	7	75520	19	75532	12	7449203	7449207
14	8	14	3	7	75380	3	75422	7	7434985	7434265
6	4	27	9	7	75400	26	75412	19	7437090	7437085
0	2	29	9	7	75440	30	75452	23	7440762	7440758
10	8	26	5	7	75300	21	75312	14	7427183	7427193
0	10	29	1	7	75420	13	75432	1	7439076	7438526
26	3	6	10	7	75292	19	75342	31	7426958	7426997
17	10	17	14	7	75292	22	75312	19	7427276	7427607
25	10	9	4	7	75432	4	75482	16	7441387	7441408
17	11	11	0	7	75512	22	75562	0	7449490	7449272
20	9	24	8	7	75312	20	75352	20	7430226	7431079
23	12	10	2	7	75452	18	75502	30	7442778	7442779
3	12	26	2	7	75300	29	75312	22	7427873	7427883
24	5	14	7	7	75272	15	75342	5	7426572	7427534
18	7	24	8	7	75432	29	75432	14	7440667	7439872
29	3	0	11	7	75272	3	75322	15	7425419	7425418
25	10	6	1	7	75352	26	75422	6	7434178	7434180
3	12	25	3	7	75460	19	75472	12	7442923	7442912
1	11	28	5	7	75460	20	75472	13	7443029	7442982
5	3	26	9	7	75500	2	75512	27	7447454	7447485
24	7	8	6	7	75352	18	75402	30	7433326	7433327
7	10	27	3	7	75440	30	75452	23	7440832	7440824
15	3	17	9	7	75500	0	75512	25	7447290	7447297
24	7	9	6	7	75492	26	75542	6	7446614	7446612
29	6	2	12	7	75512	14	75562	27	7448711	7448872
7	10	24	4	7	75320	5	75332	30	7428596	7428651
17	10	10	6	7	75392	28	75442	31	7437338	7436408
9	0	22	13	7	75580	17	75592	10	7455400	7455399
12	10	3	11	7	75660	27	75702	10	7462673	7462919
1	5	5	13	7	75580	19	75642	3	7455683	7456043
4	13	29	1	7	75660	30	75672	23	7462948	7462935
14	9	10	4	7	75680	20	75722	25	7464953	7464324
12	2	21	11	7	75740	13	75752	6	7470715	7470702
24	2	5	13	7	75572	10	75622	22	7454629	7454632
23	12	10	2	7	75592	4	75642	16	7457516	7457511
24	5	6	8	7	75632	18	75702	30	7461880	7461898
29	4	7	10	7	75752	31	75802	11	7472328	7472329
8	13	6	7	7	75600	30	75642	15	7457005	7457445
9	1	31	12	7	75700	1	75712	26	7466166	7466164
9	13	31	12	7	75740	5	75752	6	7469940	7470714
17	11	19	15	7	75592	0	75612	25	7457229	7457240
26	5	8	8	7	75752	3	75802	15	7472811	7472798
12	2	21	11	7	75740	4	75732	29	7469876	7469883
8	4	26	8	7	75560	30	75572	30	7453333	7454116
1	8	31	6	7	75640	12	75652	5	7461372	7461368
8	6	22	12	7	75660	27	75672	16	7462698	7462335
26	0	7	13	7	75692	12	75742	24	7467379	7467365
3	13	29	1	7	75560	0	75572	25	7453621	7453618
3	6	28	7	7	75660	24	75672	17	7462430	7462426
17	14	22	1	7	75572	11	75572	28	7454756	7453918
29	3	3	10	7	75672	25	75742	5	7465496	7465483
20	3	13	8	7	75692	5	75742	17	7466651	7466668
14	1	25	4	7	75780	15	75772	0	7474086	7473175
4	6	13	7	7	75620	30	75682	10	7460120	7460116
17	0	16	14	7	75532	9	75552	2	7451159	7451163
19	2	15	10	7	75712	31	75762	11	7469335	7469337
1	8	31	4	7	75580	10	75592	3	7454668	7454675
11	13	21	10	7	75700	14	75732	12	7467563	7468038
8	5	27	10	7	75780	22	75792	15	7474862	7474854
14	1	19	12	7	75560	20	75572	13	7452254	7452245
14	9	20	12	7	75600	9	75612	4	7458116	7458278
3	12	30	0	7	75740	4	75732	29	7469916	7469915
1	11	24	1	7	75660	5	75672	30	7463680	7463643
17	14	25	8	7	75532	16	75572	17	7451929	7452741
19	7	13	6	7	75612	3	75682	15	7460682	7460688
19	4	3	1	7	75652	29	75702	8	7462909	7462830
13	12	17	8	7	75600	8	75612	1	7457955	7457926
7	1	25	12	7	75660	29	75672	22	7462850	7462860
31	14	5	0	7	75532	19	75602	31	7452104	7452106
29	9	3	4	7	75712	0	75762	12	7469381	7469385
31	3	4	8	7	75932	24	75982	4	7490079	7490085
14	9	6	3	7	75800	4	75842	10	7476190	7475631
20	6	21	8	7	75772	28	75792	17	7475491	7475046
17	11	15	1	7	75892	16	75942	28	7486154	7486162
23	1	2	8	7	75932	17	75982	1	7489452	7489817
23	10	8	2	7	75972	28	76022	8	7493677	7493668
7	2	30	12	7	75800	2	75792	27	7475986	7475995
17	14	25	4	7	75852	17	75872	0	7483300	7482444
17	14	15	6	7	75992	31	76062	11	7496994	7497013
21	9	13	5	7	76012	4	76062	16	7497593	7497590
28	8	7	5	7	75772	0	75842	12	7475802	7475813
20	9	11	4	7	75972	1	76022	13	7494153	7494160
19	5	13	7	7	75992	31	76062	11	7497016	7497015
12	2	22	14	7	75820	25	75832	18	7478079	7478069
10	4	23	9	7	75960	7	75972	0	7491844	7491833
10	11	25	0	7	75800	7	75812	7	7476391	7476993
29	13	5	2	7	75992	31	76062	11	7497017	7497069
10	5	23	9	7	75800	19	75812	12	7477468	7477459
11	1	22	13	7	75880	3	75892	28	7485012	7485005
7	1	27	12	7	76020	1	76032	26	7497256	7497262
26	11	3	1	7	75812	29	75862	9	7478390	7478398
27	1	4	14	7	75972	28	76022	8	7493696	7493709
12	2	22	13	7	75940	31	75952	24	7490980	7490978
12	2	23	12	7	76000	8	75992	1	7494803	7494804
31	5	2	8	7	75972	29	76022	9	7493774	7493783
15	3	23	14	7	75940	30	75952	23	7490858	7490859
7	1	25	11	7	76020	13	76032	6	7498361	7498358
10	11	25	3	7	75820	25	75832	18	7478095	7478103
8	2	26	12	7	75880	23	75892	16	7483872	7483926
8	5	24	8	7	75860	13	75872	6	7483025	7483028
27	0	26	9	7	75772	1	75792	18	7475928	7475196
9	13	25	0	7	75800	18	75812	11	7477409	7477401
8	5	25	8	7	75840	22	75852	15	7480939	7480956
5	7	29	7	7	75980	25	75992	18	7493535	7493507
19	5	12	5	7	75992	22	76042	1	7496229	7496115
27	4	6	10	7	76012	19	76082	31	7498925	7498964
8	5	29	9	7	75780	29	75792	22	7475547	7475545
25	9	10	4	7	76052	11	76102	23	7501206	7501214
2	0	31	13	7	76100	22	76112	15	7505365	7505354
12	10	14	1	7	76240	25	76282	6	7517564	7517673
29	12	7	3	7	76072	12	76142	24	7504302	7504307
20	3	6	7	7	76132	27	76182	3	7508998	7508493
24	9	8	5	7	76232	31	76282	11	7518205	7518203
24	7	5	5	7	76292	8	76362	20	7524994	7524995
0	7	21	12	7	76120	1	76112	26	7506480	7506475
13	0	19	14	7	76140	28	76152	21	7509128	7509130
12	2	21	12	7	76260	21	76272	14	7520338	7520322
1	5	2	11	7	76280	0	76322	17	7521218	7521694
26	0	7	13	7	76232	14	76302	26	7519738	7519752
31	13	3	2	7	76252	21	76302	1	7520326	7520330
7	1	13	5	7	76220	19	76282	4	7517047	7517499
19	7	15	6	7	76252	26	76302	6	7520708	7520705
9	3	8	0	7	76180	13	76222	15	7513721	7512837
5	3	28	10	7	76300	21	76292	14	7523280	7523281
25	9	27	10	7	76192	25	76212	28	7514699	7515567
5	14	25	0	7	76140	22	76132	15	7508437	7508433
4	12	31	2	7	76140	22	76132	15	7508443	7508436
9	3	27	11	7	76140	4	76152	29	7510061	7510057
3	6	28	7	7	76160	8	76152	1	7510372	7510371
28	3	6	8	7	76212	9	76262	21	7516051	7516059
3	13	29	1	7	76180	6	76192	31	7513138	7513134
31	14	5	0	7	76092	1	76162	13	7506497	7506503
30	13	8	2	7	76132	10	76202	22	7510547	7510549
5	5	22	12	7	76100	18	76112	11	7505015	7505016
5	5	26	8	7	76200	23	76212	16	7514574	7514573
8	5	25	8	7	76100	21	76112	14	7505305	7505309
8	2	25	11	7	76160	11	76172	4	7510704	7510699
10	5	23	9	7	76180	1	76192	26	7512720	7512717
20	6	11	8	7	76112	9	76162	21	7507230	7507229
26	0	12	5	7	76032	5	76102	16	7500594	7500505
24	7	10	6	7	76212	12	76262	24	7516384	7516388
11	1	21	11	7	76140	31	76152	24	7509449	7509446
5	15	31	4	7	76260	12	76252	5	7519633	7519605
12	2	21	11	7	76260	28	76272	21	7520916	7520920
19	4	6	9	7	76272	7	76322	24	7521989	7522456
22	3	24	1	7	76292	7	76312	28	7524872	7524554
12	11	31	3	7	76160	15	76172	12	7511053	7511391
7	9	12	8	7	76240	11	76302	31	7519498	7520192
25	9	7	4	7	76052	14	76102	26	7501602	7501606
2	8	9	4	7	76280	7	76322	22	7521903	7522228
28	8	8	6	7	76412	20	76462	0	7535573	7535575
14	0	19	14	7	76340	30	76332	23	7527247	7527256
1	5	27	5	7	76400	8	76412	1	7534411	7534413
18	6	18	13	7	76352	24	76372	17	7529797	7529803
27	1	3	13	7	76392	0	76442	12	7533617	7533622
17	10	12	11	7	76512	4	76562	11	7547254	7546781
8	13	10	2	7	76360	29	76402	9	7530225	7530223
17	14	16	8	7	76492	1	76512	26	7543594	7543599
8	2	25	11	7	76360	28	76372	21	7530144	7530150
3	0	31	13	7	76360	2	76372	27	7530710	7530712
6	4	22	10	7	76480	25	76492	21	7542640	7543052
18	7	15	6	7	76312	24	76362	4	7526687	7526680
18	7	15	6	7	76452	5	76522	17	7540669	7540670
4	13	22	14	7	76400	2	76412	27	7533848	7533860
15	3	17	9	7	76500	13	76512	6	7544778	7544779
14	1	18	11	7	76360	27	76372	20	7530072	7530074
27	9	7	4	7	76432	21	76502	1	7539071	7539072
13	7	13	6	7	76362	20	76362	20	7525029	7525032
3	12	27	3	7	76500	29	76492	22	7543172	7543168
26	11	9	4	7	76332	5	76382	17	7527992	7528013
5	14	2	10	7	76360	20	76402	1	7529380	7529485
0	13	21	4	7	76500	1	76492	22	7543637	7543184
29	9	2	4	7	76352	26	76402	6	7530031	7530024
13	14	0	11	7	76380	15	76442	2	7532011	7532639
13	7	29	10	7	76540	15	76532	30	7548269	7547375
19	6	14	7	7	76412	29	76482	9	7536561	7536565
2	12	31	2	7	76440	4	76452	29	7537309	7537305
9	3	19	12	7	76460	22	76472	17	7539154	7539457
5	1	31	11	7	76540	22	76552	15	7548916	7548919
22	13	13	2	7	76452	9	76522	21	7541148	7541154
23	8	6	4	7	76532	24	76602	4	7549103	7549123
11	0	23	14	7	76440	11	76452	4	7538043	7538042
12	2	22	14	7	76560	27	76572	20	7549387	7549397
23	8	9	4	7	76332	15	76402	27	7528894	7528905
24	9	8	5	7	76532	19	76582	31	7548618	7548638
31	10	29	7	7	76292	11	76332	4	7525356	7525359
24	9	9	4	7	76452	3	76502	15	7540491	7540506
14	0	18	12	7	76320	18	76332	11	7526105	7526104
7	2	26	11	7	76520	29	76532	22	7546542	7546550
23	1	16	14	7	76412	28	76432	27	7536487	7537112
13	2	6	15	7	76340	7	76382	21	7528218	7528386
3	12	30	0	7	76380	15	76392	8	7532061	7532054
24	1	6	15	7	76332	9	76382	21	7528426	7528386
25	9	20	1	7	76332	10	76352	5	7528494	7528651
0	15	31	6	7	76460	3	76472	28	7540377	7540433
7	1	26	2	7	76640	17	76652	10	7557851	7557847
0	4	3	2	7	76760	18	76822	30	7570632	7570642
17	10	16	10	7	76592	6	76612	28	7553572	7553265
28	8	3	4	7	76652	3	76702	15	7559521	7559527
26	0	7	13	7	76612	8	76682	20	7556983	7556984
18	6	14	7	7	76732	20	76782	0	7567670	7567661
19	4	14	7	7	76732	25	76782	0	7568186	7567661
5	7	29	6	7	76700	22	76712	15	7564578	7564580
7	1	26	14	7	76740	25	76752	18	7568187	7568188
25	11	4	8	7	76612	10	76682	27	7557135	7557660
23	5	6	3	7	76632	17	76682	27	7557858	7557652
5	3	0	10	7	76560	4	76602	20	7550257	7550619
15	11	20	13	7	76580	16	76592	15	7551378	7551996
5	3	3	12	7	76640	24	76682	2	7558528	7558307
6	4	28	10	7	76560	2	76572	27	7550022	7550025
15	3	18	11	7	76600	9	76612	2	7553828	7553829
5	7	29	6	7	76740	24	76752	17	7568086	7568088
29	14	5	0	7	76772	30	76822	10	7571704	7571709
21	9	12	5	7	76572	29	76642	9	7552707	7552686
3	8	7	10	7	76720	2	76762	6	7565792	7565053
2	8	30	2	7	76760	15	76772	8	7570376	7570385
29	9	4	4	7	76652	10	76702	22	7560280	7560275
17	0	16	13	7	76792	20	76812	13	7573981	7573993
27	4	4	9	7	76592	14	76642	26	7554380	7554387
16	1	16	10	7	76692	23	76712	16	7564704	7564705
9	1	23	11	7	76740	29	76752	22	7568571	7568534
8	5	26	5	7	76580	15	76572	7	7551301	7551213
21	9	11	4	7	76732	30	76802	10	7568663	7568666
8	6	7	5	7	76680	22	76722	5	7561537	7561927
7	15	21	8	7	76600	6	76612	31	7553632	7553646
23	8	10	4	7	76652	1	76702	13	7559367	7559430
25	12	8	1	7	76552	6	76602	18	7550472	7550473
23	8	10	4	7	76632	15	76682	27	7557734	7557789
18	6	14	7	7	76732	22	76782	2	7567985	7567957
18	12	15	1	7	76572	28	76622	8	7552547	7552507
24	9	7	3	7	77012	16	77062	28	7595362	7595372
7	2	29	13	7	76860	6	76852	31	7578779	7578786
14	11	2	5	7	76960	9	77002	24	7588361	7588647
19	6	16	9	7	76832	1	76852	29	7578412	7578619
1	2	21	8	7	76860	11	76872	4	7579205	7579199
0	13	11	4	7	76880	2	76922	5	7581592	7580658
5	1	21	9	7	76940	23	76952	23	7586640	7587280
0	15	27	15	7	76980	8	76992	0	7591341	7591232
3	8	28	6	7	76860	12	76872	5	7579287	7579292
7	9	27	5	7	76880	3	76892	28	7581687	7581681
6	4	26	9	7	77060	28	77072	21	7599659	7599666
18	11	13	1	7	76872	1	76922	13	7581523	7581517
10	5	3	2	7	76900	28	76962	14	7583996	7584577
27	4	6	9	7	76932	6	77002	18	7588083	7588078
0	6	31	7	7	76960	19	76972	12	7589372	7589373
25	5	11	6	7	76852	11	76902	23	7579222	7579219
25	9	9	4	7	76872	4	76922	16	7581782	7581806
4	6	26	9	7	76920	15	76932	8	7585818	7585814
17	0	16	14	7	76912	6	76932	31	7584947	7584959
8	13	24	1	7	76980	28	76972	21	7590199	7590197
29	3	4	9	7	76972	15	77042	27	7592075	7592067
10	5	21	8	7	76900	17	76912	10	7582962	7582963
26	2	4	12	7	76892	19	76942	31	7583216	7583209
7	9	27	5	7	76840	26	76852	19	7577719	7577720
5	15	24	1	7	76920	1	76912	26	7584513	7584514
12	2	22	13	7	77000	3	77012	28	7594123	7594113
10	8	7	6	7	76820	10	76862	18	7576140	7575741
19	12	14	3	7	76972	0	77022	12	7590580	7590578
14	1	19	13	7	76860	9	76872	2	7579112	7579105
0	2	31	11	7	76860	23	76872	16	7580509	7580508
3	6	31	15	7	76960	12	76972	5	7588747	7588748
29	12	8	2	7	76812	6	76862	18	7575663	7575644
27	0	6	9	7	76892	25	76942	4	7583648	7583575
29	11	5	3	7	76992	31	77042	11	7593598	7593600
19	6	14	7	7	77228	14	77282	26	7617214	7617204
25	11	5	0	7	77248	29	77302	9	7618604	7618605
26	2	4	12	7	77052	0	77122	12	7600122	7600117
25	5	4	9	7	77092	7	77162	19	7603942	7603964
30	11	4	3	7	77152	3	77222	15	7610041	7610042
19	0	16	13	7	77168	11	77192	6	7610751	7610917
26	2	7	11	7	77228	2	77282	14	7616035	7616019
26	2	7	11	7	77248	31	77302	11	7618779	7618774
12	2	22	11	7	77260	25	77272	18	7618279	7618276
29	6	27	11	7	77288	6	77312	7	7622065	7622684
9	1	23	14	7	77080	12	77092	5	7601311	7601312
10	5	18	11	7	77140	3	77152	28	7607037	7607041
20	6	14	7	7	77052	31	77122	11	7600015	7600014
23	11	12	4	7	77052	31	77122	11	7600017	7600019
9	9	25	4	7	77100	25	77112	18	7602588	7602589
25	9	9	4	7	77308	30	77362	10	7624459	7624455
6	2	26	9	7	77240	12	77252	5	7617025	7617024
26	11	9	3	7	77308	27	77362	7	7624194	7624205
9	1	23	12	7	77120	13	77132	6	7604640	7604628
14	1	19	13	7	77140	7	77152	0	7607392	7607394
25	5	4	9	7	77132	8	77182	20	7607497	7607510
13	12	17	9	7	77200	9	77212	2	7613696	7613698
24	1	8	13	7	77112	20	77162	0	7605377	7605374
20	9	0	13	7	77208	13	77262	24	7614139	7614037
15	3	16	13	7	77240	1	77232	26	7616001	7615989
25	5	6	10	7	77248	20	77302	7	7617763	7618466
5	3	26	10	7	77240	10	77252	3	7616788	7616789
19	7	13	7	7	77228	1	77282	13	7615990	7615996
9	0	24	14	7	77120	21	77132	14	7605449	7605450
6	2	29	12	7	77300	8	77312	1	7622275	7622270
24	9	9	4	7	77208	17	77262	29	7614533	7614536
16	2	17	13	7	77248	21	77252	14	7617898	7617912
5	5	25	8	7	77300	13	77312	6	7622621	7622623
29	4	7	9	7	77072	5	77122	17	7600590	7600646
7	2	3	12	7	77140	30	77182	15	7606503	7607058
24	2	5	9	7	77052	3	77122	15	7600450	7600453
9	11	25	1	7	77220	27	77232	20	7615390	7615384
31	1	2	12	7	77152	24	77202	4	7608987	7608984
24	1	4	7	7	77228	19	77302	31	7617655	7617646
10	5	25	8	7	77440	11	77452	4	7635119	7635104
21	9	26	14	7	77488	18	77512	15	7641869	7642272
16	1	16	14	7	77528	21	77552	14	7645534	7645507
5	1	28	14	7	77560	19	77572	12	7648485	7648480
24	9	6	9	7	77328	22	77402	2	7626533	7626553
0	5	0	6	7	77382	17	77382	26	7625009	7625815
2	8	29	6	7	77400	4	77412	29	7631231	7631208
18	7	18	11	7	77328	22	77372	23	7626534	7627556
25	2	4	12	7	77348	9	77422	21	7628691	7628700
3	8	31	6	7	77500	12	77512	5	7641215	7641220
18	4	31	2	7	77488	13	77512	15	7641290	7642313
0	7	31	6	7	77380	16	77392	9	7629301	7629316
9	11	25	3	7	77400	16	77412	9	7632393	7632388
18	12	15	1	7	77348	0	77402	12	7627757	7627756
29	11	2	1	7	77348	11	77422	23	7628823	7628815
31	5	6	8	7	77468	20	77522	0	7639098	7639114
17	12	9	4	7	77568	21	77622	1	7648733	7648732
13	7	25	1	7	77440	21	77452	14	7636064	7636055
8	4	11	9	7	77460	3	77502	14	7637417	7637305
31	5	11	9	7	77448	4	77502	14	7637510	7637305
24	7	9	7	7	77528	17	77582	29	7645103	7645100
7	9	29	3	7	77440	10	77432	3	7635033	7635039
30	11	0	0	7	77328	19	77382	31	7626285	7626292
20	3	13	9	7	77508	4	77562	16	7643575	7643579
25	12	31	6	7	77528	22	77552	15	7645706	7645700
9	0	25	13	7	77360	30	77372	23	7627608	7627616
14	11	22	15	7	77440	23	77452	15	7636264	7636179
11	0	22	13	7	77540	22	77552	15	7645699	7645707
24	7	10	6	7	77548	18	77622	30	7648454	7648456
14	13	25	0	7	77340	23	77352	9	7626693	7626064
6	2	26	12	7	77560	19	77572	12	7648547	7648542
26	3	8	10	7	77408	23	77462	3	7633144	7633160
1	10	30	4	7	77520	25	77512	18	7642663	7642636
10	5	24	8	7	77580	21	77592	20	7648771	7649400
2	8	28	6	7	77420	29	77432	22	7633741	7633751
19	7	14	7	7	77348	31	77402	11	7627725	7627726
14	1	19	13	7	77380	20	77392	13	7629579	7629606
13	0	27	12	7	77780	14	77812	13	7670543	7671099
24	5	6	8	7	77568	6	77642	18	7650556	7650557
9	3	22	10	7	77680	11	77692	4	7660452	7660471
25	11	8	2	7	77748	17	77802	30	7667703	7667698
2	8	29	6	7	77600	12	77612	5	7651193	7651187
16	15	15	1	7	77588	18	77642	26	7651854	7651403
29	9	9	6	7	77728	2	77782	15	7666175	7666185
9	0	26	12	7	77640	1	77652	26	7656404	7656402
21	1	10	6	7	77628	19	77682	6	7655024	7655599
5	15	24	1	7	77620	11	77632	4	7654355	7654354
6	2	27	12	7	77740	1	77752	26	7666092	7666090
25	5	6	8	7	77728	31	77782	12	7665955	7665945
4	11	30	2	7	77700	28	77712	21	7662393	7662381
19	6	14	7	7	77608	15	77682	28	7654728	7654745
4	11	27	3	7	77580	1	77592	26	7650072	7650062
9	9	3	11	7	77660	13	77702	28	7657526	7657751
5	1	21	1	7	77640	25	77652	28	7655623	7656613
7	13	25	1	7	77780	1	77792	26	7669301	7669294
26	3	11	0	7	77708	10	77762	22	7663924	7663803
14	1	19	12	7	77640	3	77652	28	7656622	7656623
27	9	7	6	7	77648	7	77702	20	7657009	7657008
23	8	8	5	7	77728	25	77782	6	7665295	7665293
1	10	31	4	7	77640	24	77652	17	7655520	7655514
3	0	26	11	7	77660	6	77652	31	7656899	7656903
12	2	22	11	7	77760	15	77772	8	7667587	7667576
29	4	4	9	7	77688	13	77742	26	7660731	7660735
7	2	1	10	7	77620	12	77662	24	7654499	7654403
16	2	16	10	7	77608	13	77632	0	7654592	7653986
23	8	4	4	7	77728	22	77782	3	7665048	7665097
23	10	11	4	7	77728	29	77782	10	7665761	7665764
22	13	11	0	7	77788	1	77862	14	7672382	7672401
14	0	18	13	7	77780	30	77772	23	7668903	7668885
27	4	24	1	7	77748	13	77772	8	7667260	7667534
18	7	14	7	7	78048	22	78102	4	7696388	7696371
7	1	19	15	7	78040	11	78052	14	7695279	7696303
23	8	12	5	7	77908	15	77962	28	7683049	7683041
9	0	25	14	7	77840	4	77852	29	7675857	7675848
8	2	30	6	7	78040	14	78052	7	7695560	7695565
17	12	15	1	7	78048	1	78102	15	7697513	7697522
25	11	8	1	7	78048	5	78122	19	7697886	7697885
12	2	22	11	7	77880	1	77872	26	7678620	7678616
10	4	21	9	7	77880	5	77892	30	7679011	7679015
5	1	25	11	7	77920	15	77932	8	7683057	7683055
24	15	27	9	7	77848	22	77872	22	7677640	7678320
8	6	28	7	7	77840	6	77852	31	7676084	7676082
16	2	17	14	7	77868	13	77892	6	7679851	7679855
27	4	5	9	7	77928	6	77982	19	7685340	7685337
21	9	12	4	7	77988	1	78042	15	7691223	7691222
31	3	1	10	7	78068	13	78122	27	7698718	7698733
15	11	2	14	7	77860	15	77902	28	7676993	7676990
25	10	9	3	7	77868	16	77942	29	7680157	7680155
5	7	29	7	7	77840	7	77852	0	7676165	7676169
12	8	3	4	7	77860	27	77922	20	7678179	7679190
27	0	8	13	7	77968	23	78042	5	7690381	7690386
24	7	7	7	7	78028	10	78082	24	7695209	7695215
0	10	11	4	7	77960	19	78002	6	7686705	7687267
1	13	31	4	7	77860	25	77892	29	7677985	7678944
7	5	26	11	7	78060	0	78092	4	7697455	7698455
17	0	16	14	7	77988	9	78012	2	7692083	7692067
9	0	27	15	7	78040	8	78052	1	7695037	7695042
25	9	6	4	7	77888	7	77962	20	7682390	7682380
29	3	0	11	7	78028	14	78082	28	7695604	7695608
1	10	29	9	7	77860	23	77872	16	7677779	7677791
25	1	7	11	7	78028	9	78082	23	7695171	7695149
25	9	7	4	7	77848	24	77902	5	7677870	7677867
27	9	2	4	7	77928	28	77982	9	7684276	7684267
27	1	7	11	7	77928	30	77982	11	7684495	7684518
21	6	12	5	7	78148	1	78202	15	7707019	7707016
18	6	14	7	7	78228	18	78282	0	7715200	7715194
9	3	13	6	7	78100	12	78162	26	7701878	7701884
13	2	20	12	7	78180	19	78192	12	7708800	7708802
20	15	26	5	7	78128	8	78152	1	7704612	7704606
26	5	5	8	7	78208	23	78262	5	7712436	7712434
3	6	28	6	7	78140	12	78152	5	7705127	7705137
7	1	26	11	7	78180	21	78192	14	7709001	7708990
9	9	20	1	7	78220	5	78232	2	7713763	7714237
23	5	9	9	7	78128	12	78182	26	7705128	7705133
29	12	5	1	7	78168	20	78222	2	7708911	7708910
28	8	4	4	7	78128	10	78182	24	7704907	7704900
19	12	14	1	7	78128	18	78182	0	7705625	7705634
23	11	8	6	7	78268	23	78342	13	7719070	7719902
2	8	30	6	7	78120	28	78132	21	7703427	7703422
22	13	11	0	7	78088	10	78142	24	7701600	7701610
23	3	10	8	7	78168	22	78222	4	7709070	7709075
9	0	23	12	7	78100	3	78112	28	7701053	7701060
7	5	25	8	7	78180	22	78192	15	7709083	7709089
7	10	22	11	7	78220	29	78232	22	7713027	7713022
17	14	5	5	7	78188	4	78242	18	7710482	7710490
24	7	8	6	7	78088	28	78142	10	7700302	7700304
26	3	2	1	7	78308	7	78382	21	7723882	7723871
22	3	14	7	7	78148	11	78222	25	7708042	7708051
26	3	6	10	7	78188	3	78242	17	7710433	7710438
18	4	24	4	7	78288	14	78312	7	7721433	7721440
1	4	29	9	7	78180	21	78192	14	7709014	7709032
26	11	9	3	7	78108	26	78162	8	7703253	7703248
25	9	7	4	7	78148	4	78202	18	7707227	7707226
16	1	17	9	7	78188	4	78212	2	7710520	7710975
14	0	18	13	7	78100	14	78112	7	7702148	7702149
7	5	25	11	7	78140	5	78132	30	7704335	7704348
14	1	18	13	7	78200	3	78212	28	7710444	7710439
9	0	20	11	7	78260	3	78272	28	7716898	7716903
17	0	19	10	7	78248	14	78272	7	7718114	7718122
10	5	15	6	7	78220	22	78242	27	7712374	7711374
18	7	15	6	7	78188	13	78242	27	7711353	7711374
26	3	6	10	7	78348	18	78422	0	7728200	7728197
17	14	20	1	7	78468	5	78492	2	7739451	7739961
30	11	6	3	7	78348	19	78422	1	7728282	7728291
14	9	31	15	7	78420	9	78452	12	7733654	7734598
19	0	2	8	7	78388	10	78422	14	7730401	7729465
18	7	15	6	7	78468	30	78522	12	7738836	7738837
29	0	7	13	7	78528	3	78602	17	7745612	7745620
13	1	20	11	7	78340	19	78352	12	7725045	7725033
10	4	22	10	7	78400	17	78412	10	7731044	7731039
5	1	30	5	7	78360	16	78372	12	7728093	7728296
31	13	5	2	7	78428	2	78502	16	7736018	7736019
4	11	26	2	7	78460	5	78452	30	7736348	7736334
26	5	8	8	7	78328	30	78402	12	7726252	7726253
16	13	26	5	7	78348	13	78372	31	7727736	7727044
26	3	1	11	7	78408	1	78462	15	7732748	7732746
5	7	28	6	7	78360	15	78372	8	7727953	7727961
9	3	18	8	7	78540	26	78532	13	7744654	7744118
10	5	23	9	7	78520	15	78532	8	7743657	7743658
7	9	25	4	7	78560	10	78552	3	7746338	7746340
25	12	23	15	7	78348	18	78372	11	7728227	7728240
31	0	20	13	7	78528	7	78552	29	7746042	7745704
3	13	31	0	7	78480	25	78472	18	7738369	7738377
17	11	15	10	7	78468	11	78522	20	7740202	7739663
25	9	7	4	7	78528	24	78582	6	7744526	7744539
8	13	24	4	7	78420	30	78432	28	7732408	7732998
25	2	25	1	7	78368	24	78392	17	7728787	7728782
28	3	7	10	7	78368	29	78422	11	7729262	7729263
29	6	6	7	7	78508	16	78582	30	7743758	7743773
23	2	22	10	7	78568	3	78592	0	7748776	7749224
8	12	24	1	7	78360	13	78372	6	7727767	7727757
23	2	3	2	7	78368	7	78442	30	7730162	7730943
13	11	0	14	7	78420	2	78462	16	7732877	7732868
6	15	19	15	7	78460	14	78472	9	7737300	7737510
31	5	19	13	7	78448	9	78472	2	7736804	7736812
19	6	19	15	7	78448	16	78472	9	7737506	7737510
5	3	30	3	7	78380	2	78392	2	7729669	7730353
14	1	18	11	7	78520	4	78532	29	7742722	7742695
29	3	19	15	7	78468	7	78492	2	7739761	7740020
27	13	18	8	7	78488	25	78512	10	7741499	7740840
26	5	6	7	7	78508	17	78582	31	7743914	7743890
13	1	5	3	7	78380	25	78442	18	7728922	7729908
8	7	25	8	7	78520	17	78532	10	7743892	7743926
25	2	7	11	7	78388	20	78442	2	7731421	7731419
25	12	5	0	7	78448	19	78522	1	7737855	7737859
19	6	14	7	7	78548	13	78602	27	7746718	7746714
3	8	30	5	7	78340	21	78352	14	7725170	7725171
19	6	14	7	7	78388	17	78442	31	7730985	7731016
14	15	19	12	7	78720	27	78732	20	7763867	7763878
7	10	29	3	7	78780	11	78792	4	7768688	7768670
27	1	6	10	7	78708	19	78762	1	7763129	7763139
7	3	27	3	7	78760	22	78752	8	7766639	7765917
13	12	20	0	7	78800	29	78792	12	7770398	7769407
27	4	6	9	7	78808	21	78862	3	7772757	7772731
5	7	29	6	7	78720	10	78712	3	7762098	7762103
21	6	13	7	7	78728	30	78782	12	7764175	7764173
21	9	13	5	7	78628	27	78682	9	7754264	7754263
17	14	5	7	7	78668	15	78742	4	7759410	7760248
9	11	31	2	7	78660	14	78652	7	7756169	7756163
6	4	27	10	7	78800	30	78812	23	7770555	7770539
13	2	20	11	7	78800	8	78812	1	7771423	7771433
16	13	27	3	7	78708	23	78732	19	7763555	7763781
10	5	23	9	7	78600	27	78612	20	7751082	7751112
14	0	18	11	7	78620	6	78612	31	7752036	7752043
20	9	13	5	7	78768	11	78822	25	7768689	7768687
23	11	10	4	7	78788	11	78862	25	7771753	7771736
21	1	5	5	7	78688	23	78742	30	7760318	7759544
3	8	29	6	7	78820	12	78812	5	7771892	7771900
11	1	22	13	7	78840	8	78852	1	7774853	7774851
14	13	12	5	7	78620	9	78662	23	7752466	7752458
11	1	23	15	7	78780	15	78792	8	7769054	7769034
19	7	14	7	7	78608	10	78662	24	7752633	7752628
26	11	25	13	7	78648	14	78672	15	7756173	7756903
6	4	26	9	7	78740	12	78752	5	7765690	7765696
5	5	28	9	7	78760	0	78772	25	7767659	7767674
24	2	8	10	7	78628	1	78682	15	7754881	7754876
9	11	24	1	7	78600	24	78612	17	7750855	7750862
2	8	30	5	7	78680	11	78692	4	7759024	7759020
17	14	15	6	7	78748	19	78802	1	7766372	7766380
9	0	25	13	7	78700	28	78712	21	7760842	7760839
17	0	16	12	7	78588	16	78592	9	7750136	7750133
10	4	22	9	7	78620	8	78632	1	7752412	7752417
9	13	8	8	7	78680	6	78722	24	7758368	7758835
29	0	5	0	7	78948	4	79022	24	7786963	7787520
29	9	5	5	7	79008	5	79082	19	7793159	7793152
29	4	1	10	7	79068	17	79122	31	7797209	7797213
20	6	13	6	7	79088	6	79142	20	7799210	7799215
3	6	29	1	7	78860	25	78872	29	7776523	7777517
18	12	13	1	7	78848	4	78922	18	7777521	7777524
27	4	7	9	7	79048	12	79122	26	7796711	7796692
9	0	7	3	7	78840	16	78902	30	7775561	7775563
29	0	0	15	7	79028	9	79082	23	7793537	7793549
23	5	8	0	7	79068	17	79122	31	7797221	7797215
3	6	4	5	7	78900	12	78962	1	7781421	7782056
5	1	27	11	7	78920	24	78932	17	7782521	7782516
6	2	11	4	7	79000	10	79042	22	7790466	7790281
15	3	19	12	7	78840	19	78852	12	7775868	7775866
30	11	5	3	7	78908	30	78962	12	7783149	7783147
19	6	14	7	7	78968	17	79022	31	7788217	7788209
24	7	8	0	7	79028	19	79082	1	7794631	7794620
0	10	31	4	7	78900	11	78912	4	7781365	7781371
1	8	31	6	7	78940	21	78952	14	7785489	7785494
5	1	27	12	7	78980	27	78992	20	7789010	7789016
10	11	25	0	7	79020	7	79032	0	7793350	7793337
23	11	10	2	7	78988	12	79042	26	7790659	7790655
18	12	15	1	7	79008	29	79062	11	7792271	7792272
29	4	3	10	7	79048	13	79122	27	7796821	7796818
25	2	8	10	7	79068	18	79122	0	7797325	7797321
14	9	8	0	7	78860	25	78902	15	7776561	7777241
2	8	31	9	7	78980	25	78992	18	7788836	7788841
11	1	24	14	7	78980	30	78992	23	7789295	7789288
25	2	7	11	7	78988	16	79062	30	7791009	7791011
24	2	7	11	7	79048	10	79102	24	7796586	7796597
10	8	26	5	7	78860	31	78872	24	7777070	7777067
9	1	28	14	7	78880	22	78892	15	7779331	7779328
3	8	30	2	7	78920	18	78912	11	7782024	7782022
7	9	25	8	7	79020	22	79012	15	7791595	7791581
24	9	11	6	7	78968	27	79042	9	7789027	7789030
4	6	31	7	7	78920	17	78912	10	7781910	7781905
6	4	26	8	7	79040	17	79052	10	7794400	7794406
18	6	12	3	7	78928	22	79002	4	7785589	7785593
8	2	26	12	7	78960	2	78972	27	7786769	7786763
2	13	31	0	7	78940	10	78952	3	7784413	7784405
10	11	24	1	7	78880	21	78892	14	7779173	7779171
8	13	25	0	7	79000	3	79012	28	7789725	7789750
29	13	5	1	7	78888	4	78942	18	7780690	7780670
20	9	12	3	7	79048	3	79102	17	7795939	7795933
23	10	9	3	7	79068	24	79122	6	7797953	7797952
31	1	4	12	7	79228	2	79302	17	7814625	7814627
21	1	12	12	7	79248	20	79322	3	7816329	7816334
6	2	29	13	7	79200	15	79212	8	7809800	7809797
27	4	1	9	7	79128	18	79182	0	7803634	7803644
30	13	7	3	7	79128	31	79202	13	7804822	7804812
13	2	20	11	7	79140	26	79152	19	7804359	7804349
7	2	21	5	7	79200	10	79192	27	7809305	7808480
2	13	25	3	7	79120	30	79132	23	7801666	7801658
12	13	26	12	7	79140	24	79152	27	7804179	7805186
9	0	23	1	7	79240	25	79252	24	7813783	7814386
3	0	29	12	7	79200	25	79212	18	7810612	7810603
25	10	9	4	7	79188	9	79242	23	7809235	7809227
5	3	26	10	7	79300	25	79312	18	7819840	7819847
21	9	13	6	7	79248	10	79302	25	7815432	7815411
27	0	13	5	7	79328	27	79382	11	7823253	7823357
5	3	27	9	7	79120	8	79132	1	7802696	7802695
23	11	13	1	7	79148	6	79202	20	7805622	7805624
0	15	30	5	7	79340	20	79332	13	7822677	7822680
24	2	16	9	7	79208	3	79232	24	7811613	7811225
3	8	19	14	7	79360	13	79372	6	7824958	7824956
23	12	8	2	7	79248	4	79302	19	7814863	7814877
26	15	22	10	7	79288	25	79312	14	7819868	7819516
7	2	26	12	7	79180	29	79192	22	7808040	7808045
5	3	30	12	7	79280	25	79272	18	7816766	7816762
19	7	13	6	7	79148	10	79202	24	7806057	7806060
5	3	1	0	7	79160	16	79202	25	7806712	7806175
12	10	3	12	7	79240	26	79282	11	7813897	7814137
8	6	25	8	7	79340	0	79352	25	7823751	7823754
25	1	17	13	7	79248	13	79272	0	7815779	7815177
27	9	6	4	7	79268	7	79342	22	7818058	7818051
1	4	27	9	7	79100	19	79112	12	7800618	7800611
12	12	29	1	7	79320	10	79332	3	7821675	7821682
20	6	1	9	7	79348	12	79402	23	7824900	7824470
18	15	30	2	7	79128	31	79152	26	7804774	7805010
31	10	4	4	7	79528	2	79582	17	7842988	7842986
3	12	31	0	7	79420	4	79412	29	7830366	7830362
11	0	22	13	7	79460	18	79472	11	7835167	7835173
28	15	5	0	7	79408	13	79462	28	7831266	7831274
14	9	28	7	7	79440	7	79452	0	7834030	7834024
21	6	13	6	7	79428	8	79502	23	7834167	7834171
5	1	25	11	7	79360	17	79372	10	7825376	7825375
7	5	28	10	7	79420	12	79432	5	7831153	7831149
7	2	25	11	7	79480	16	79492	9	7837948	7837941
2	0	30	13	7	79500	28	79512	21	7839142	7839141
9	11	25	3	7	79560	3	79572	28	7846347	7846346
12	2	21	12	7	79380	6	79392	31	7827362	7827366
14	6	17	9	7	79520	26	79532	10	7842194	7841327
14	0	18	11	7	79600	30	79612	23	7848958	7848949
31	10	2	3	7	79548	21	79602	4	7844805	7844841
8	6	26	8	7	79400	19	79412	12	7828774	7828768
13	1	20	12	7	79420	18	79432	11	7831712	7831713
29	12	5	2	7	79488	30	79542	13	7839409	7839414
8	2	26	12	7	79400	20	79412	13	7828865	7828859
31	5	7	4	7	79568	19	79642	2	7847809	7847810
24	9	7	5	7	79348	20	79402	3	7825738	7825739
22	3	10	11	7	79388	26	79442	9	7829370	7829361
24	7	8	6	7	79568	11	79622	26	7847047	7847044
28	3	5	9	7	79388	3	79462	18	7830291	7830288
12	2	22	13	7	79440	24	79432	17	7832310	7832307
27	1	2	13	7	79388	1	79462	16	7830057	7830061
19	6	13	7	7	79408	8	79462	23	7830823	7830816
11	1	20	11	7	79440	31	79452	24	7833098	7833073
7	10	24	5	7	79440	4	79452	29	7833730	7833645
26	3	6	4	7	79528	0	79582	15	7842825	7842830
23	11	9	1	7	79568	14	79622	29	7847382	7847357
29	0	7	11	7	79368	6	79422	21	7827393	7827404
26	2	7	11	7	79448	15	79502	30	7834814	7834819
24	9	22	2	7	79588	28	79612	28	7848763	7849371
9	9	25	4	7	79620	20	79632	13	7850997	7851000
3	0	26	12	7	79680	12	79692	5	7857042	7857037
16	13	13	6	7	79628	12	79682	27	7853671	7853666
26	5	10	8	7	79788	1	79842	16	7868900	7868879
21	9	12	3	7	79828	10	79882	25	7873228	7873238
14	0	19	14	7	79620	29	79632	22	7851987	7851986
21	9	11	4	7	79608	12	79662	27	7850215	7850212
31	5	1	9	7	79648	7	79722	22	7856501	7856477
11	0	22	13	7	79620	30	79632	23	7852100	7852098
5	15	1	12	7	79720	20	79762	10	7861075	7861712
23	1	20	1	7	79768	19	79772	3	7867656	7866726
31	0	2	5	7	79828	26	79902	9	7874729	7874722
0	15	29	6	7	79640	6	79652	31	7852976	7852977
9	9	24	4	7	79640	13	79652	6	7853765	7853773
7	2	29	12	7	79740	4	79732	29	7862777	7862771
17	0	16	12	7	79608	16	79632	9	7850622	7850618
18	7	12	11	7	79668	19	79722	2	7857693	7857697
23	8	9	6	7	79728	22	79802	5	7864731	7864741
7	5	25	8	7	79700	2	79712	27	7859208	7859218
9	1	23	12	7	79780	27	79792	20	7868337	7868336
7	13	18	11	7	79700	4	79712	3	7859396	7860030
20	9	12	3	7	79628	12	79682	27	7853702	7853706
25	12	9	1	7	79608	14	79662	29	7850447	7850457
22	3	8	13	7	79768	30	79842	13	7868665	7868632
21	9	11	4	7	79648	24	79702	7	7854901	7854904
14	8	20	12	7	79620	18	79632	11	7850876	7850881
8	7	28	7	7	79840	25	79852	18	7874690	7874692
17	14	15	1	7	79828	15	79882	30	7873723	7873705
8	4	25	8	7	79620	26	79632	19	7851725	7851733
5	1	22	12	7	79720	28	79732	21	7861966	7861941
7	10	3	10	7	79800	2	79842	26	7869077	7870056
27	0	7	13	7	79768	24	79822	7	7868091	7868085
1	10	27	9	7	79620	28	79632	27	7851944	7852543
11	0	22	13	7	79640	9	79652	2	7853349	7853353
3	14	28	10	7	79840	19	79852	12	7874156	7874166
10	8	24	5	7	79620	16	79632	9	7850701	7850702
14	0	18	12	7	79620	17	79632	10	7850806	7850777
0	2	0	8	7	79640	10	79702	30	7853487	7854002
24	5	15	6	7	79748	0	79802	17	7865823	7866003
6	15	24	1	7	79640	11	79652	4	7853635	7853624
11	0	30	3	7	79640	1	79632	19	7852384	7851621
2	8	20	11	7	79740	7	79752	0	7863005	7863044
6	2	26	10	7	79840	8	79832	1	7873054	7873049
15	3	18	11	8	79920	28	79932	21	7881220	7881219
5	7	29	6	8	80020	30	80012	23	7891127	7891149
18	15	12	3	8	79868	23	79922	1	7877459	7876941
18	12	15	1	8	79948	8	80002	23	7885593	7885564
29	9	16	10	8	80068	25	80072	12	7897092	7896506
23	3	8	2	8	80088	20	80142	4	7899689	7899737
1	8	28	6	8	80020	8	80032	1	7892123	7892128
22	13	14	2	8	79888	17	79942	0	7880012	7879995
27	9	7	4	8	79968	24	80022	7	7887153	7887143
8	5	25	8	8	79880	26	79892	19	7877798	7877797
9	0	23	12	8	79920	5	79932	30	7882033	7882040
29	6	5	7	8	79928	22	79982	5	7883687	7883669
11	1	21	9	8	79900	5	79892	30	7878802	7878806
13	7	2	13	8	79940	24	80002	15	7883918	7884773
14	14	14	3	8	80060	7	80102	17	7895170	7894752
20	9	13	6	8	80008	1	80062	16	7891454	7891460
12	2	21	12	8	80000	9	79992	2	7888941	7888946
7	10	27	3	8	80100	21	80112	14	7899780	7899788
18	6	29	6	8	79888	18	79912	11	7880188	7880197
25	12	10	2	8	79948	10	80002	25	7885839	7885850
25	9	8	5	8	80028	24	80082	7	7893656	7893657
28	3	6	10	8	80048	17	80102	0	7896371	7896378
14	6	18	8	8	79960	3	79972	28	7885097	7885095
24	9	6	4	8	79888	5	79942	20	7878816	7878823
17	11	13	5	8	79948	16	80022	31	7886395	7886399
23	8	9	3	8	80068	28	80122	11	7897470	7897447
7	2	23	9	8	79940	16	79952	9	7883067	7883059
17	14	15	1	8	79968	27	80022	10	7887500	7887505
8	6	24	8	8	80100	16	80112	9	7899313	7899315
30	11	0	1	8	79888	8	79942	23	7879096	7879090
23	8	16	15	8	79948	0	79952	26	7884793	7884954
7	10	26	2	8	79860	30	79852	23	7875178	7875186
15	12	28	5	8	79860	13	79872	6	7876564	7876563
31	14	3	1	8	79908	0	79962	15	7881615	7881622
29	11	22	14	8	80048	17	80072	7	7896387	7895998
9	3	25	12	8	79960	9	79972	2	7885777	7885785
8	7	22	10	8	80020	29	80012	22	7891065	7891064
30	11	7	4	8	79988	18	80042	1	7889958	7889956
17	14	15	1	8	80008	11	80082	26	7892406	7892405
5	1	30	13	8	79940	17	79952	10	7883187	7883192
11	0	23	14	8	79940	24	79952	17	7883946	7883948
18	6	21	6	8	79968	24	79992	16	7887235	7887065
19	7	14	7	8	79968	0	80022	15	7888037	7888028
23	8	13	6	8	79988	9	80042	21	7888988	7888691
13	1	22	15	8	80100	13	80092	6	7899115	7899116
16	2	17	9	8	79888	11	79912	4	7879464	7879468
0	4	20	1	8	80020	9	80032	8	7892173	7892734
11	7	6	8	8	80060	17	80102	0	7896247	7896252
24	5	8	0	8	80128	6	80202	21	7904658	7904654
24	9	19	15	8	80228	4	80252	26	7914288	7913959
26	3	7	10	8	80308	24	80382	7	7922416	7922417
8	4	26	11	8	80160	25	80172	18	7906594	7906580
0	6	31	7	8	80200	19	80212	12	7909379	7909391
8	13	25	0	8	80280	11	80292	4	7918040	7918038
17	11	29	9	8	80108	8	80132	29	7901529	7901070
8	15	8	0	8	80120	2	80162	17	7900929	7900915
8	6	25	3	8	80260	20	80272	13	7915739	7915733
13	1	18	8	8	80260	21	80272	21	7915852	7916571
28	3	3	10	8	80288	23	80342	6	7919156	7919169
8	12	16	12	8	80200	23	80212	16	7909791	7909799
8	2	27	12	8	80200	2	80212	27	7910860	7910865
18	12	9	3	8	80328	7	80382	14	7923885	7923085
17	14	26	9	8	80108	6	80132	31	7901271	7901278
10	4	23	9	8	80140	20	80132	13	7902791	7902814
21	9	10	4	8	80108	13	80162	28	7902066	7902067
20	6	13	7	8	80148	9	80202	24	7904969	7904972
7	13	25	1	8	80300	21	80292	14	7918982	7918987
26	11	9	3	8	80128	26	80182	9	7903470	7903478
25	12	6	1	8	80128	2	80202	17	7904237	7904229
17	12	11	12	8	80248	22	80322	9	7915967	7916388
10	4	14	2	8	80200	21	80262	13	7909636	7910555
8	2	22	10	8	80240	1	80252	26	7914077	7914039
22	13	11	0	8	80248	18	80302	1	7915598	7915587
1	11	29	3	8	80160	8	80152	1	7904895	7904894
6	2	26	5	8	80360	18	80352	11	7924958	7924952
26	5	3	9	8	80248	20	80302	3	7915780	7915773
7	15	16	8	8	80160	8	80172	5	7904906	7905347
27	9	6	4	8	80288	4	80362	19	7920530	7920505
14	9	27	12	8	80160	16	80172	14	7905713	7906209
19	0	13	14	8	80228	9	80302	24	7914823	7914831
12	8	25	3	8	80160	26	80192	28	7906849	7907793
23	10	9	3	8	80148	14	80202	29	7905547	7905554
29	3	2	10	8	80228	27	80282	10	7913468	7913445
24	9	10	4	8	80288	22	80342	5	7919149	7919143
13	2	20	11	8	80240	29	80252	22	7913560	7913556
17	14	14	3	8	80108	3	80162	18	7900961	7900979
25	10	21	6	8	80168	9	80192	2	7908302	7908357
8	6	27	5	8	80580	25	80592	18	7947666	7947657
26	5	6	8	8	80508	22	80562	5	7941412	7941442
8	2	28	14	8	80460	5	80472	30	7936606	7936607
7	9	27	3	8	80540	20	80552	13	7944136	7944157
17	0	18	13	8	80468	13	80492	6	7937399	7937392
5	1	26	11	8	80500	13	80512	6	7940556	7940525
0	5	25	11	8	80580	21	80592	14	7947275	7947264
19	5	12	5	8	80368	7	80422	22	7927170	7927168
11	0	22	13	8	80500	12	80512	5	7940380	7940376
9	3	26	11	8	80600	3	80612	28	7948572	7948558
25	5	7	9	8	80408	31	80482	14	7932837	7932828
25	10	23	9	8	80488	12	80512	5	7940387	7940381
13	2	19	10	8	80540	8	80552	1	7942974	7942951
26	5	6	9	8	80568	29	80642	12	7948009	7948014
13	12	22	14	8	80540	18	80552	1	7943954	7942960
25	1	4	14	8	80488	2	80542	17	7939341	7939344
25	10	22	14	8	80528	4	80552	1	7942653	7942960
27	1	7	11	8	80588	17	80662	0	7949930	7949937
9	0	25	14	8	80360	31	80372	24	7926350	7926349
17	0	16	12	8	80348	31	80372	24	7926356	7926357
17	14	2	6	8	80508	29	80582	16	7942021	7942401
6	4	25	8	8	80460	31	80472	24	7936061	7936059
27	4	5	9	8	80468	17	80522	0	7937745	7937748
25	11	5	1	8	80508	18	80562	1	7940988	7940990
23	5	6	9	8	80568	15	80622	30	7946729	7946733
14	1	19	12	8	80560	8	80572	1	7946084	7946083
10	4	22	10	8	80440	4	80452	29	7933353	7933356
6	2	26	10	8	80440	18	80452	11	7934694	7934691
2	12	30	2	8	80560	25	80552	18	7944611	7944607
29	0	2	14	8	80388	3	80442	18	7930135	7930162
12	2	21	10	8	80400	28	80412	21	7929459	7929460
6	4	28	10	8	80440	0	80432	25	7932981	7932984
15	3	17	9	8	80520	17	80512	10	7940900	7940903
5	7	28	7	8	80740	15	80752	8	7962140	7962139
6	4	14	1	8	80840	1	80902	26	7973439	7974256
13	9	24	14	8	80660	28	80652	21	7953981	7953975
16	1	17	13	8	80608	30	80632	23	7951227	7951223
19	7	16	12	8	80628	25	80652	18	7953655	7953647
23	11	10	2	8	80668	2	80742	17	7957412	7957405
14	11	16	15	8	80740	31	80752	21	7963650	7963356
13	7	5	13	8	80800	27	80862	15	7969909	7970350
17	14	25	1	8	80708	8	80732	1	7961423	7961421
31	13	7	3	8	80728	20	80782	3	7962628	7962622
24	1	10	11	8	80808	2	80862	17	7970546	7970544
7	3	19	12	8	80820	4	80832	7	7970757	7971733
25	9	4	4	8	80688	5	80742	20	7957810	7957816
26	5	11	4	8	80688	15	80762	4	7958799	7959422
29	3	3	11	8	80848	12	80902	27	7974333	7974334
20	9	13	5	8	80788	8	80842	23	7967964	7967967
19	7	15	6	8	80828	30	80902	13	7973221	7973228
9	9	24	4	8	80620	3	80632	28	7951695	7951693
3	13	0	15	8	80780	30	80822	13	7966879	7966840
31	3	6	9	8	80608	28	80662	11	7951041	7951052
23	10	6	8	8	80648	30	80702	6	7954210	7953482
29	3	3	10	8	80728	20	80782	3	7962658	7962653
17	14	7	4	8	80808	28	80862	6	7970037	7969515
12	10	29	10	8	80720	31	80712	17	7960515	7959716
1	2	22	9	8	80820	10	80832	5	7971407	7971568
4	12	29	1	8	80860	4	80852	29	7973750	7973742
8	4	9	15	8	80860	14	80902	28	7974594	7974463
29	9	2	4	8	80628	16	80682	31	7952867	7952863
12	2	20	11	8	80740	26	80752	19	7963159	7963167
24	9	5	3	8	80688	13	80742	28	7958633	7958632
21	9	11	4	8	80728	20	80782	3	7962662	7962677
26	11	5	2	8	80808	31	80862	14	7970310	7970298
9	9	26	2	8	80640	22	80652	15	7953329	7953331
7	5	29	9	8	80680	30	80692	23	7957064	7957062
9	0	22	12	8	80720	26	80712	19	7959917	7959919
29	4	22	12	8	80708	26	80712	19	7959911	7959919
31	10	4	4	8	80788	10	80842	25	7968203	7968209
6	2	4	3	8	80760	4	80802	19	7964271	7964261
17	0	16	15	8	80768	21	80772	14	7966005	7966010
31	13	3	1	8	80768	3	80842	18	7967450	7967455
14	1	19	15	8	80700	7	80712	0	7958096	7958097
26	5	6	8	8	80688	10	80742	25	7958351	7958353
30	13	5	1	8	80848	16	80902	31	7974745	7974751
8	7	1	9	8	80620	5	80682	20	7951821	7951822
1	2	31	11	8	80740	13	80732	6	7961907	7961904
23	11	10	2	8	81048	12	81102	27	7992933	7992943
12	12	30	5	8	80900	18	80892	6	7977803	7977323
29	9	11	4	8	80888	16	80942	22	7977633	7976761
7	1	25	12	8	80980	4	80992	29	7985894	7985888
31	13	6	1	8	80888	19	80942	2	7977901	7977911
25	5	6	9	8	80948	19	81002	2	7984188	7984194
5	5	31	7	8	80940	3	80952	28	7982551	7982553
23	2	31	13	8	80848	21	80872	13	7975184	7975096
8	4	12	3	8	80880	27	80922	9	7975667	7975595
4	13	30	2	8	80920	4	80932	29	7979540	7979542
21	6	1	11	8	80928	28	81002	20	7981852	7982776
19	5	13	7	8	80948	8	81002	23	7983154	7983155
9	9	26	5	8	80920	15	80932	8	7980649	7980639
14	1	19	12	8	80920	4	80932	29	7979563	7979567
25	10	5	3	8	80968	8	81022	23	7986309	7986306
26	3	22	9	8	81028	0	81052	25	7991821	7991813
17	14	28	6	8	81088	7	81112	0	7998883	7998901
8	4	29	12	8	81060	15	81072	8	7993226	7993215
30	11	0	5	8	80868	9	80942	24	7976975	7976970
27	0	5	13	8	80908	10	80962	25	7980162	7980167
8	6	7	7	8	80880	6	80942	21	7976777	7976698
15	11	2	3	8	81020	9	81062	16	7989564	7988661
23	11	8	1	8	80968	29	81022	12	7985256	7985260
7	2	27	11	8	80880	25	80872	18	7975496	7975487
8	7	9	3	8	81080	18	81122	23	7996581	7995617
3	8	31	4	8	80880	0	80892	25	7976176	7976166
9	3	25	12	8	81000	16	80992	9	7987195	7987172
27	1	3	13	8	81008	8	81062	25	7989472	7989650
12	8	24	5	8	80880	31	80892	24	7976098	7976095
29	11	8	2	8	80888	30	80962	13	7978933	7978934
18	7	15	6	8	81068	16	81142	31	7996405	7996401
7	9	24	5	8	80880	31	80892	24	7976034	7976023
9	1	26	14	8	81020	5	81012	30	7988997	7988976
5	1	26	10	8	81020	7	81032	0	7989284	7989285
19	7	13	6	8	80948	8	81002	23	7983086	7983087
29	13	0	0	8	81048	24	81102	7	7994052	7994055
26	11	6	1	8	81308	31	81382	14	8019549	8019552
6	4	29	9	8	81240	14	81252	7	8011516	8011512
10	13	9	1	8	81320	16	81362	4	8018020	8018522
24	9	10	4	8	81148	26	81202	9	8003691	8003682
28	3	1	11	8	81228	8	81282	23	8010906	8010902
3	9	31	4	8	81140	31	81152	24	8001157	8001158
28	15	31	4	8	81128	3	81152	24	8001521	8001158
13	7	23	9	8	81200	0	81212	25	8007050	8007056
31	3	3	9	8	81168	10	81222	25	8005239	8005251
12	12	10	2	8	81160	21	81202	3	8003234	8003123
2	0	31	14	8	81200	25	81192	18	8006533	8006510
13	2	26	2	8	81200	27	81212	29	8006672	8007431
0	10	19	13	8	81340	9	81352	1	8020648	8020526
20	3	6	8	8	81308	3	81362	9	8019937	8019088
19	5	13	9	8	81348	4	81402	19	8023388	8023399
8	6	26	9	8	81140	7	81152	0	8001828	8001829
1	5	29	9	8	81260	28	81272	21	8013104	8013074
31	3	3	9	8	81368	14	81422	29	8024210	8024211
5	1	31	12	8	81160	22	81172	15	8003311	8003309
13	2	20	13	8	81320	20	81332	13	8018494	8018482
27	4	7	9	8	81228	14	81302	29	8011548	8011574
0	10	30	4	8	81120	21	81132	14	8000215	8000204
9	1	21	9	8	81160	23	81172	16	8003429	8003418
1	4	30	2	8	81360	0	81372	25	8022983	8022975
31	5	2	8	8	81188	29	81242	12	8006851	8006853
20	14	7	11	8	81248	2	81322	19	8013660	8013845
25	9	7	4	8	81348	9	81422	24	8023836	8023837
14	14	25	11	8	81220	18	81212	5	8008736	8008260
10	11	0	1	8	81200	0	81262	21	8007097	8007745
26	3	2	12	8	81208	19	81262	2	8008882	8008880
31	3	3	10	8	81348	26	81402	9	8022411	8022409
8	5	23	9	8	81220	12	81212	5	8008266	8008272
6	4	27	9	8	81340	23	81352	16	8022162	8022193
21	6	13	7	8	81128	2	81182	17	8001469	8001466
25	10	5	2	8	81228	1	81282	16	8010296	8010317
31	1	3	12	8	81248	26	81302	9	8012962	8012966
6	4	29	10	8	81200	6	81212	31	8007769	8007750
19	5	14	7	8	81248	31	81302	14	8013409	8013405
7	10	27	5	8	81220	19	81232	12	8008918	8008920
8	14	13	1	8	81280	22	81342	7	8015733	8015911
11	0	22	14	8	81180	8	81192	1	8005018	8005022
19	4	16	10	8	81328	6	81332	31	8020289	8020311
23	5	10	6	8	81328	10	81382	25	8020723	8020708
9	1	18	9	8	81580	6	81592	31	8044800	8044791
26	3	7	9	8	81488	19	81562	2	8036634	8036641
0	13	31	12	8	81400	3	81412	5	8026258	8027263
14	6	21	8	8	81480	24	81492	12	8034199	8033847
13	12	9	3	8	81520	30	81562	11	8037764	8037541
7	1	26	11	8	81580	30	81592	23	8044091	8044122
31	10	4	3	8	81508	3	81562	18	8038281	8038288
23	3	7	4	8	81608	9	81662	18	8048374	8047836
5	14	22	12	8	81380	29	81392	22	8025687	8025672
0	4	28	9	8	81580	7	81592	0	8044953	8044958
19	7	14	7	8	81388	1	81442	16	8026104	8026119
15	3	17	9	8	81480	0	81492	25	8034868	8034864
14	15	18	8	8	81560	6	81552	23	8041638	8040744
26	5	6	7	8	81588	17	81642	0	8045925	8045927
7	10	26	2	8	81460	13	81472	6	8033323	8033330
29	6	2	8	8	81528	13	81582	28	8039174	8039180
20	9	12	4	8	81528	31	81602	14	8040812	8040811
14	0	21	5	8	81400	18	81412	6	8027882	8027407
14	14	7	6	8	81560	12	81602	27	8042300	8042301
8	5	31	9	8	81560	16	81572	9	8042768	8042737
22	3	23	12	8	81548	2	81552	27	8041168	8041181
11	1	21	12	8	81600	20	81612	13	8046306	8046307
18	6	10	6	8	81488	8	81542	23	8035618	8035617
19	0	18	9	8	81488	10	81512	3	8035804	8035797
23	12	10	2	8	81608	4	81662	19	8047906	8047907
6	4	26	9	8	81460	2	81472	27	8032305	8032308
12	2	21	11	8	81460	3	81472	28	8032372	8032377
9	0	19	13	8	81620	5	81632	30	8047993	8048022
7	2	25	11	8	81520	3	81532	28	8038322	8038324
0	4	20	1	8	81560	14	81572	7	8042530	8042524
16	1	16	14	8	81388	10	81412	3	8027109	8027113
31	5	2	9	8	81408	5	81482	20	8029586	8029590
29	12	3	1	8	81428	22	81502	5	8031211	8031212
25	1	7	11	8	81588	23	81662	6	8046615	8046609
6	15	25	0	8	81540	24	81552	17	8040201	8040199
30	11	5	2	8	81528	14	81582	29	8039290	8039294
8	4	27	9	8	81600	21	81612	14	8046386	8046390
19	2	15	10	8	81528	26	81602	9	8040371	8040376
23	8	9	5	8	81608	6	81662	21	8048120	8048114
0	7	30	6	8	81480	24	81492	17	8034255	8034261
8	2	27	10	8	81540	16	81552	9	8039496	8039497
19	6	14	7	8	81408	7	81482	22	8029818	8029822
23	0	9	14	8	81568	26	81622	9	8043767	8043739
1	11	29	3	8	81520	31	81532	24	8037898	8037891
18	11	11	0	8	81388	5	81442	20	8026479	8026440
18	12	15	1	8	81488	12	81542	27	8035983	8035943
20	6	13	7	8	81548	7	81602	22	8041682	8041678
14	0	18	13	8	81720	5	81732	30	8057755	8057752
26	5	8	15	8	81648	8	81702	21	8051444	8051262
24	3	22	10	8	81848	30	81872	22	8073530	8073446
27	0	4	14	8	81868	8	81922	23	8074481	8074501
6	4	27	9	8	81740	1	81752	26	8060486	8060479
13	1	5	0	8	81780	11	81842	28	8065066	8065273
3	8	9	5	8	81820	23	81862	31	8069715	8069030
13	0	20	13	8	81740	23	81752	16	8059547	8059545
8	4	26	10	8	81780	7	81792	0	8064619	8064614
10	15	30	4	8	81660	19	81672	12	8052598	8052602
24	7	6	7	8	81668	31	81722	14	8053942	8053950
15	3	17	8	8	81660	22	81672	15	8052963	8052976
9	0	25	14	8	81680	9	81692	2	8054929	8054926
17	14	25	4	8	81828	1	81852	20	8070755	8070040
26	3	25	12	8	81868	11	81892	4	8074830	8074829
29	12	0	0	8	81828	1	81882	16	8070763	8070765
24	3	9	7	8	81848	14	81902	29	8072085	8072086
20	6	15	6	8	81728	1	81782	16	8060580	8060546
2	0	31	13	8	81660	4	81652	29	8051141	8051144
0	10	22	9	8	81720	3	81712	23	8057595	8057066
7	13	15	6	8	81840	28	81882	11	8070257	8070287
24	9	9	4	8	81648	19	81722	2	8052618	8052632
23	10	10	4	8	81788	22	81842	5	8066344	8066350
13	7	3	2	8	81880	13	81922	28	8074980	8074974
7	10	25	3	8	81740	1	81752	26	8060589	8060582
5	1	29	12	8	81800	22	81812	15	8066354	8066360
28	8	7	5	8	81748	13	81802	28	8061811	8061818
20	9	11	4	8	81788	18	81842	1	8065855	8065854
5	1	12	4	8	81840	28	81882	2	8070303	8069313
25	2	7	11	8	81688	26	81762	9	8056702	8056700
1	8	30	5	8	81640	28	81652	21	8050243	8050244
18	6	14	7	8	81728	3	81802	18	8060783	8060791
21	9	12	4	8	81888	28	81942	11	8076477	8076485
24	9	9	4	8	82108	18	82162	1	8097872	8097879
13	2	26	2	8	81920	14	81932	7	8078245	8078247
13	1	20	12	8	82100	31	82112	24	8095895	8095900
25	9	4	3	8	81948	23	82002	6	8082675	8082676
31	0	4	8	8	81968	12	82022	27	8084713	8084729
16	2	16	13	8	82028	15	82052	8	8091419	8091414
25	5	8	8	8	82028	18	82102	1	8091736	8091740
13	11	2	5	8	81940	15	82002	0	8081794	8082017
19	6	14	7	8	81908	25	81982	8	8079409	8079421
25	2	18	11	8	82108	16	82112	2	8097724	8096968
10	8	25	4	8	81980	15	81992	8	8084982	8084983
22	13	13	2	8	81888	29	81942	12	8076596	8076597
16	1	17	13	8	82028	19	82052	12	8091843	8091841
13	7	3	9	8	81920	8	81962	23	8077618	8077597
5	15	20	12	8	82100	5	82112	28	8096512	8096308
16	2	17	14	8	81988	27	82012	20	8086145	8086150
20	3	10	2	8	82108	16	82162	31	8097728	8097742
29	6	7	7	8	82108	25	82162	8	8098668	8098677
3	12	29	1	8	81960	31	81972	24	8083420	8083421
6	4	28	10	8	81980	5	81972	30	8083962	8083961
27	0	5	13	8	81908	16	81962	31	8078465	8078467
20	15	6	7	8	82068	11	82122	17	8094044	8093284
29	11	0	1	8	82108	27	82162	10	8098893	8098901
9	13	22	2	8	81960	18	81952	9	8082163	8081961
7	2	26	11	8	82080	15	82092	8	8094442	8094444
5	3	28	10	8	82100	9	82112	2	8097005	8096986
8	14	29	14	8	82120	26	82132	19	8098795	8098794
13	2	8	5	8	81960	23	82002	6	8082695	8082692
6	15	25	0	8	82060	28	82072	21	8092749	8092748
24	9	8	2	8	81948	21	82002	4	8082499	8082469
13	12	18	8	8	81920	12	81912	29	8078057	8077236
12	8	5	0	8	82000	4	82042	19	8087165	8087158
2	12	27	3	8	82000	25	81992	18	8085985	8085978
13	0	20	13	8	81880	15	81892	8	8075227	8075218
4	12	30	0	8	81880	15	81892	8	8075229	8075217
8	6	25	8	8	82020	31	82032	24	8089945	8089946
26	3	9	9	8	81868	17	81942	0	8075428	8075421
29	6	6	7	8	81968	22	82042	5	8085655	8085659
21	9	5	8	8	82048	1	82122	24	8093211	8093892
8	4	23	9	8	81900	20	81892	13	8075735	8075730
15	11	26	2	8	81900	6	81912	23	8077418	8076764
9	0	22	12	8	82040	9	82052	2	8090881	8090880
18	11	15	1	8	81908	11	81962	26	8077994	8077995
8	12	17	14	8	81960	2	81972	24	8083726	8083455
5	1	12	3	8	82100	13	82162	28	8097459	8097405
24	7	8	5	8	81988	31	82042	14	8086661	8086666
13	11	27	11	8	81940	29	81932	22	8080041	8079962
18	12	26	12	8	81948	2	81972	30	8083727	8084049
22	3	29	13	8	81988	28	81992	14	8086364	8085550
0	2	31	11	8	81940	14	81952	7	8081629	8081623
24	3	7	13	8	82168	14	82222	29	8103831	8103834
11	1	24	14	8	82140	11	82152	4	8100305	8100295
3	6	30	6	8	82340	29	82352	22	8120963	8120957
18	7	8	2	8	82268	18	82322	4	8113626	8113910
21	9	13	5	8	82348	18	82422	1	8122976	8122996
13	2	19	10	8	82220	29	82232	22	8108668	8108665
8	4	26	9	8	82340	27	82352	20	8120784	8120790
1	10	9	14	8	82260	7	82302	13	8112638	8111673
2	8	29	6	8	82260	13	82272	6	8113147	8113141
31	3	0	10	8	82328	18	82382	1	8119920	8119922
22	13	13	6	8	82368	23	82422	12	8123406	8124024
6	4	29	9	8	82200	9	82212	2	8106564	8106567
27	13	5	7	8	82128	18	82202	3	8101031	8101239
23	12	5	3	8	82208	6	82262	15	8109480	8108935
2	8	5	1	8	82140	16	82202	4	8100782	8101321
10	4	21	9	8	82240	17	82252	10	8110454	8110453
3	9	30	4	8	82360	19	82372	12	8123071	8123068
7	2	27	12	8	82380	5	82392	30	8124835	8124828
11	1	22	12	8	82260	30	82252	23	8111654	8111655
7	13	0	1	8	82260	11	82322	28	8112980	8113166
27	9	6	3	8	82128	13	82182	28	8100555	8100561
14	6	18	8	8	82240	27	82252	20	8111373	8111366
25	2	7	11	8	82348	4	82402	19	8121720	8121700
7	5	27	9	8	82140	18	82152	11	8101065	8101060
23	8	8	2	8	82188	1	82222	7	8105759	8104869
19	2	15	10	8	82288	21	82362	4	8117001	8116982
25	1	13	6	8	82348	5	82402	20	8121814	8121804
4	11	27	3	8	82160	27	82172	20	8101966	8101973
24	9	6	4	8	82128	16	82182	31	8100839	8100812
29	3	23	9	8	82168	13	82172	31	8103806	8103061
19	0	15	10	8	82168	18	82222	1	8104310	8104312
31	1	2	13	8	82308	2	82362	17	8118394	8118415
24	7	7	6	8	82188	18	82262	1	8107419	8107460
4	11	27	3	8	82140	13	82152	6	8100606	8100579
6	2	26	10	8	82340	18	82352	11	8119972	8119984
13	1	19	12	8	82380	2	82392	27	8124574	8124627
30	11	3	1	8	82128	9	82182	24	8100168	8100169
19	0	22	11	8	82128	20	82152	10	8101220	8100843
3	8	31	6	8	82400	13	82412	6	8125594	8125595
8	5	28	10	8	82400	25	82412	18	8126850	8126855
1	5	28	7	8	82560	15	82572	8	8142079	8142080
28	3	25	0	8	82408	2	82412	20	8127721	8127082
17	0	26	8	8	82528	22	82532	8	8139446	8138700
7	13	24	1	8	82440	20	82452	13	8129558	8129557
1	13	28	2	8	82460	19	82472	12	8132663	8132656
19	7	14	7	8	82528	28	82582	11	8140092	8140093
26	11	8	2	8	82588	29	82642	12	8146641	8146630
29	9	4	5	8	82448	16	82502	31	8132412	8132413
26	0	3	15	8	82588	28	82642	11	8146559	8146557
7	1	19	9	8	82560	12	82552	28	8141773	8140816
18	4	15	10	8	82468	5	82522	20	8134348	8134349
25	9	9	3	8	82608	8	82662	23	8147783	8147777
4	0	21	12	8	82440	18	82432	11	8129360	8129353
7	2	26	10	8	82540	31	82552	24	8140405	8140432
15	3	19	9	8	82600	20	82612	13	8145794	8145801
30	13	6	1	8	82408	7	82462	22	8128267	8128266
24	5	6	9	8	82548	8	82602	23	8141384	8141392
4	11	8	9	8	82400	26	82462	19	8127008	8127973
5	3	28	10	8	82580	9	82592	2	8144714	8144717
27	1	4	12	8	82588	29	82642	12	8146660	8146662
14	12	26	10	8	82540	23	82532	13	8139589	8139303
25	2	7	11	8	82448	5	82502	20	8131393	8131400
29	6	4	7	8	82488	20	82542	3	8135898	8135899
8	5	25	8	8	82500	15	82512	8	8135455	8135460
25	5	13	9	8	82428	0	82482	8	8130889	8130038
3	12	27	3	8	82480	24	82472	17	8133266	8133259
19	12	19	12	8	82548	26	82572	19	8143348	8143349
3	0	27	11	8	82580	2	82592	27	8144112	8144114
16	1	16	13	8	82428	28	82452	21	8130327	8130329
19	6	13	7	8	82528	4	82602	19	8141044	8141059
1	5	28	9	8	82540	21	82532	14	8139435	8139395
28	3	3	11	8	82448	13	82502	28	8132119	8132123
24	5	23	6	8	82528	30	82552	0	8140351	8141295
18	12	15	1	8	82528	0	82582	15	8140533	8140531
13	2	25	12	8	82420	31	82432	24	8127504	8127502
1	10	11	4	8	82460	14	82522	2	8132235	8132735
27	9	4	4	8	82428	3	82502	18	8131184	8131187
24	9	11	4	8	82448	19	82522	2	8132740	8132735
11	15	0	5	8	82500	28	82562	16	8136645	8137275
8	13	23	11	8	82580	31	82572	15	8143847	8142970
18	7	15	6	8	82528	4	82602	19	8141064	8141068
17	11	15	1	8	82528	4	82602	19	8141070	8141071
3	9	30	4	8	82820	19	82832	12	8168367	8168391
25	10	10	4	8	82868	11	82922	26	8173819	8173816
3	8	30	6	8	82640	11	82652	4	8151140	8151138
24	5	10	8	8	82708	14	82762	29	8157915	8157917
27	9	6	4	8	82788	26	82842	9	8165951	8165954
8	2	27	12	8	82700	24	82712	17	8155674	8155679
6	2	27	10	8	82720	9	82712	27	8157377	8156671
3	9	30	3	8	82680	15	82692	8	8154703	8154704
8	7	27	5	8	82760	20	82772	13	8162052	8162062
24	9	9	4	8	82708	12	82762	27	8157709	8157717
5	1	24	8	8	82700	25	82692	9	8155783	8154832
13	12	24	4	8	82660	12	82672	14	8151291	8152162
11	1	21	11	8	82700	7	82712	0	8157143	8157141
5	5	24	8	8	82740	13	82752	6	8161295	8161289
26	3	1	11	8	82768	16	82822	31	8164992	8164997
1	13	29	1	8	82880	12	82892	5	8173938	8173934
18	11	12	4	8	82688	4	82762	19	8156903	8156907
25	9	9	4	8	82808	15	82862	30	8168038	8168045
10	11	20	12	8	82760	26	82752	11	8162713	8161842
31	5	4	8	8	82748	23	82802	6	8162446	8162451
19	6	13	6	8	82868	20	82922	3	8174669	8174671
7	2	18	8	8	82700	3	82732	6	8156827	8157847
15	3	19	12	8	82760	1	82772	26	8163403	8163397
25	9	6	4	8	82728	1	82782	16	8160028	8160048
10	13	24	1	8	82780	16	82792	9	8165021	8165016
3	0	7	4	8	82780	17	82822	0	8165095	8165098
31	0	22	10	8	82748	18	82752	11	8161862	8161858
7	10	26	2	8	82860	5	82872	30	8173315	8173313
30	11	2	1	8	82708	15	82762	30	8158148	8158151
25	5	19	13	8	82788	1	82812	24	8166749	8166560
18	7	15	6	8	82668	2	82722	17	8153425	8153419
26	3	7	10	8	82808	17	82862	0	8168230	8168231
7	2	29	13	8	82740	10	82752	3	8160958	8160959
27	13	5	1	8	82628	3	82682	18	8150324	8150307
24	7	8	6	8	82648	14	82702	29	8151437	8151438
19	6	11	0	8	82828	5	82882	20	8170165	8170076
31	14	28	10	8	82888	2	82912	0	8176097	8176598
24	9	22	14	8	82928	14	82952	2	8180764	8180242
29	4	23	6	8	83068	0	83092	17	8194651	8193875
10	11	24	1	8	82960	31	82972	24	8182457	8182444
15	3	18	9	8	83100	19	83112	12	8196458	8196463
27	13	19	14	8	83108	2	83132	29	8198018	8198266
1	8	4	12	8	82900	13	82962	28	8177364	8177361
26	3	7	9	8	82908	22	82962	5	8178218	8178217
10	8	28	2	8	82920	17	82912	10	8177670	8177634
4	11	25	8	8	82940	14	82952	5	8180775	8180576
23	10	12	4	8	82948	27	83002	10	8182055	8182095
27	4	6	9	8	83128	19	83182	2	8199910	8199902
3	8	30	5	8	82960	4	82972	29	8182906	8182875
30	13	0	0	8	82928	20	83002	3	8181343	8181352
17	14	13	8	8	83028	24	83082	3	8190856	8190522
5	1	26	10	8	82920	23	82932	16	8178345	8178350
30	13	29	3	8	82888	0	82912	25	8175886	8175889
23	10	9	3	8	82928	21	83002	4	8181450	8181449
8	4	26	9	8	83040	13	83052	6	8189787	8189792
13	2	20	12	8	83120	0	83132	25	8197847	8197860
31	10	0	4	8	83068	3	83142	18	8194950	8194933
14	0	19	12	8	82920	3	82932	28	8179667	8179666
1	8	1	0	8	83060	12	83122	27	8192841	8192827
2	12	29	1	8	83100	6	83092	31	8195219	8195214
29	4	2	3	8	82908	3	82982	18	8179674	8179669
27	13	23	9	8	83048	5	83072	31	8192077	8192235
4	6	31	7	8	82980	27	82992	20	8185084	8185086
27	0	3	15	8	83028	8	83082	23	8189327	8189328
13	2	20	11	8	82960	5	82972	30	8183018	8183014
3	12	29	1	8	83040	18	83052	11	8190344	8190343
26	0	7	13	8	82928	10	82982	25	8180416	8180411
14	15	25	14	8	83040	13	83032	0	8189821	8189247
20	3	4	14	8	82928	6	82982	28	8180028	8180720
3	12	28	2	8	82960	1	82972	26	8182683	8182678
18	6	14	7	8	83068	2	83142	17	8194861	8194860
6	2	27	10	8	82920	26	82932	19	8178757	8178763
4	6	31	6	8	83080	29	83092	22	8194439	8194446
13	2	20	11	8	82900	10	82912	3	8176885	8176886
12	8	7	3	8	82980	19	83022	30	8184290	8183851
27	1	7	11	8	83128	15	83182	30	8199445	8199412
7	2	21	11	8	83340	5	83352	30	8220540	8220535
24	9	9	5	8	83208	9	83262	24	8208445	8208455
2	0	30	13	8	83160	19	83172	12	8202957	8202954
0	2	31	11	8	83260	22	83272	15	8212835	8212829
2	13	29	1	8	83320	16	83332	9	8218667	8218658
4	11	19	15	8	83140	28	83152	21	8200858	8200863
21	9	12	5	8	83368	3	83422	18	8223780	8223765
4	6	31	6	8	83160	12	83172	5	8202324	8202328
21	9	5	13	8	83148	16	83222	31	8202699	8202694
7	2	30	13	8	83280	6	83292	31	8214561	8214565
31	0	2	7	8	83308	19	83382	2	8218902	8218908
6	4	27	9	8	83300	24	83312	17	8216438	8216430
31	10	7	4	8	83228	22	83282	5	8209746	8209745
24	7	8	6	8	83248	13	83302	28	8211853	8211860
16	2	17	13	8	83248	20	83272	13	8212623	8212647
24	7	9	7	8	83368	9	83422	24	8224323	8224292
9	0	25	14	8	83240	16	83232	9	8209131	8209121
26	11	8	2	8	83248	21	83322	4	8212753	8212755
29	4	4	8	8	83368	10	83442	25	8224469	8224471
11	13	22	11	8	83160	12	83172	6	8202359	8202442
5	3	28	10	8	83160	13	83172	6	8202440	8202444
15	3	19	12	8	83320	2	83312	27	8217332	8217311
10	8	26	5	8	83360	12	83372	5	8221346	8221348
21	9	12	5	8	83168	28	83222	11	8204077	8204093
19	4	7	13	8	83188	10	83222	14	8205408	8204393
18	4	15	10	8	83268	28	83322	11	8213593	8213592
18	6	15	6	8	83268	0	83322	15	8214031	8214007
12	2	22	14	8	83180	3	83192	28	8204845	8204823
24	2	8	11	8	83308	15	83382	30	8218604	8218605
14	0	19	14	8	83260	5	83252	30	8211128	8211121
7	1	28	14	8	83380	30	83372	23	8223261	8223263
17	12	15	1	8	83128	29	83202	12	8201037	8201027
19	6	13	7	8	83288	15	83342	30	8215575	8215584
6	2	29	12	8	83380	9	83392	2	8224342	8224343
23	12	0	10	8	83188	11	83242	26	8205530	8205533
17	11	15	1	8	83208	31	83262	14	8207445	8207452
16	15	29	9	8	83328	27	83352	20	8219648	8219634
0	4	30	13	8	83380	1	83392	26	8223554	8223558
18	7	15	6	8	83288	18	83342	1	8215873	8215846
8	12	24	1	8	83140	23	83152	16	8200386	8200412
7	2	27	12	8	83140	28	83152	21	8200960	8200970
4	13	21	1	8	83360	11	83372	11	8221274	8221994
1	2	11	4	8	83360	11	83402	25	8221296	8221188
29	3	2	10	8	83168	28	83222	11	8204112	8204121
7	15	27	12	8	83340	22	83332	13	8219188	8218969
26	2	18	11	8	83428	27	83452	22	8229334	8229591
14	14	28	5	8	83420	20	83432	13	8228654	8228640
21	6	12	8	8	83388	16	83442	31	8225038	8225018
20	9	12	3	8	83568	18	83642	2	8244784	8244786
7	9	24	5	8	83480	7	83492	0	8233870	8233869
9	13	30	0	8	83520	22	83532	5	8238656	8237673
8	7	6	7	8	83580	23	83642	15	8245182	8245924
17	14	1	2	8	83508	27	83582	11	8239126	8239141
23	3	11	9	8	83528	8	83582	24	8240534	8240557
8	4	26	9	8	83480	7	83492	0	8233880	8233874
11	13	19	10	8	83580	14	83592	5	8244357	8244130
23	5	7	9	8	83608	28	83682	12	8248756	8248736
5	3	26	10	8	83460	23	83472	16	8232112	8232107
7	13	2	4	8	83540	6	83602	25	8240345	8240634
19	7	23	11	8	83508	14	83532	7	8237906	8237904
29	11	8	15	8	83608	21	83662	1	8248095	8247672
5	3	26	10	8	83540	5	83552	30	8240134	8240157
7	1	22	14	8	83580	19	83592	12	8244869	8244883
26	0	3	15	8	83448	25	83522	9	8232317	8232324
19	4	13	5	8	83548	25	83602	9	8242332	8242318
9	9	24	4	8	83440	29	83452	22	8229640	8229643
9	1	26	15	8	83560	26	83572	19	8242426	8242422
18	6	17	9	8	83608	31	83632	24	8248985	8248981
28	8	8	5	8	83508	15	83562	31	8238000	8238021
13	2	19	12	8	83580	22	83592	15	8245149	8245150
9	3	22	10	8	83600	5	83612	30	8246595	8246593
1	11	30	3	8	83460	22	83472	15	8232019	8232022
7	1	27	12	8	83460	25	83472	18	8232356	8232348
11	13	1	0	8	83480	9	83542	31	8234134	8234795
13	2	17	9	8	83480	18	83492	6	8235167	8234603
31	1	3	12	8	83528	30	83582	14	8239422	8239431
16	13	5	13	8	83528	30	83582	7	8239423	8238808
5	1	26	12	8	83500	0	83512	25	8236455	8236454
23	0	21	9	8	83488	25	83512	18	8235853	8235850
12	10	20	11	8	83540	1	83552	26	8239796	8239794
10	5	23	11	8	83540	11	83552	4	8240895	8240887
7	3	22	12	8	83420	5	83412	30	8227222	8227298
6	4	26	8	8	83500	26	83512	19	8235878	8235879
28	3	7	11	8	83388	22	83442	5	8225643	8225656
19	12	14	2	8	83568	16	83622	0	8244488	8244489
5	7	28	7	8	83780	15	83792	8	8263513	8263518
9	13	24	1	8	83720	3	83732	28	8258926	8258923
14	0	19	14	8	83840	24	83852	17	8270320	8270315
16	1	18	13	8	83648	22	83652	15	8251235	8251231
31	10	0	4	8	83688	15	83762	31	8257073	8257079
9	13	8	5	8	83660	22	83702	6	8251234	8251239
3	13	26	2	8	83760	1	83772	26	8262207	8262213
23	3	5	9	8	83668	8	83722	24	8253162	8253165
13	1	20	12	8	83780	17	83792	10	8263719	8263711
25	15	17	13	8	83668	25	83692	12	8254803	8254119
29	3	4	7	8	83728	11	83782	27	8259822	8259832
25	15	27	15	8	83828	27	83872	28	8270692	8271477
28	3	3	11	8	83848	8	83902	24	8272041	8272037
0	6	31	7	8	83700	9	83712	2	8256488	8256490
23	10	9	3	8	83628	19	83702	3	8250929	8250933
31	3	1	11	8	83748	5	83822	21	8262558	8262568
26	2	6	10	8	83648	20	83702	4	8251080	8251061
25	5	5	9	8	83848	12	83922	28	8272473	8272467
18	11	14	2	8	83688	1	83742	17	8255584	8255585
26	0	3	15	8	83808	28	83862	12	8267547	8267557
9	9	25	4	8	83780	19	83792	12	8263927	8263930
1	8	30	5	8	83820	0	83832	25	8268024	8268022
28	3	3	12	8	83648	31	83702	15	8252263	8252264
8	5	24	8	8	83720	21	83732	14	8257692	8257693
14	1	18	9	8	83740	9	83752	2	8259686	8259648
5	3	27	10	8	83880	22	83892	15	8273546	8273545
3	6	28	7	8	83680	12	83692	5	8253595	8253616
9	1	26	14	8	83780	15	83792	8	8263620	8263582
22	13	13	1	8	83668	20	83722	4	8254358	8254331
14	13	14	1	8	83720	29	83782	21	8258408	8259234
10	8	27	11	8	83820	24	83832	17	8267236	8267235
7	9	25	4	8	83820	30	83832	23	8267845	8267869
25	10	5	3	8	83648	2	83722	18	8252662	8252620
29	11	3	1	8	83788	6	83842	22	8265747	8265752
24	9	10	4	8	83788	12	83842	28	8266264	8266257
3	8	30	5	8	83680	16	83692	9	8253849	8253828
6	2	30	13	8	83800	7	83812	0	8265754	8265774
20	15	0	6	8	83948	6	84002	22	8281216	8281227
3	9	18	11	8	83900	20	83912	17	8276503	8276891
14	0	19	14	8	84060	17	84072	10	8292089	8292099
21	9	13	5	8	84068	7	84142	23	8294361	8294380
7	2	25	12	8	84020	30	84012	23	8286950	8286952
7	10	25	4	8	84100	24	84112	17	8296231	8296230
20	9	5	0	8	83968	30	84022	14	8283787	8283785
19	7	15	6	8	84108	1	84162	17	8297196	8297201
23	11	8	1	8	83988	22	84062	6	8286009	8286012
18	7	15	6	8	84008	29	84062	13	8286847	8286848
7	5	28	10	8	84020	6	84032	31	8287862	8287847
27	0	5	13	8	83888	6	83942	22	8275042	8275053
24	7	5	5	8	83928	12	83982	28	8278663	8278664
15	3	17	9	8	83960	14	83972	7	8282075	8282067
24	7	22	15	8	83968	24	83992	19	8283133	8283415
17	0	16	13	8	84028	17	84032	10	8289047	8289050
5	1	27	12	8	83940	22	83952	15	8279776	8279833
21	6	11	6	8	83968	4	84042	20	8284406	8284400
16	1	17	13	8	83948	6	83972	31	8281257	8281256
25	11	6	10	8	83968	31	84022	15	8283934	8283928
3	8	27	5	8	84000	11	84012	4	8285142	8285136
25	11	30	6	8	83948	1	83972	30	8280834	8281200
27	9	6	4	8	84108	11	84162	27	8298265	8298271
5	7	7	4	8	83980	30	84022	13	8283821	8283757
29	12	7	3	8	84028	31	84102	15	8290416	8290409
14	15	9	6	8	83940	13	83962	20	8278820	8277979
10	4	25	11	8	83980	26	83992	19	8283431	8283434
10	15	2	5	8	83980	7	84042	19	8284740	8284334
26	11	9	3	8	84028	30	84102	14	8290352	8290335
18	12	15	1	8	83928	14	83982	30	8278867	8278879
18	4	11	4	8	84108	13	84162	24	8298509	8297918
1	5	28	6	8	83920	27	83912	15	8277245	8276763
13	1	15	15	8	83940	15	83982	27	8278976	8278594
20	6	14	7	8	83908	26	83962	10	8277036	8277044
8	6	26	8	8	84220	19	84232	12	8308777	8308779
5	1	23	11	8	84240	30	84252	23	8309904	8309908
14	12	2	13	8	84320	15	84362	27	8317734	8317278
29	11	5	2	8	84248	26	84322	10	8312517	8312523
23	10	10	4	8	84308	25	84382	9	8318770	8318771
23	5	7	9	8	84188	20	84242	4	8305938	8305954
25	9	21	1	8	84308	18	84332	15	8318096	8318454
5	7	31	7	8	84180	4	84192	29	8304307	8304303
24	5	6	8	8	84128	31	84182	15	8300432	8300429
20	6	14	7	8	84168	14	84242	30	8305379	8305374
23	8	10	6	8	84208	11	84262	27	8308066	8308076
8	4	24	8	8	84160	19	84172	12	8302634	8302632
3	8	26	5	8	84240	29	84252	22	8309824	8309820
20	9	13	5	8	84368	21	84442	5	8324498	8324501
3	6	29	7	8	84300	28	84312	21	8315998	8315991
0	10	9	7	8	84340	7	84402	27	8320112	8320465
3	9	27	5	8	84220	4	84212	29	8307450	8307448
3	6	28	6	8	84260	17	84272	10	8311478	8311480
23	1	4	7	8	84148	22	84222	6	8302918	8302917
28	8	5	5	8	84288	24	84342	8	8315632	8315669
11	1	21	10	8	84320	8	84312	1	8317089	8317090
29	4	0	10	8	84248	29	84322	13	8312852	8312857
22	3	11	9	8	84348	23	84402	7	8321623	8321621
1	5	31	15	8	84160	27	84172	20	8303352	8303349
7	1	25	11	8	84320	19	84332	12	8318234	8318233
5	1	27	12	8	84380	5	84372	30	8322951	8322947
18	11	14	2	8	84268	15	84342	31	8314726	8314756
28	8	5	5	8	84368	7	84422	23	8323147	8323153
13	2	23	14	8	84160	22	84172	15	8302951	8302955
5	7	28	7	8	84240	31	84252	24	8310030	8310036
29	12	5	1	8	84348	23	84402	7	8321673	8321661
13	11	19	9	8	84280	18	84292	14	8315087	8315368
19	12	0	6	8	84148	21	84202	0	8302886	8302335
28	8	8	6	8	84268	1	84322	17	8313275	8313273
29	9	4	4	8	84288	31	84342	15	8316320	8316297
12	2	21	12	8	84180	10	84192	3	8304923	8304920
9	13	6	15	8	84300	25	84342	15	8315735	8316318
17	14	27	5	8	84268	3	84292	3	8313507	8314248
24	3	3	4	8	84348	29	84402	9	8322230	8321856
8	12	25	1	8	84280	3	84292	28	8313412	8313413
13	9	26	10	8	84440	16	84452	9	8330475	8330477
31	0	0	5	8	84468	27	84542	11	8334476	8334500
20	9	14	3	8	84608	7	84682	23	8348316	8348318
11	0	23	14	8	84480	9	84472	2	8332710	8332711
11	0	21	12	8	84620	21	84612	14	8346405	8346408
11	1	21	11	8	84560	28	84572	21	8340759	8340760
29	9	2	3	8	84428	5	84482	21	8329375	8329377
29	0	11	6	8	84548	27	84602	15	8340661	8341019
12	2	20	11	8	84420	30	84432	23	8328663	8328664
14	8	12	3	8	84620	2	84662	14	8347787	8347422
12	2	21	10	8	84420	16	84432	9	8327275	8327277
16	1	17	13	8	84448	20	84452	13	8330823	8330820
18	11	15	1	8	84528	22	84602	6	8340182	8340179
11	1	7	3	8	84400	9	84442	19	8326543	8325984
6	4	26	9	8	84440	19	84452	12	8330760	8330769
10	4	21	8	8	84540	11	84552	4	8339099	8339092
25	9	5	3	8	84468	14	84522	30	8333262	8333265
8	5	26	9	8	84480	18	84492	11	8333686	8333692
4	11	28	2	8	84540	14	84552	7	8339396	8339398
25	1	8	11	8	84568	18	84622	2	8342956	8342945
14	0	19	12	8	84420	21	84432	14	8327828	8327832
27	1	3	13	8	84408	28	84482	12	8328500	8328505
8	4	27	10	8	84540	22	84552	15	8340240	8340211
10	13	29	3	8	84540	12	84552	7	8339222	8339410
19	2	0	11	8	84448	2	84502	16	8332144	8331987
24	2	5	13	8	84508	19	84562	3	8336693	8336689
3	9	28	5	8	84480	23	84492	16	8334190	8334208
13	2	21	12	8	84540	17	84552	10	8339691	8339698
20	3	31	3	8	84448	21	84452	14	8330875	8330855
27	1	3	13	8	84628	19	84682	3	8349537	8349561
15	3	19	12	8	84700	6	84692	31	8354338	8354341
5	5	28	10	8	84760	14	84772	7	8361133	8361142
17	12	23	6	8	84708	5	84732	6	8357184	8358028
13	11	18	11	8	84660	13	84672	1	8352054	8351627
11	13	18	11	8	84720	7	84732	3	8357369	8357740
28	8	5	5	8	84668	20	84722	4	8352671	8352681
10	8	25	4	8	84680	16	84672	9	8352312	8352314
8	12	24	1	8	84700	8	84712	1	8354559	8354566
24	9	4	3	8	84668	21	84722	5	8352762	8352771
27	9	2	4	8	84688	23	84762	7	8355936	8355932
29	9	4	5	8	84768	20	84822	4	8361817	8361799
15	12	28	7	8	84800	8	84812	11	8364032	8364925
25	15	22	12	8	84668	0	84712	0	8353727	8354470
25	11	2	13	8	84868	24	84922	8	8372237	8372249
5	7	6	4	8	84700	19	84742	31	8355604	8355232
12	2	21	12	8	84780	21	84772	14	8361939	8361951
12	2	5	3	8	84800	22	84862	14	8365355	8366224
16	2	16	10	8	84788	8	84792	1	8364052	8364053
27	9	5	3	8	84808	30	84862	14	8366232	8366224
29	12	7	3	8	84868	10	84942	26	8374102	8374100
8	4	16	13	8	84840	23	84852	16	8368771	8368772
24	3	7	11	8	84708	31	84762	15	8356713	8356706
5	3	29	10	8	84660	30	84652	23	8350682	8350685
5	1	26	11	8	84840	3	84852	28	8370079	8370066
17	11	15	1	8	84688	8	84742	24	8354620	8354631
14	0	19	13	8	84740	15	84752	8	8358209	8358211
9	9	24	4	8	84740	29	84752	22	8359590	8359535
4	0	28	10	8	84900	19	84912	12	8374908	8374906
25	10	3	2	8	84688	9	84742	25	8354682	8354689
20	6	14	7	8	84748	4	84802	20	8360291	8360301
25	5	4	8	8	84848	9	84902	25	8370784	8370782
8	4	23	9	8	84660	4	84672	29	8351348	8351317
5	5	28	9	8	84660	11	84672	4	8351910	8351903
23	10	11	4	8	84828	27	84882	11	8369256	8369218
4	6	24	8	8	84660	0	84672	25	8350862	8350883
0	6	31	7	8	84840	16	84832	9	8368080	8368076
20	6	13	8	8	84648	12	84722	28	8352044	8352037
20	14	12	8	8	84848	21	84902	29	8372054	8371183
10	15	21	10	8	84800	10	84792	3	8364174	8364152
27	0	7	15	8	84748	2	84802	15	8360013	8359709
5	7	27	5	8	85060	22	85072	15	8390814	8390813
0	15	28	5	8	85100	20	85092	13	8393706	8393713
24	7	7	5	8	85028	31	85082	15	8388569	8388583
14	12	7	4	8	85060	29	85122	18	8391551	8392014
21	9	11	4	8	84968	3	85022	19	8382578	8382590
12	8	10	6	8	84920	8	84982	31	8376833	8377519
7	1	26	8	8	85120	16	85132	13	8396308	8396685
19	7	12	4	8	84888	30	84962	14	8375841	8375849
4	6	24	5	8	84940	2	84952	27	8379438	8379445
9	9	25	4	8	85040	8	85052	1	8389426	8389434
15	3	17	9	8	84960	14	84972	7	8380687	8380693
14	0	19	13	8	84920	5	84932	30	8376550	8376544
14	6	22	10	8	85040	25	85032	18	8387986	8387992
16	1	17	14	8	85088	20	85092	13	8393730	8393744
29	13	8	1	8	84988	30	85062	14	8385421	8385417
25	1	7	13	8	85088	24	85142	8	8394098	8394106
24	9	9	5	8	84908	15	84982	31	8377526	8377537
23	5	25	13	8	85008	8	85032	7	8386406	8386960
13	1	3	11	8	85080	5	85122	27	8392331	8392856
23	3	10	9	8	84928	27	84982	11	8378802	8378801
7	3	16	10	8	85100	0	85112	21	8394861	8394475
9	3	7	4	8	85000	31	85062	22	8385599	8386222
7	5	26	9	8	85100	25	85112	18	8394224	8394227
26	11	7	3	8	84908	6	84962	22	8376719	8376706
27	9	7	4	8	85008	6	85062	22	8386224	8386222
21	6	6	15	8	85048	29	85122	17	8391594	8391997
19	6	27	3	8	85088	24	85112	17	8394107	8394110
7	9	25	4	8	84960	12	84972	5	8380497	8380503
7	5	26	8	8	85000	2	85012	27	8385778	8385782
22	13	11	0	8	84928	6	85002	22	8379834	8379836
29	3	0	11	8	85368	30	85442	14	8422931	8422921
7	9	25	4	8	85240	1	85232	26	8407348	8407343
4	11	25	4	8	85260	31	85272	24	8410187	8410174
10	4	24	8	8	85280	18	85292	11	8412011	8412020
18	6	15	15	8	85348	26	85402	10	8419742	8419743
3	13	24	5	8	85220	26	85232	19	8406643	8406654
3	0	31	13	8	85300	30	85292	23	8413589	8413596
25	9	3	5	8	85168	18	85242	2	8402858	8402866
16	2	16	9	8	85208	13	85212	6	8405563	8405577
8	7	25	13	8	85160	3	85172	28	8401390	8401384
7	10	25	3	8	85380	21	85392	14	8422164	8422172
29	6	5	5	8	85368	14	85422	30	8421534	8421528
24	7	9	6	8	85388	6	85442	22	8423711	8423715
11	0	25	14	8	85380	23	85392	16	8422347	8422349
20	14	8	8	8	85168	18	85242	2	8402874	8402879
31	5	0	8	8	85348	26	85402	10	8419756	8419763
11	0	20	12	8	85260	22	85252	15	8409446	8409447
4	6	28	7	8	85360	0	85372	25	8420286	8420285
17	14	26	10	8	85288	8	85312	2	8414632	8414701
18	7	15	6	8	85328	10	85382	26	8418159	8418156
5	1	29	12	8	85200	8	85212	1	8405133	8405118
14	1	18	11	8	85220	29	85232	22	8406993	8406994
23	5	9	9	8	85208	21	85262	5	8406244	8406242
1	13	28	2	8	85200	3	85212	28	8404657	8404656
23	1	8	8	8	85328	21	85402	5	8419332	8419335
23	1	12	8	8	85368	29	85442	13	8422864	8422876
12	2	21	11	8	85180	13	85192	6	8402423	8402421
1	10	30	4	8	85200	28	85212	21	8403914	8403921
26	11	8	2	8	85328	16	85382	0	8418785	8418750
8	14	13	6	8	85240	3	85282	11	8407594	8406789
14	0	13	1	8	85380	23	85422	7	8422402	8422396
17	0	16	13	8	85308	16	85312	9	8415398	8415401
19	7	14	7	8	85168	5	85222	21	8401642	8401672
29	0	4	9	8	85188	27	85242	16	8403798	8404359
3	13	30	0	8	85160	22	85172	15	8400211	8400210
8	12	25	1	8	85360	1	85372	26	8420434	8420439
20	14	13	1	8	85228	8	85282	24	8408040	8408038
9	1	23	11	8	85200	7	85212	0	8404953	8404955
20	9	4	8	8	85208	19	85282	9	8406066	8406556
30	15	5	0	8	85228	10	85282	26	8408137	8408205
7	3	11	15	8	85440	26	85482	2	8429087	8428214
8	4	23	9	8	85460	15	85472	8	8431197	8431193
8	4	26	10	8	85520	31	85532	24	8436004	8436008
19	7	13	5	8	85428	24	85502	8	8428810	8428811
6	4	25	8	8	85620	28	85612	21	8445393	8445406
21	9	11	4	8	85608	31	85662	15	8445655	8445662
14	9	13	2	8	85540	19	85582	6	8437946	8438221
21	9	12	4	8	85408	29	85462	13	8426100	8426102
22	13	13	2	8	85528	22	85582	6	8438226	8438221
23	11	10	2	8	85548	12	85602	28	8440645	8440641
0	7	28	7	8	85460	13	85472	6	8431025	8431010
23	8	16	9	8	85448	9	85472	2	8430610	8430605
14	13	28	14	8	85440	20	85452	11	8428428	8428240
11	1	22	12	8	85580	5	85592	30	8443015	8443019
12	2	21	11	8	85540	27	85552	20	8438842	8438848
20	3	13	9	8	85488	19	85562	3	8434891	8434887
19	7	20	1	8	85528	13	85552	15	8437470	8438245
20	9	12	4	8	85608	1	85662	17	8445977	8445957
7	2	27	11	8	85560	14	85572	7	8440837	8440825
9	9	25	4	8	85580	0	85592	25	8442510	8442506
23	10	14	2	8	85448	31	85502	15	8429634	8429633
23	10	9	3	8	85448	3	85502	19	8430011	8430006
25	9	5	7	8	85448	12	85522	28	8430934	8430933
25	5	6	9	8	85488	9	85542	25	8433917	8433889
27	9	7	5	8	85488	16	85542	0	8434501	8434506
19	6	14	7	8	85508	6	85582	22	8436764	8436763
9	0	14	1	8	85480	19	85522	0	8431642	8431337
30	13	3	5	8	85468	19	85522	26	8431641	8430777
25	10	9	4	8	85508	31	85562	15	8436040	8436052
23	3	11	9	8	85628	31	85702	15	8448754	8448760
9	9	28	2	8	85500	18	85512	11	8434754	8434779
1	4	31	9	8	85540	30	85552	23	8439108	8439107
31	14	5	1	8	85408	27	85462	11	8425935	8425934
25	2	8	11	8	85488	14	85542	30	8434336	8434339
14	1	19	12	8	85620	13	85632	6	8447169	8447159
29	9	3	4	8	85648	12	85702	28	8449927	8449911
10	5	21	11	8	85540	23	85552	16	8438440	8438376
7	2	29	12	8	85540	24	85552	17	8438525	8438599
9	3	26	12	8	85620	9	85632	2	8446808	8446778
29	11	0	1	8	85548	5	85602	21	8439943	8439947
14	13	7	13	8	85600	23	85642	0	8444927	8444152
25	9	5	2	8	85628	21	85682	5	8447844	8447847
14	1	19	13	8	85600	22	85612	15	8444674	8444682
28	3	9	1	8	85748	25	85822	9	8460415	8460414
1	11	30	3	8	85740	29	85752	22	8457859	8457858
8	7	22	10	8	85740	28	85752	21	8457770	8457772
23	1	23	0	8	85768	8	85792	9	8461965	8462805
23	8	11	6	8	85888	20	85942	4	8472935	8472934
8	7	30	5	8	85720	11	85732	4	8456145	8456158
21	6	13	7	8	85868	14	85942	30	8472178	8472171
13	7	20	13	8	85820	9	85832	2	8465158	8465170
13	0	20	13	8	85700	26	85712	19	8454356	8454363
7	2	26	12	8	85840	11	85852	4	8468708	8468707
16	2	16	13	8	85748	24	85772	17	8460371	8460375
15	11	22	10	8	85700	29	85712	22	8454704	8454694
31	5	21	12	8	85648	22	85672	19	8450895	8451284
30	11	4	3	8	85768	7	85822	23	8461916	8461915
14	0	19	12	8	85780	5	85792	30	8461681	8461686
19	7	14	7	8	85848	18	85902	2	8469394	8469402
29	0	1	15	8	85888	24	85942	8	8473322	8473318
24	2	8	11	8	85908	9	85962	25	8474875	8474881
10	5	21	9	8	85780	10	85792	3	8462181	8462174
14	0	18	12	8	85900	5	85912	30	8474563	8474573
30	11	4	3	8	85748	11	85802	27	8459046	8459038
10	8	27	11	8	85780	15	85792	8	8462718	8462722
14	11	3	5	8	85860	28	85902	5	8470385	8469710
27	9	3	5	8	85848	21	85902	5	8469727	8469710
25	12	9	3	8	85848	28	85922	12	8470379	8470378
1	10	31	3	8	85860	21	85872	14	8469723	8469726
3	9	22	12	8	85700	18	85712	15	8453699	8454015
26	3	4	11	8	85688	17	85742	1	8453578	8453574
24	7	9	5	8	85828	9	85902	25	8468556	8468557
8	5	21	9	8	85840	25	85832	18	8466971	8466967
14	15	5	7	8	85700	28	85762	12	8454533	8454532
11	0	21	12	8	85740	6	85752	31	8458588	8458572
21	9	11	0	8	85788	24	85842	8	8463486	8463443
24	7	9	6	8	85848	23	85902	7	8469854	8469875
9	9	23	12	8	86120	28	86132	21	8495365	8495373
17	14	22	12	8	85968	9	85992	3	8480708	8480802
20	15	17	14	8	86028	8	86032	27	8487214	8486589
21	6	14	7	8	86088	14	86162	30	8493924	8493935
8	7	30	6	8	86100	14	86112	7	8493943	8493933
26	5	7	9	8	85988	26	86042	10	8482351	8482348
9	11	4	12	8	86000	10	86062	23	8484057	8483782
31	0	5	7	8	86028	17	86102	1	8488137	8488144
29	13	8	1	8	86108	19	86162	3	8494481	8494487
10	13	14	3	8	85940	4	86002	28	8477369	8478105
9	9	24	4	8	86040	18	86052	11	8488228	8488225
2	0	25	14	8	86060	24	86072	17	8488800	8488802
0	15	29	6	8	85940	10	85952	3	8477924	8477931
16	1	17	13	8	85968	13	85992	6	8481077	8481089
19	12	0	4	8	86008	29	86082	13	8486092	8486104
10	8	24	4	8	85940	11	85952	4	8478061	8478041
23	3	12	9	8	86008	19	86062	3	8485084	8485080
7	1	26	12	8	85940	31	85952	24	8476986	8476984
4	11	28	2	8	85940	12	85952	5	8478129	8478125
30	13	9	6	8	86088	7	86142	13	8493352	8492396
0	10	1	9	8	86020	30	86082	14	8486239	8486265
19	4	12	11	8	85988	28	86042	12	8482582	8482578
29	13	5	1	8	86008	18	86062	2	8485000	8485010
26	3	7	10	8	86048	20	86102	4	8488383	8488382
8	4	26	9	8	85920	26	85932	19	8476528	8476525
10	13	6	10	8	86140	7	86182	23	8496295	8496301
10	4	27	10	8	86100	5	86112	30	8493164	8493169
20	9	12	4	8	86028	6	86082	22	8487054	8487053
5	14	19	13	8	85920	24	85932	17	8476318	8476319
7	5	27	9	8	86080	25	86092	18	8492013	8492021
15	3	18	11	8	86100	12	86112	5	8493780	8493774
21	9	12	4	8	85928	9	86002	25	8477895	8477894
15	12	26	5	8	86140	20	86152	13	8497711	8497712
1	13	31	0	8	85980	10	85992	3	8480801	8480799
15	11	30	12	8	86040	17	86052	10	8488127	8488125
29	4	2	8	8	86188	6	86242	22	8502872	8502870
10	4	22	9	8	86180	12	86172	5	8500131	8500132
1	11	30	3	8	86220	3	86232	28	8505631	8505627
1	5	31	15	8	86400	11	86408	4	8521523	8521520
24	2	18	11	8	86248	13	86288	10	8509618	8509974
17	14	4	9	8	86348	12	86402	24	8518713	8518302
0	5	25	12	8	86300	23	86328	25	8513442	8514417
31	13	5	2	8	86308	11	86382	27	8515400	8515393
14	1	20	13	8	86220	6	86232	31	8505906	8505893
13	2	19	12	8	86340	15	86348	8	8515819	8515827
2	15	25	3	8	86360	16	86368	1	8519127	8518315
23	10	10	2	8	86228	18	86282	2	8507005	8507006
29	9	4	5	8	86348	19	86422	3	8519385	8519382
2	12	21	10	8	86200	13	86212	14	8503582	8504370
12	8	24	5	8	86200	18	86212	11	8504037	8504040
25	10	7	3	8	86328	23	86382	7	8516612	8516614
9	9	24	4	8	86260	4	86268	29	8508720	8508724
31	5	2	7	8	86268	17	86322	1	8509987	8510005
14	1	18	11	8	86280	1	86288	26	8511400	8511407
28	3	3	11	8	86188	13	86262	29	8503604	8503589
17	12	15	1	8	86228	13	86282	29	8506491	8506495
29	9	2	3	8	86348	12	86402	28	8518744	8518733
24	15	12	3	8	86408	0	86462	11	8523664	8523192
9	14	28	9	8	86260	12	86268	0	8509497	8509018
7	1	27	12	8	86340	22	86348	15	8516523	8516528
17	11	15	1	8	86288	20	86362	4	8513091	8513090
31	3	0	10	8	86388	15	86442	31	8521984	8521983
20	9	13	2	8	86308	26	86362	10	8513785	8513784
12	11	29	6	8	86260	6	86268	25	8508954	8508477
3	12	30	0	8	86400	21	86408	14	8522595	8522601
10	8	25	4	8	86180	28	86192	21	8501933	8501910
23	5	3	11	8	86288	5	86342	26	8511794	8512296
18	6	18	9	8	86328	31	86368	24	8517486	8517487
5	7	30	6	8	86300	23	86328	16	8513549	8513502
29	9	4	3	8	86328	22	86382	6	8516558	8516557
23	8	7	5	8	86388	12	86442	28	8521668	8521664
24	2	13	1	8	86388	26	86462	10	8523127	8523134
19	7	14	7	8	86408	8	86462	24	8524397	8524398
24	7	9	5	8	86188	18	86262	2	8504001	8503976
25	12	20	13	8	86388	16	86408	13	8522049	8522429
27	1	3	13	8	86468	27	86522	11	8529372	8529381
11	15	2	9	8	86440	20	86482	7	8525641	8525889
14	0	19	14	8	86480	29	86488	22	8529601	8529592
25	11	8	2	8	86508	10	86562	26	8533914	8533926
9	11	25	0	8	86480	11	86508	4	8530783	8530779
20	15	21	10	8	86488	17	86488	31	8531371	8530391
28	3	3	11	8	86528	6	86602	22	8536482	8536479
9	0	24	14	8	86460	5	86468	30	8527360	8527357
29	13	5	1	8	86468	0	86522	16	8529863	8529871
17	14	26	2	8	86588	23	86608	24	8541242	8542068
6	2	27	12	8	86560	11	86568	4	8537072	8537042
18	6	14	7	8	86448	14	86502	30	8528179	8528167
11	7	4	7	8	86420	15	86482	31	8525106	8525100
3	12	24	14	8	86500	15	86508	9	8531231	8531310
23	8	11	4	8	86428	27	86482	11	8526284	8526280
21	9	15	15	8	86528	27	86582	10	8535541	8535451
20	9	12	4	8	86468	27	86522	11	8529409	8529414
9	9	0	5	8	86460	22	86522	1	8528946	8528484
4	6	29	7	8	86500	27	86508	20	8532453	8532447
11	7	24	8	8	86640	24	86648	17	8544354	8544349
31	3	1	10	8	86428	28	86482	12	8526415	8526420
29	3	3	9	8	86528	20	86582	4	8534893	8534901
13	2	22	13	8	86680	0	86688	25	8548416	8548417
19	6	12	9	8	86428	27	86482	11	8526286	8526293
26	11	6	1	8	86548	17	86602	1	8537646	8537649
10	4	31	11	8	86440	24	86448	17	8526010	8526012
13	1	21	4	8	86440	28	86448	11	8526413	8525488
5	3	23	11	8	86480	7	86508	10	8530517	8531432
25	1	15	6	8	86428	17	86482	1	8525436	8525400
17	14	6	8	8	86548	11	86602	31	8537081	8537467
24	2	7	13	8	86568	30	86622	14	8538931	8538933
0	7	28	6	8	86460	6	86468	31	8527468	8527471
15	11	0	1	8	86480	26	86522	7	8529346	8529066
8	5	26	8	8	86640	5	86648	30	8545828	8545826
25	5	6	8	8	86628	25	86682	9	8544523	8544529
3	6	13	7	8	86600	3	86662	19	8542599	8542545
23	5	10	6	8	86428	27	86482	5	8526319	8525761
3	9	31	4	8	86440	31	86448	24	8526789	8526788
23	10	12	4	8	86428	23	86482	7	8525958	8525956
29	11	3	1	8	86668	11	86722	27	8549454	8549470
15	12	7	9	8	86680	9	86742	31	8549301	8549874
10	8	2	1	8	86480	7	86542	23	8530437	8530458
3	0	31	13	8	86720	27	86748	20	8553863	8553870
18	6	15	6	8	86728	29	86782	13	8554090	8554089
12	2	22	13	8	86800	6	86808	31	8560972	8560976
5	3	27	11	8	86840	9	86848	2	8564183	8564177
20	9	12	3	8	86928	19	87002	3	8574555	8574559
12	13	5	2	8	86700	2	86742	12	8551552	8550983
7	9	27	3	8	86720	23	86728	16	8553520	8553511
27	0	12	4	8	86808	25	86882	19	8562681	8563623
25	12	17	14	8	86868	10	86888	15	8567463	8568463
1	10	27	5	8	86760	30	86768	23	8557229	8557247
18	14	21	1	8	86748	18	86768	18	8556031	8556764
23	1	12	11	8	86808	15	86862	31	8561694	8561703
17	12	15	1	8	86868	20	86922	4	8568313	8568318
6	2	24	8	8	86800	26	86808	19	8559896	8559893
7	2	29	12	8	86800	26	86808	19	8559911	8559903
13	1	19	12	8	86780	4	86788	29	8557830	8557829
6	15	4	9	8	86880	26	86942	7	8568864	8568548
29	11	5	3	8	86888	31	86942	15	8569301	8569325
28	3	3	11	8	86908	25	86962	9	8571933	8571915
3	0	31	13	8	86800	24	86808	17	8559717	8559719
10	8	23	12	8	86940	10	86948	9	8573744	8574240
23	12	21	12	8	86808	31	86828	20	8563241	8562930
15	3	18	12	8	86760	19	86768	12	8556180	8556185
21	6	28	7	8	86728	2	86748	30	8554681	8554954
10	4	23	9	8	86720	27	86748	20	8553901	8553900
23	1	13	5	8	86868	14	86942	6	8567877	8568479
12	13	25	11	8	86760	30	86768	14	8557273	8556371
9	3	26	12	8	86800	2	86808	27	8560647	8560642
20	3	12	11	8	86728	15	86802	31	8555843	8555819
19	7	18	9	8	86788	1	86808	26	8560584	8560577
9	9	25	4	8	86860	28	86868	21	8566076	8566069
8	12	25	1	8	86880	27	86908	20	8568994	8568991
20	9	11	4	8	86728	9	86802	25	8555314	8555315
31	0	5	5	8	86888	30	86942	14	8569224	8569219
11	13	20	13	8	86900	29	86908	22	8569140	8569146
24	3	8	10	8	86728	31	86782	15	8554408	8554455
27	0	7	15	8	86768	9	86822	0	8558280	8559027
28	8	4	5	8	86828	6	86882	22	8564009	8563983
22	13	11	0	8	86928	10	43582322	26	8573816	8573788
0	7	31	6	8	86860	26	86868	19	8565976	8565942
1	2	29	10	8	86920	1	86928	26	8572919	8572923
5	7	29	6	8	86720	25	86728	18	8553648	8553651
30	11	7	4	8	86868	24	86942	8	8568632	8568634
15	3	22	13	8	87080	22	87088	15	8587173	8587141
27	4	4	9	8	87008	30	87062	14	8581661	8581658
8	14	22	2	8	87020	20	87028	19	8580657	8581264
6	15	25	1	8	87000	2	87008	27	8578952	8578955
23	10	9	3	8	86988	14	87062	30	8580100	8580102
21	9	12	5	8	87108	28	87162	12	8590904	8590914
13	1	20	13	8	87120	6	87128	31	8591886	8591891
0	2	29	9	8	87160	14	87168	7	8595849	8595837
20	9	12	4	8	86988	6	87042	22	8579371	8579373
22	3	17	14	8	87128	19	87148	15	8593129	8593419
3	13	29	1	8	87100	21	87108	14	8590129	8590134
19	5	15	6	8	86948	26	87002	10	8575202	8575196
24	7	7	6	8	87148	6	87202	22	8594945	8594948
5	1	27	12	8	87160	16	87168	9	8595977	8595981
16	1	25	3	8	87168	28	87188	29	8596928	8597841
4	6	31	7	8	87080	2	87088	27	8588328	8588327
3	6	31	6	8	87100	13	87108	6	8589485	8589479
19	5	12	9	8	86948	7	87022	23	8576407	8576408
1	10	7	10	8	87080	19	87102	23	8586871	8585847
5	1	10	6	8	87200	19	87242	31	8599429	8599026
19	0	14	3	8	86948	0	87002	16	8575790	8575794
31	0	16	15	8	87088	12	87108	30	8589402	8588688
26	11	8	2	8	87148	0	87202	16	8594459	8594466
18	7	15	6	8	87068	1	87142	17	8588284	8588289
5	1	27	12	8	87000	10	87008	3	8579859	8579856
13	0	19	12	8	87180	28	87188	21	8596968	8596967
19	7	14	7	8	87028	17	87082	1	8583640	8583644
31	13	4	3	8	87108	6	87182	22	8591917	8591949
17	0	16	12	8	86948	10	86968	3	8576699	8576706
19	7	14	7	8	87008	1	87082	17	8582063	8582062
17	11	15	1	8	87188	14	87242	30	8598925	8598934
26	5	5	9	8	87088	7	87142	23	8588949	8588948
20	9	13	5	8	87168	0	87222	6	8597393	8596461
13	2	20	12	8	87100	19	87108	12	8589967	8589973
23	12	12	3	8	86948	7	87022	23	8576448	8576440
29	4	4	9	8	87088	10	87142	26	8589203	8589253
6	2	27	10	8	86960	25	86968	18	8575168	8575147
9	3	25	12	8	87160	1	87168	28	8594583	8594750
20	6	14	7	8	87048	30	87102	14	8584945	8584946
19	6	14	7	8	87108	11	87182	27	8592436	8592471
18	11	14	2	8	87168	30	87222	14	8597063	8597064
22	13	11	0	8	87228	27	87282	11	8603607	8603609
20	6	15	6	8	87388	31	87462	15	8619734	8619727
9	9	25	8	8	87360	11	87368	4	8614512	8614519
7	5	24	8	8	87360	27	87388	20	8616100	8616093
11	0	22	12	8	87460	13	87468	6	8624145	8624164
3	8	30	5	8	87380	6	87388	31	8617187	8617200
15	11	25	1	8	87420	22	87428	9	8621962	8621401
30	11	6	4	8	87328	4	87402	20	8613889	8613902
12	2	19	9	8	87300	12	87308	5	8608301	8608303
3	9	28	5	8	87380	10	87388	3	8617595	8617598
5	1	29	12	8	87220	8	87228	1	8601583	8601578
14	0	1	15	8	87260	9	87302	15	8604925	8604062
11	1	22	13	8	87340	0	87348	25	8613452	8613453
5	3	29	12	8	87360	19	87368	12	8615272	8615260
5	5	29	9	8	87260	15	87268	8	8605449	8605436
25	15	9	6	8	87328	3	87402	27	8613819	8614550
8	5	24	8	8	87220	13	87228	6	8602123	8602130
5	5	31	9	8	87320	13	87328	6	8611544	8611541
26	3	12	9	8	87428	31	87482	14	8622853	8622785
26	0	4	14	8	87308	17	87382	1	8611892	8611896
3	9	27	5	8	87420	9	87428	2	8620770	8620777
19	7	14	7	8	87288	23	87342	7	8609474	8609475
28	15	5	0	8	87408	21	87482	5	8621912	8621888
29	11	5	3	8	87208	12	87282	28	8602008	8601992
18	6	15	6	8	87288	28	87362	12	8609955	8609953
17	14	19	9	8	87348	9	87368	4	8614384	8614573
21	9	12	4	8	87408	23	87482	7	8622118	8622104
14	11	16	10	8	87300	27	87328	24	8609817	8610270
19	6	14	7	8	87248	13	87302	29	8605346	8605352
17	12	15	1	8	87268	2	87322	18	8607491	8607516
2	12	18	11	8	87320	5	87328	5	8610845	8611512
19	7	13	5	8	87268	10	87342	26	8608152	8608180
14	6	1	0	8	87440	11	87502	30	8623910	8624205
21	9	12	4	8	87288	25	87362	9	8609604	8609591
26	5	6	9	8	87448	18	87502	2	8624604	8624606
7	1	19	12	8	87700	2	87708	29	8647625	8647784
6	4	27	9	8	87520	12	87528	5	8630353	8630357
19	7	13	5	8	87468	0	87522	16	8625927	8625928
25	11	10	4	8	87588	3	87642	19	8638839	8638841
25	2	11	9	8	87608	14	87662	30	8639874	8639900
14	1	19	13	8	87560	24	87568	17	8634744	8634749
10	4	26	9	8	87660	3	87668	28	8644746	8644742
24	9	19	13	8	87628	10	87648	30	8642300	8641822
12	2	21	11	8	87520	21	87528	14	8631139	8631157
24	7	7	7	8	87648	2	87722	18	8644653	8644650
3	14	29	6	8	87500	23	87508	22	8628270	8628774
17	0	16	14	8	87568	5	87588	30	8636088	8636089
9	1	25	12	8	87620	27	87628	20	8641012	8641011
7	5	26	8	8	87620	16	87628	9	8640131	8640121
25	10	6	3	8	87488	1	87562	17	8629325	8629328
24	2	7	11	8	87668	9	87722	25	8645399	8645390
8	4	24	8	8	87560	29	87568	22	8635198	8635185
12	8	24	5	8	87600	1	87608	26	8638703	8638686
17	0	16	12	8	87568	12	87588	5	8636732	8636739
16	1	16	13	8	87568	6	87588	31	8636192	8636184
17	12	19	13	8	87468	2	87468	19	8626136	8625425
26	5	5	8	8	87588	7	87662	23	8639306	8639313
10	4	22	9	8	87560	30	87568	23	8635370	8635380
0	15	23	9	8	87660	21	87668	14	8643426	8643440
26	2	7	11	8	87468	14	87542	30	8627457	8627434
18	6	14	7	8	87628	9	87682	25	8642224	8642233
7	2	27	12	8	87500	27	87508	20	8628622	8628626
26	11	9	3	8	87628	3	87682	19	8641635	8641639
18	7	14	7	8	87648	6	87722	22	8645083	8645080
6	4	29	10	8	87500	24	87508	17	8628384	8628366
4	0	29	15	8	87580	20	87588	13	8637517	8637516
19	7	11	9	8	87468	6	87522	16	8626576	8625972
21	9	13	5	8	87548	1	87622	17	8635720	8635722
19	6	14	7	8	87628	15	87702	31	8642901	8642928
3	6	31	7	8	87640	2	87648	27	8641561	8641528
16	1	17	13	8	87468	17	87488	10	8627794	8627798
23	11	10	2	8	87548	30	87622	14	8635386	8635442
14	1	19	14	8	87560	21	87568	14	8634362	8634337
3	13	21	11	8	87700	0	87688	18	8647420	8646715
24	9	9	4	8	87548	22	87602	6	8634439	8634442
27	0	7	13	8	87648	28	87702	12	8644114	8644093
11	1	21	11	8	87740	20	87748	13	8652506	8652503
23	12	11	0	8	87924	26	88002	10	8671495	8671503
25	9	5	2	8	87964	30	88022	14	8674927	8674926
9	0	24	15	8	87840	9	87848	2	8660743	8660740
17	14	15	1	8	87748	5	87822	21	8654247	8654262
23	0	11	13	8	87768	28	87842	12	8656552	8656560
9	9	25	3	8	87840	15	87848	8	8661250	8661252
25	12	8	1	8	87924	10	87982	26	8669942	8669944
13	11	31	12	8	87780	30	87788	23	8656740	8656728
6	2	27	11	8	87900	6	87908	31	8666533	8666531
29	13	5	5	8	87748	30	87802	14	8653594	8653585
27	4	6	9	8	87808	20	87862	4	8658924	8658918
8	7	17	8	8	87740	13	87748	14	8651931	8652647
17	0	16	15	8	87904	2	87928	27	8669205	8669204
5	1	30	13	8	87820	22	87828	15	8659086	8659089
8	12	13	9	8	87900	4	87942	13	8666397	8665784
23	10	11	4	8	87964	23	88022	7	8674336	8674343
9	1	24	14	8	87920	3	87928	28	8669296	8669300
29	4	5	9	8	87888	14	87942	30	8667380	8667374
2	0	18	8	8	87920	6	87928	25	8669587	8669060
5	3	28	10	8	87960	10	87968	3	8673133	8673135
29	4	5	9	8	87788	12	87842	28	8658118	8658126
20	6	13	6	8	87964	23	88022	7	8674355	8674352
1	11	29	3	8	87740	18	87748	11	8652380	8652386
8	5	26	9	8	87800	10	87808	3	8657960	8657961
20	15	21	11	8	87748	24	87748	10	8652922	8652308
19	5	13	7	8	87828	8	87882	24	8660691	8660680
20	9	12	3	8	87868	20	87922	4	8664933	8664937
7	9	30	3	8	87800	17	87808	10	8658585	8658578
0	2	29	10	8	87900	15	87908	8	8667476	8667464
9	3	26	9	8	87800	12	87808	5	8658132	8658137
3	9	28	5	8	87860	28	87868	21	8662642	8662635
13	0	20	13	8	87720	2	87728	27	8650811	8650806
12	11	12	9	8	87740	13	87802	4	8651972	8652604
0	6	31	6	8	87800	18	87808	11	8658709	8658706
25	10	8	2	8	87728	18	87802	2	8652408	8652429
27	0	2	14	8	87944	1	88002	17	8672293	8672299
4	11	29	1	8	87860	29	87868	22	8662691	8662695
24	9	9	4	8	87944	3	88002	19	8672414	8672417
16	1	23	0	8	88064	26	88088	16	8684143	8683829
3	12	31	0	8	88080	24	88088	17	8683963	8683966
7	2	27	12	8	88140	2	88148	27	8691147	8691145
26	3	7	10	8	88024	17	88082	1	8679959	8679952
26	5	2	8	8	87984	6	88042	22	8675657	8675631
20	15	28	5	8	88004	28	88008	14	8677742	8677056
17	14	22	12	8	88004	3	88028	21	8678437	8677751
31	0	24	1	8	88024	25	88048	11	8681072	8680140
27	0	5	13	8	88044	6	88102	22	8682297	8682303
9	1	23	11	8	88040	27	88048	20	8681316	8681319
6	4	28	10	8	88060	18	88068	11	8683394	8683387
29	9	7	5	8	87984	4	88042	20	8675460	8675473
23	10	12	3	8	88084	17	88142	1	8686316	8686330
25	5	30	0	8	88124	31	88148	27	8690883	8691165
6	2	27	10	8	87980	4	87988	29	8675468	8675467
14	0	21	11	8	87980	4	87988	29	8675515	8675466
13	0	19	13	8	88080	30	88088	23	8684486	8684490
1	4	27	5	8	88100	21	88108	14	8686710	8686709
23	5	9	9	8	87984	15	88042	31	8676494	8676492
24	7	7	6	8	88084	12	88142	28	8685806	8685794
19	6	14	7	8	88184	26	88242	10	8697050	8697048
5	1	30	13	8	88020	9	88028	2	8679130	8679135
31	0	2	4	8	88024	28	88082	12	8681448	8681433
21	6	28	5	8	88064	29	88088	24	8684411	8684569
26	3	4	12	8	88184	26	88242	10	8697052	8697064
6	4	27	9	8	88220	7	88228	0	8698322	8698330
6	15	25	1	8	88160	9	88168	0	8692033	8691816
13	2	20	11	8	88180	4	88188	29	8694876	8694885
23	5	12	8	8	87984	11	88042	27	8676174	8676176
19	12	14	3	8	88024	15	88082	31	8679747	8679755
5	7	30	6	8	88000	21	88008	14	8677147	8677134
19	5	13	7	8	87984	23	88062	7	8677321	8677337
18	11	14	2	8	88124	3	88182	13	8691345	8690735
26	5	22	10	8	88204	3	88228	28	8698005	8698002
12	13	10	4	8	88080	26	88122	14	8684174	8684507
7	10	28	2	8	88100	18	88108	11	8686456	8686445
18	6	15	15	8	88084	8	88142	24	8685408	8685410
27	13	8	1	8	88124	29	88182	13	8690692	8690743
29	12	5	1	8	88144	9	88202	25	8692049	8692051
13	2	21	12	8	88000	20	88008	13	8677027	8677051
7	2	10	2	8	88020	0	88062	10	8678184	8677598
23	11	10	2	8	88004	26	88062	10	8677597	8677598
10	11	6	9	8	88060	21	88122	3	8683724	8683545
14	0	18	12	8	88160	21	88168	14	8693328	8693349
27	4	6	8	8	87984	22	88062	6	8677288	8677228
19	5	11	14	8	88104	3	88162	26	8688046	8688715
7	3	7	10	8	88300	25	88362	19	8706659	8707539
17	0	16	12	8	88304	20	88328	13	8709121	8709129
9	11	24	1	8	88320	26	88328	19	8709639	8709644
25	10	5	2	8	88284	17	88342	1	8705740	8705748
12	8	12	5	8	88320	25	88382	10	8709577	8709657
13	2	19	10	8	88260	18	88268	11	8702641	8702645
29	0	5	13	8	88244	17	88302	1	8702559	8702562
5	7	28	7	8	88280	19	88308	12	8706002	8706011
16	1	17	13	8	88264	12	88288	5	8705251	8705252
4	13	25	1	8	88320	14	88328	7	8708624	8708627
20	9	11	4	8	88264	31	88322	15	8704008	8704007
27	9	6	4	8	88284	16	88342	0	8705668	8705677
24	7	12	3	8	88444	20	88502	29	8721625	8720993
5	3	25	8	8	88320	26	88328	19	8709674	8709669
7	2	27	12	8	88340	14	88348	7	8711547	8711554
29	6	6	8	8	88344	21	88402	5	8712333	8712337
11	0	22	13	8	88380	4	88388	29	8713910	8713911
27	4	7	9	8	88284	3	88362	19	8707582	8707599
17	0	16	12	8	88344	21	88368	14	8712350	8712349
16	1	23	6	8	88424	1	88428	17	8719887	8719025
12	2	22	13	8	88380	12	88388	5	8714758	8714755
21	9	8	2	8	88244	11	88302	27	8701957	8701975
8	2	25	12	8	88340	10	88348	3	8711283	8711269
13	11	23	9	8	88320	8	88328	1	8708058	8708065
14	14	22	2	8	88440	6	88448	9	8720294	8721280
12	11	17	9	8	88460	2	88468	29	8722966	8723178
29	11	5	2	8	88444	16	88502	0	8721279	8721278
13	12	26	11	8	88280	8	88288	24	8704916	8704035
7	1	25	13	8	88400	10	88408	3	8717637	8717641
7	13	21	4	8	88420	29	88428	19	8719548	8719298
11	1	22	12	8	88440	17	88448	10	8721431	8721391
16	1	17	13	8	88244	8	88248	1	8701647	8701648
27	9	22	14	8	88244	9	88248	2	8701763	8701767
26	2	3	11	8	88264	8	88322	24	8704967	8704927
14	0	18	12	8	88260	28	88268	21	8703643	8703628
5	14	1	10	8	88400	10	88462	4	8717582	8718559
21	9	7	3	8	88304	12	88362	28	8708402	8708424
25	10	11	4	8	88344	22	88402	6	8712398	8712376
28	8	4	5	8	88424	31	88482	15	8719618	8719622
17	0	16	12	8	88624	6	88648	0	8738843	8738850
23	11	9	3	8	88524	19	88603	4	8730976	8730968
19	0	13	14	8	88724	20	88783	6	8749806	8749823
8	2	26	11	8	88600	7	88608	1	8735746	8735750
5	7	31	7	8	88620	21	88628	15	8736943	8736942
31	3	3	10	8	88584	29	88643	14	8734878	8734882
17	14	25	3	8	88584	0	88608	29	8735183	8735405
30	15	5	13	8	88644	4	88703	21	8741929	8741938
7	10	31	13	8	88580	21	88588	15	8734231	8734227
1	10	30	3	8	88560	8	88568	2	8732975	8732969
31	3	7	9	8	88604	18	88663	3	8736702	8736697
21	9	28	10	8	88664	29	88708	31	8744492	8745436
25	10	10	4	8	88504	16	88562	0	8727670	8727638
8	5	25	8	8	88620	26	88628	20	8737546	8737550
18	7	15	6	8	88504	27	88562	11	8728692	8728698
29	9	18	11	8	88584	10	88608	26	8736037	8735213
29	0	5	13	8	88684	2	88743	19	8745102	8745106
5	7	28	6	8	88720	3	88728	29	8748269	8748261
21	9	11	4	8	88584	0	88643	17	8735216	8735219
20	6	13	7	8	88644	5	88703	22	8742038	8742026
25	9	4	4	8	88564	13	88623	31	8733569	8733697
16	2	29	6	8	88584	3	88608	4	8735428	8736049
0	4	3	2	8	88580	31	88643	16	8735127	8735128
20	6	14	7	8	88584	2	88643	19	8735366	8735369
12	2	20	11	8	88640	15	88648	9	8739933	8739930
8	2	29	3	8	88680	17	88688	11	8743261	8743250
8	6	21	8	8	88620	0	88628	25	8738307	8738208
15	12	2	4	8	88700	12	88743	30	8746118	8746111
27	0	3	15	8	88584	14	88663	31	8736407	8736452
9	13	24	1	8	88640	24	88648	18	8740730	8740723
29	9	2	13	8	88744	2	88803	15	8751207	8750756
31	1	0	13	8	88944	8	89003	26	8771498	8771503
16	1	17	14	8	88764	30	88788	24	8754141	8754142
0	5	31	15	8	88920	8	88928	2	8768046	8768047
5	3	29	10	8	88820	9	88828	3	8758110	8758114
7	3	27	11	8	88920	8	88928	2	8768063	8768050
17	0	16	15	8	88764	30	88788	24	8754154	8754170
27	4	5	9	8	88844	3	88903	21	8760990	8761001
8	15	8	2	8	88780	25	88823	8	8753685	8753322
12	10	27	5	8	88880	6	88888	0	8764604	8764605
16	2	23	15	8	88844	4	88868	30	8761062	8761058
9	9	24	1	8	88740	25	88748	19	8750343	8750341
30	15	14	1	8	88924	20	88983	9	8769255	8769621
5	3	31	13	8	88980	7	88988	1	8774760	8774764
19	12	26	9	8	88744	2	88748	20	8751232	8750484
13	2	20	11	8	88860	17	88868	11	8762363	8762371
15	3	18	12	8	88900	30	88928	24	8767198	8767195
17	12	7	13	8	88804	8	88883	29	8758047	8758389
13	1	19	10	8	88880	4	88888	30	8764389	8764386
11	1	22	13	8	88920	7	88928	1	8768005	8768008
8	5	26	10	8	88960	16	88968	10	8772319	8772317
24	1	18	15	8	88784	15	88808	16	8755872	8756480
23	8	10	4	8	88824	18	88883	4	8759082	8759086
25	9	22	10	8	88904	0	88908	20	8767414	8766783
23	11	10	2	8	88904	5	88963	23	8767821	8767833
29	6	2	8	8	88724	26	88803	12	8750515	8750522
31	5	7	7	8	88804	28	88863	9	8756951	8756554
13	2	20	12	8	88820	10	88828	4	8758323	8758326
2	12	25	14	8	88860	21	88868	7	8762795	8762048
4	13	0	4	8	88780	1	88843	28	8754498	8755396
14	8	17	9	8	88920	15	88928	11	8768882	8769051
23	12	12	3	8	88804	31	88863	17	8757214	8757215
18	7	14	7	8	88844	4	88903	22	8761089	8761096
8	6	26	8	8	88840	1	88848	27	8760787	8760831
7	5	25	8	8	88960	23	88968	17	8773097	8773096
25	10	6	3	8	88884	24	88963	10	8766631	8766648
23	10	24	8	8	88764	19	88788	13	8753004	8753005
29	0	8	10	8	88824	27	88883	13	8759997	8759958
12	2	22	12	8	89060	16	89068	10	8782131	8782129
10	4	22	9	8	89060	24	89068	18	8782960	8782958
16	2	22	14	8	89004	7	89028	1	8778119	8778123
3	0	31	14	8	88980	10	88988	4	8775037	8775034
14	1	19	13	8	89020	20	89028	14	8779457	8779442
28	8	4	3	8	89024	23	89083	9	8779740	8779744
1	5	31	15	8	89040	9	89048	3	8781454	8781433
0	5	22	12	8	89100	25	89108	15	8786367	8785962
19	7	13	6	8	89124	10	89203	28	8791271	8791287
19	6	14	7	8	89164	19	89243	5	8795332	8795333
26	11	5	3	8	89044	21	89103	7	8782660	8782663
24	7	8	5	8	89044	22	89103	8	8782755	8782753
16	15	21	12	8	89204	19	89228	21	8798508	8799401
14	0	18	11	8	89000	22	89008	16	8776366	8776360
6	4	26	8	8	89100	23	89108	17	8786127	8786132
2	8	28	6	8	89220	17	89228	11	8798300	8798286
11	0	22	12	8	89220	30	89248	24	8799781	8799760
11	11	8	6	8	89000	1	89063	29	8777509	8778489
14	8	7	6	8	89100	7	89163	25	8787987	8787997
18	4	15	10	8	89084	19	89143	5	8785678	8785677
3	9	30	4	8	89060	29	89068	23	8783509	8783510
0	6	27	12	8	89200	26	89208	22	8796013	8796170
21	9	12	5	8	88984	30	89063	16	8777138	8777133
27	4	23	9	8	89024	7	89068	6	8781297	8781705
29	11	2	9	8	89044	25	89123	11	8783068	8783070
30	13	0	0	8	89084	27	89143	13	8786656	8786658
10	4	25	8	8	89020	20	89028	14	8779473	8779476
7	13	24	1	8	89220	20	89228	14	8798722	8798701
28	3	16	10	8	89024	22	89028	14	8779694	8779477
8	12	25	1	8	89000	0	89008	26	8777442	8777433
5	14	25	1	8	89020	22	89048	16	8779721	8779706
29	3	1	10	8	89124	11	89203	29	8791404	8791403
25	9	3	1	8	89184	26	89243	12	8796027	8796024
25	9	9	4	8	89104	17	89163	3	8788838	8788836
20	6	26	5	8	89144	27	89168	17	8792967	8792603
15	3	25	4	8	89120	15	89128	9	8788658	8788648
15	3	18	9	8	89200	9	89208	3	8797495	8797487
17	14	0	11	8	89164	18	89243	2	8795270	8795078
11	0	20	12	8	89100	24	89108	18	8786311	8786309
15	3	27	11	8	89220	15	89228	18	8798088	8799078
7	5	26	9	8	89040	24	89048	18	8780006	8779961
5	1	27	12	8	89080	10	89088	4	8784791	8784792
15	3	19	15	8	89140	0	89148	26	8790319	8790291
15	11	19	9	8	89160	31	89168	25	8793428	8793405
10	15	31	2	8	89220	31	89228	17	8799857	8798972
7	1	29	15	8	89180	14	89188	8	8794811	8794810
21	9	12	5	8	89224	6	89283	24	8800452	8800455
18	7	15	6	8	89344	24	89403	10	8811688	8811695
24	5	8	8	8	89404	21	89463	7	8817565	8817570
7	5	18	12	8	89260	4	89288	5	8803490	8804103
0	5	29	15	8	89320	25	89328	12	8808546	8807867
26	2	8	11	8	89264	5	89323	23	8803597	8803603
16	2	16	13	8	89304	31	89328	25	8809057	8809062
31	0	11	0	8	89364	23	89423	8	8814576	8814502
23	8	11	4	8	89444	4	89503	22	8822685	8822692
10	5	26	8	8	89360	7	89368	1	8813114	8813119
30	11	3	2	8	89264	9	89323	27	8803914	8803915
7	1	29	13	8	89320	29	89328	23	8808908	8808903
7	5	28	9	8	89300	5	89308	31	8806625	8806624
7	2	30	13	8	89420	7	89448	1	8819684	8819689
25	11	31	7	8	89364	19	89388	13	8814261	8814251
24	5	30	5	8	89364	24	89388	22	8814658	8815166
17	14	8	1	8	89464	23	89523	11	8824641	8824828
14	0	18	12	8	89300	0	89308	26	8806227	8806225
10	5	4	12	8	89380	29	89443	14	8815267	8815177
25	5	5	9	8	89244	16	89303	2	8801530	8801527
14	8	20	0	8	89420	6	89428	29	8819550	8819220
17	11	19	14	8	89444	1	89468	23	8822393	8821913
14	0	19	12	8	89280	27	89308	21	8805785	8805787
4	6	28	10	8	89260	23	89268	17	8802122	8802118
14	6	18	8	8	89320	20	89328	14	8808101	8808120
13	1	19	12	8	89320	3	89348	29	8809539	8809532
10	15	13	7	8	89360	6	89403	16	8813051	8812331
2	0	31	13	8	89480	22	89488	16	8824549	8824552
9	0	25	13	8	89380	24	89388	18	8814735	8814701
5	7	30	5	8	89300	5	89308	31	8806679	8806674
1	2	28	10	8	89340	12	89348	6	8810441	8810447
10	13	0	13	8	89440	16	89483	2	8820660	8820663
19	7	13	7	8	89244	27	89303	13	8802483	8802490
29	9	2	4	8	89364	27	89443	13	8815067	8815071
13	0	20	12	8	89480	20	89488	14	8824367	8824373
1	2	11	0	8	89360	30	89403	16	8812259	8812277
11	11	24	1	8	89360	1	89368	27	8812571	8812570
25	1	7	13	8	89304	26	89363	12	8808603	8808610
29	9	4	4	8	89364	9	89423	27	8813286	8813288
30	11	3	2	8	89444	1	89503	19	8822330	8822333
29	9	7	6	8	89464	29	89543	15	8825339	8825335
20	6	11	9	8	89664	29	89723	15	8844291	8844290
20	9	25	8	8	89684	24	89708	13	8846961	8846482
13	1	22	11	8	89520	2	89528	28	8829082	8829077
16	13	14	3	8	89544	11	89603	29	8833247	8833255
13	0	20	13	8	89580	2	89588	28	8835753	8835771
19	7	3	10	8	89644	7	89703	25	8842195	8842201
13	1	23	14	8	89520	29	89528	23	8828536	8828548
5	14	25	0	8	89660	6	89668	0	8842125	8842105
0	4	5	9	8	89660	22	89723	17	8843615	8844589
10	11	25	1	8	89700	15	89708	9	8846210	8846213
4	12	27	3	8	89480	27	89488	21	8825179	8825183
4	12	30	2	8	89700	15	89708	9	8846224	8846222
17	11	15	1	8	89704	0	89763	18	8847709	8847713
10	5	22	9	8	89540	14	89548	8	8830238	8830239
3	0	27	11	8	89540	24	89548	18	8831361	8831370
24	5	8	0	8	89584	20	89663	6	8837407	8837412
7	1	12	3	8	89720	9	89783	1	8848676	8849249
21	6	13	7	8	89664	1	89723	19	8844790	8844780
29	9	7	5	8	89604	5	89663	23	8839072	8839078
5	14	18	9	8	89540	31	89568	25	8832122	8832125
2	8	31	4	8	89600	21	89608	15	8837541	8837534
9	13	24	1	8	89680	27	89688	21	8844144	8844155
26	2	7	11	8	89544	29	89603	15	8831930	8831935
5	14	28	5	8	89560	11	89588	14	8833302	8834316
3	9	10	6	8	89720	13	89763	25	8849091	8848517
29	4	2	8	8	89484	1	89543	19	8825794	8825768
25	5	8	11	8	89664	4	89743	23	8845054	8845145
26	11	2	7	8	89684	22	89763	10	8846833	8847012
0	6	31	6	8	89500	6	89508	0	8826285	8826259
5	1	27	11	8	89700	25	89708	19	8847065	8847066
29	3	7	9	8	89564	24	89623	10	8834744	8834747
7	15	21	9	8	89560	19	89588	13	8834202	8834201
13	2	20	12	8	89660	22	89688	16	8843673	8843672
12	2	23	14	8	89700	27	89708	21	8847244	8847239
13	0	12	8	8	89680	29	89723	12	8844295	8843952
23	2	10	11	9	89764	24	89823	10	8853021	8853015
19	5	13	9	9	89924	3	89983	21	8869972	8869945
7	2	26	10	9	89740	26	89748	20	8850290	8850297
20	14	14	1	9	89884	23	89943	9	8865667	8865648
17	14	15	1	9	89964	7	90023	25	8873462	8873465
7	5	26	9	9	89900	29	89908	23	8866247	8866250
6	4	27	10	9	89980	12	89988	6	8873965	8873962
23	3	23	11	9	89824	28	89848	21	8859489	8859369
3	8	27	5	9	89740	27	89748	21	8850415	8850437
5	7	29	7	9	89780	6	89788	0	8854477	8854471
13	2	20	12	9	89940	3	89948	29	8869990	8869979
8	14	2	1	9	89840	9	89903	27	8860731	8860762
20	9	13	5	9	89824	4	89903	22	8860262	8860252
10	13	31	3	9	89840	9	89868	8	8860745	8861370
1	4	28	9	9	89880	4	89888	30	8863703	8863690
29	4	3	2	9	89844	14	89903	9	8861379	8862273
25	10	6	1	9	89904	18	89963	4	8868299	8868296
12	13	9	3	9	89960	21	90003	7	8871701	8871700
24	15	25	4	9	89924	25	89948	22	8868956	8869299
27	1	7	10	9	89924	11	90003	29	8870777	8870789
18	11	8	5	9	89964	16	90043	2	8874297	8874283
8	6	25	8	9	89740	25	89748	19	8850203	8850200
3	9	31	4	9	89780	28	89788	22	8853562	8853556
8	2	26	10	9	89820	9	89828	3	8857823	8857820
20	14	28	2	9	89824	0	89848	26	8859841	8859876
17	11	4	7	9	89824	22	89883	8	8859007	8859011
24	7	29	12	9	89864	29	89868	19	8862929	8862560
18	6	14	7	9	89904	16	89963	2	8868105	8868093
25	10	7	3	9	89964	11	90023	29	8873896	8873892
23	10	12	5	9	89844	27	89923	13	8862740	8862741
9	1	16	8	9	89760	26	89788	21	8853355	8853406
25	9	9	5	9	89724	28	89783	14	8850571	8850562
19	7	21	5	9	89764	30	89788	3	8853774	8854736
12	2	21	11	9	89800	25	89808	19	8856338	8856331
24	7	9	7	9	89764	25	89823	11	8853266	8853255
29	6	5	7	9	89964	14	90023	0	8874171	8874174
5	3	27	9	9	89740	25	89748	19	8850277	8850280
6	2	31	13	9	89780	15	89808	9	8855384	8855408
3	6	2	8	9	89860	28	89923	16	8862841	8863096
29	11	27	11	9	89784	31	89808	15	8856919	8855977
9	9	24	5	9	89800	21	89808	15	8855915	8855908
20	6	14	7	9	89784	28	89863	14	8856601	8856602
23	11	30	4	9	90204	16	90208	9	8896286	8896207
24	7	9	6	9	90204	18	90263	5	8896492	8896496
11	0	24	14	9	90020	23	90028	17	8878087	8878089
25	10	9	4	9	90084	30	90143	17	8884823	8884829
27	0	3	15	9	90084	10	90163	29	8886056	8886054
16	2	17	13	9	90104	13	90108	7	8886372	8886362
23	10	10	2	9	90184	4	90243	23	8894968	8894967
10	11	24	1	9	90140	13	90148	7	8889537	8889539
25	12	14	14	9	90204	0	90283	23	8897954	8898259
3	0	29	12	9	90160	9	90168	3	8892258	8892257
6	4	27	10	9	90020	19	90028	13	8877671	8877676
27	4	7	9	9	90064	22	90143	9	8884121	8884132
8	13	24	1	9	90160	1	90168	27	8891426	8891428
7	9	25	4	9	90220	1	90228	27	8898085	8898083
2	13	31	0	9	90200	18	90228	12	8896544	8896526
25	12	6	1	9	90044	30	90103	16	8881919	8881925
5	5	27	9	9	90100	2	90108	28	8885365	8885366
19	2	5	13	9	90024	7	90103	3	8879703	8880714
5	5	31	15	9	90020	19	90028	13	8877718	8877735
14	1	19	13	9	90020	30	90048	24	8878749	8878744
14	15	29	12	9	90100	31	90108	27	8885045	8885290
18	6	23	11	9	90224	5	90228	31	8898412	8898426
0	4	17	9	9	90040	16	90048	1	8880590	8879729
13	9	2	8	9	90080	18	90143	13	8883768	8884573
24	7	5	5	9	90024	3	90083	21	8879277	8879278
2	0	23	12	9	90200	9	90208	3	8895644	8895640
28	8	7	5	9	90044	21	90103	7	8881134	8881112
20	6	13	7	9	90184	1	90243	20	8894776	8894815
6	2	31	13	9	90080	24	90088	18	8884428	8884390
8	6	25	8	9	90120	26	90128	20	8887657	8887658
20	14	14	2	9	90004	15	90063	1	8877397	8877370
7	5	27	9	9	90040	4	90048	30	8879284	8879279
31	0	7	7	9	90004	23	90063	9	8878083	8878036
13	2	20	12	9	90440	3	90468	29	8920177	8920161
19	7	13	7	9	90284	7	90343	26	8904751	8904746
19	5	14	7	9	90304	3	90383	22	8907621	8907633
10	15	7	7	9	90280	25	90323	12	8903464	8903453
1	2	18	12	9	90500	14	90508	8	8924315	8924333
21	6	22	9	9	90424	24	90448	14	8919005	8918568
9	9	3	4	9	90300	17	90363	7	8905834	8906157
29	12	5	1	9	90344	30	90403	17	8910143	8910160
16	2	16	8	9	90424	16	90448	10	8918290	8918291
11	0	23	15	9	90320	10	90348	4	8908405	8908414
13	1	10	2	9	90460	6	90523	3	8920489	8921455
13	2	19	15	9	90440	22	90428	6	8918812	8917923
31	0	5	7	9	90324	17	90383	4	8909041	8909043
4	11	28	2	9	90280	20	90288	14	8902983	8902968
26	3	19	13	9	90324	16	90348	12	8908962	8909146
23	8	8	5	9	90404	5	90463	24	8917237	8917238
6	2	26	11	9	90420	11	90428	5	8917828	8917820
7	10	20	11	9	90420	14	90448	14	8918129	8918605
23	10	8	2	9	90244	8	90323	27	8901893	8901889
17	14	13	1	9	90284	18	90363	5	8905946	8905974
25	12	10	2	9	90364	30	90423	17	8913326	8913327
18	7	15	6	9	90424	19	90483	6	8918542	8918543
8	5	6	9	9	90280	23	90343	19	8903239	8904154
4	6	28	7	9	90360	0	90368	26	8910431	8910426
9	3	25	11	9	90420	4	90428	30	8917173	8917176
31	5	21	5	9	90304	24	90328	28	8906605	8907532
23	10	10	2	9	90344	28	90403	15	8909960	8909968
29	9	2	4	9	90464	7	90543	26	8923787	8923791
6	2	25	11	9	90300	6	90308	0	8904703	8904707
6	15	23	14	9	90460	14	90468	4	8921326	8920923
5	7	1	12	9	90480	4	90543	29	8923550	8924067
11	1	29	15	9	90500	13	90508	7	8924291	8924290
19	6	13	7	9	90324	8	90383	27	8908253	8908247
17	0	16	15	9	90444	12	90468	6	8921140	8921141
13	9	16	8	9	90260	2	90268	28	8901397	8901332
19	7	13	6	9	90384	20	90463	7	8915357	8915362
19	2	14	14	9	90484	14	90543	24	8924387	8923634
6	2	25	11	9	90320	4	90328	30	8907853	8907807
2	8	28	6	9	90360	13	90368	7	8911694	8911698
21	6	12	5	9	90264	24	90323	11	8903443	8903432
18	7	15	6	9	90424	25	90483	12	8919237	8919235
1	4	31	9	9	90240	27	90268	21	8900613	8900614
1	5	31	15	9	90340	18	90348	12	8909154	8909164
24	2	10	11	9	90304	0	90363	19	8907328	8907341
29	4	18	9	9	90464	30	90488	22	8922919	8922740
21	6	6	4	9	90324	26	90383	3	8909838	8908856
23	10	9	3	9	90384	10	90443	29	8914356	8914417
27	0	4	14	9	90464	7	90543	26	8923737	8923741
4	12	25	3	9	90580	28	90588	22	8931875	8931879
21	9	12	4	9	90544	15	90603	2	8930599	8930604
6	2	27	11	9	90720	13	90728	7	8946567	8946568
29	4	5	8	9	90524	20	90583	7	8928011	8928021
25	9	6	4	9	90564	5	90623	24	8932819	8932811
25	12	8	2	9	90724	11	90803	30	8949591	8949593
13	0	19	13	9	90520	19	90548	13	8927944	8927941
7	1	28	14	9	90640	30	90648	24	8938606	8938611
31	3	6	9	9	90684	22	90743	9	8944089	8944079
6	15	5	0	9	90680	9	90723	22	8942843	8942142
8	14	16	15	9	90700	25	90708	16	8944397	8944085
20	3	12	11	9	90504	2	90563	21	8926347	8926353
3	6	31	15	9	90560	22	90568	16	8931323	8931342
9	0	21	8	9	90580	30	90568	15	8932111	8931221
16	1	17	13	9	90504	13	90528	7	8927435	8927429
31	1	1	13	9	90584	15	90643	2	8933692	8933685
10	13	31	9	9	90540	30	90548	22	8928891	8928725
14	15	9	7	9	90740	15	90803	2	8949927	8949924
24	5	6	7	9	90484	26	90563	13	8925517	8925521
25	12	8	1	9	90684	3	90763	22	8945470	8945455
14	0	18	12	9	90560	17	90568	11	8930860	8930858
2	8	30	5	9	90640	29	90648	23	8938515	8938508
7	1	25	12	9	90700	26	90708	20	8944533	8944530
18	6	14	7	9	90704	4	90763	23	8945617	8945610
1	2	31	9	9	90660	28	90668	22	8941370	8941369
8	12	25	1	9	90740	30	90748	24	8948306	8948298
23	2	8	8	9	90504	0	90563	15	8926218	8925803
9	0	25	14	9	90600	29	90608	23	8935156	8935191
6	2	28	14	9	90720	17	90728	2	8946951	8945966
18	6	13	7	9	90504	12	90583	31	8927380	8927382
21	9	14	7	9	90564	6	90643	30	8932930	8933371
2	0	27	15	9	90540	31	90548	20	8929038	8928586
10	5	24	8	9	90560	21	90568	15	8931250	8931273
14	8	20	11	9	90700	28	90708	22	8944831	8944757
25	9	9	4	9	90584	27	90663	14	8934991	8934992
27	0	4	14	9	90684	30	90743	17	8945002	8945001
8	7	24	8	9	90600	28	90608	22	8935101	8935065
1	10	30	3	9	90680	0	90688	26	8941839	8941840
18	7	15	6	9	90524	25	90583	12	8928509	8928471
11	0	22	13	9	90500	26	90508	20	8925489	8925486
2	8	29	6	9	90680	5	90688	31	8942376	8942383
31	3	22	15	9	90724	2	90748	25	8948711	8948323
7	13	25	1	9	91000	2	91008	28	8973595	8973585
21	9	11	4	9	90884	10	90963	29	8964930	8964933
10	5	21	8	9	90820	30	90848	24	8957391	8957390
14	1	18	11	9	90840	17	90848	11	8959242	8959250
3	13	30	0	9	90880	9	90888	3	8961526	8961525
13	9	26	8	9	91000	0	91008	27	8973383	8973462
24	9	5	5	9	90944	31	91003	18	8970102	8970105
26	2	4	11	9	90964	25	91043	12	8972692	8972690
19	12	14	2	9	90744	18	90803	5	8950194	8950193
19	6	14	7	9	90944	30	91003	17	8969990	8969991
2	14	8	1	9	90760	31	90823	26	8951419	8952204
31	1	4	11	9	90784	25	90843	12	8953758	8953761
23	11	12	3	9	90824	13	90903	0	8958870	8958873
16	2	17	13	9	90944	7	90968	1	8970962	8970963
11	11	21	8	9	90900	30	90908	23	8963726	8963614
3	12	26	2	9	90860	1	90868	27	8960773	8960776
12	2	21	11	9	90960	27	90968	21	8969711	8969718
1	5	23	15	9	90940	8	90948	6	8967887	8968265
1	10	6	10	9	90980	22	91043	17	8972424	8973177
17	12	6	8	9	90884	5	90943	18	8964470	8963850
21	6	10	6	9	90984	14	91063	1	8974934	8974947
4	12	28	2	9	90860	7	90888	1	8961336	8961337
17	14	15	1	9	90784	21	90843	8	8953382	8953384
3	9	30	4	9	90780	14	90788	8	8952792	8952794
29	11	5	2	9	90804	19	90863	6	8956427	8956439
24	9	11	4	9	90804	19	90863	6	8956432	8956443
29	6	2	7	9	90944	7	91023	26	8970993	8970989
13	0	20	13	9	90860	27	90868	21	8960197	8960196
3	9	30	3	9	90860	27	90868	21	8960199	8960198
25	5	6	7	9	90804	9	90863	28	8955413	8955373
26	11	7	3	9	90844	2	90923	21	8960914	8960912
23	8	7	5	9	90924	9	90983	28	8968015	8968050
9	0	23	14	9	90800	11	90828	5	8955642	8955665
7	1	25	12	9	90960	27	90968	21	8969742	8969743
25	5	6	8	9	90824	31	90883	18	8957555	8957559
24	2	7	13	9	90864	12	90923	31	8961889	8961862
17	14	4	12	9	90924	12	90983	31	8968285	8968287
28	8	9	5	9	90944	1	91003	20	8970369	8970391
0	13	22	11	9	90780	6	90768	23	8952068	8951133
13	2	16	8	9	91020	5	91028	31	8977181	8977182
28	8	3	5	9	91024	21	91103	8	8978694	8978673
19	7	14	7	9	91244	7	91303	26	8999361	8999366
5	3	31	11	9	91180	31	91188	25	8991985	8991988
5	7	24	15	9	91220	3	91228	27	8995722	8995507
7	1	25	12	9	91080	2	91108	28	8982746	8982743
9	1	30	3	9	91120	7	91128	23	8986305	8985287
30	11	2	1	9	91004	1	91083	20	8976821	8976807
28	8	6	4	9	91084	6	91143	25	8983119	8983132
6	2	3	4	9	91120	29	91163	20	8985291	8985720
25	5	7	7	9	91004	2	91083	21	8976910	8976904
18	11	15	1	9	91144	14	91223	1	8990250	8990247
1	13	31	0	9	91120	4	91128	30	8986000	8986013
25	5	4	9	9	91204	11	91283	30	8996529	8996531
12	10	5	3	9	91120	1	91163	14	8985726	8985113
19	6	13	6	9	91204	30	91263	17	8995269	8995270
29	0	2	14	9	91064	21	91123	8	8981692	8981691
6	2	26	11	9	91100	10	91108	4	8983542	8983537
5	3	29	12	9	91120	27	91128	21	8985119	8985117
30	13	1	0	9	91204	11	91283	30	8996555	8996547
2	13	7	6	9	91063	4	91063	10	8975223	8975910
5	1	30	13	9	91080	29	91088	23	8982352	8982343
17	0	16	12	9	91004	17	91008	11	8975234	8975224
14	15	16	14	9	91240	23	91248	8	8997741	8996904
25	5	6	8	9	91004	21	91063	8	8975753	8975711
27	1	4	11	9	91044	27	91103	14	8979332	8979325
7	1	28	14	9	91180	23	91188	17	8991284	8991275
10	8	22	10	9	91200	11	91208	5	8993335	8993336
30	11	6	3	9	91084	1	91143	20	8982701	8982750
23	8	7	4	9	91164	17	91223	4	8990598	8990596
26	5	6	9	9	91224	21	91283	8	8997485	8997498
23	5	10	9	9	91244	0	91303	19	8998738	8998740
5	1	27	12	9	91140	28	91148	22	8988429	8988382
17	14	31	0	9	91184	10	91208	4	8993257	8993266
0	4	29	9	9	91060	31	91068	25	8979625	8979621
11	1	23	15	9	91140	19	91148	13	8987465	8987468
21	6	13	7	9	91064	16	91123	3	8981219	8981221
24	7	9	7	9	91164	21	91223	8	8990946	8990945
27	9	2	4	9	91184	9	91243	28	8993098	8993063
23	11	10	2	9	91224	30	91303	17	8998427	8998390
3	8	23	1	9	91460	25	91468	15	9020105	9019718
7	1	25	12	9	91260	23	91288	17	9000991	9000998
18	11	27	9	9	91404	6	91428	30	9015242	9015071
10	11	6	7	9	91400	27	91443	4	9014101	9013093
5	3	28	7	9	91460	18	91468	12	9019397	9019392
28	3	6	10	9	91264	2	91323	21	9002041	9002035
16	15	26	8	9	91344	8	91368	9	9008918	9009605
23	5	0	10	9	91364	2	91423	21	9011583	9011601
19	5	13	7	9	91404	0	91463	19	9014605	9014616
26	11	9	3	9	91484	29	91543	16	9023790	9023795
2	8	31	6	9	91340	29	91348	23	9007824	9007825
11	1	22	12	9	91480	8	91488	2	9021811	9021832
9	11	26	10	9	91480	13	91508	16	9022294	9023069
23	10	9	3	9	91384	15	91443	2	9012914	9012903
26	5	6	8	9	91404	13	91463	0	9015883	9015902
7	1	28	14	9	91280	30	91288	24	9001623	9001627
29	3	3	10	9	91264	1	91323	20	9001963	9001977
27	4	15	15	9	91444	16	91503	2	9019200	9019105
13	2	20	12	9	91280	26	91288	20	9001281	9001284
26	15	9	1	9	91324	27	91383	14	9007659	9007653
8	12	24	1	9	91340	26	91348	20	9007540	9007525
30	13	3	2	9	91504	10	91563	29	9024937	9024938
6	4	27	11	9	91340	3	91348	29	9008461	9008463
7	5	29	9	9	91380	31	91388	25	9011316	9011303
2	12	30	2	9	91480	0	91488	26	9020880	9020883
31	10	2	3	9	91384	15	91443	2	9012916	9012927
26	5	5	7	9	91484	25	91543	12	9023355	9023352
6	2	26	10	9	91500	30	91508	24	9023892	9023897
26	11	19	15	9	91344	17	91368	1	9009826	9008857
12	10	22	10	9	91280	26	91288	28	9001314	9002056
19	6	13	5	9	91444	18	91503	5	9019433	9019434
11	1	21	12	9	91340	26	91348	20	9007561	9007560
11	0	20	11	9	91420	18	91428	12	9016297	9016305
2	14	3	5	9	91320	11	91363	22	9006011	9005185
10	5	22	9	9	91340	23	91348	17	9007209	9007203
7	1	25	11	9	91420	16	91428	10	9016149	9016148
3	8	13	1	9	91500	22	91543	8	9023112	9023053
25	9	10	4	9	91364	27	91423	14	9010835	9010833
11	0	22	12	9	91440	24	91448	18	9016844	9016845
18	4	15	15	9	91264	28	91323	15	9001424	9001421
9	0	25	14	9	91600	9	91608	3	9034245	9034240
25	11	8	2	9	91544	30	91623	17	9030099	9030094
19	4	14	7	9	91724	11	91783	30	9046647	9046653
23	8	11	6	9	91744	22	91803	9	9047677	9047679
13	7	24	4	9	91600	30	91608	18	9033199	9032710
8	12	24	1	9	91520	23	91528	17	9026225	9026215
17	14	25	4	9	91604	19	91628	13	9035160	9035159
8	12	24	1	9	91600	6	91608	0	9034018	9034017
11	7	30	13	9	91680	22	91688	16	9041589	9041571
25	5	8	6	9	91664	16	91723	3	9041074	9041072
21	6	13	7	9	91704	30	91783	17	9045419	9045412
13	2	15	15	9	91580	8	91623	27	9031074	9031073
9	9	24	4	9	91620	15	91628	9	9034927	9034938
2	0	31	14	9	91620	24	91628	18	9035720	9035722
18	7	15	6	9	91504	16	91563	3	9025542	9025551
8	15	16	10	9	91700	5	91708	1	9042834	9042987
18	12	0	11	9	91584	1	91663	25	9033570	9034035
31	1	0	13	9	91664	7	91723	26	9040227	9040229
18	11	14	1	9	91564	1	91623	20	9030368	9030364
28	8	8	6	9	91684	3	91743	22	9042694	9042698
7	5	24	8	9	91520	16	91528	10	9025563	9025562
8	4	12	9	9	91700	1	91743	12	9042541	9041874
18	6	15	6	9	91724	3	91783	22	9045917	9045914
9	3	27	11	9	91580	4	91588	30	9030689	9030690
26	5	8	9	9	91604	12	91663	31	9034567	9034566
19	0	14	14	9	91644	18	91703	5	9038176	9038221
19	7	25	13	9	91644	31	91668	29	9039418	9039844
3	0	26	10	9	91740	13	91748	7	9046890	9046892
18	11	15	6	9	91764	10	91823	29	9049797	9049798
10	4	24	8	9	91720	1	91728	27	9045696	9045698
4	13	13	7	9	91760	0	91823	28	9048707	9049662
12	2	21	12	9	91560	21	91568	15	9029327	9029325
9	0	22	12	9	91620	30	91648	24	9036338	9036337
2	13	3	4	9	91700	6	91743	25	9042956	9042954
21	9	12	4	9	91624	7	91683	26	9037189	9037187
21	9	12	4	9	91744	30	91803	17	9048542	9048564
3	6	31	7	9	91700	30	91708	24	9042346	9042292
17	14	21	12	9	91644	21	91648	5	9038405	9037458
23	8	9	5	9	91904	21	91963	8	9063591	9063595
13	1	20	13	9	91840	24	91848	18	9057395	9057400
17	14	16	14	9	91764	27	91788	20	9051435	9051353
18	7	15	6	9	91924	20	91983	7	9066683	9066684
7	5	29	9	9	91780	20	91788	14	9050757	9050751
3	0	27	12	9	91860	6	91868	0	9058870	9058869
6	4	31	15	9	91880	29	91888	23	9061214	9061215
1	11	29	3	9	91960	11	91968	5	9068988	9068989
15	3	18	11	9	91980	4	91988	30	9071436	9071444
19	7	14	7	9	91884	9	91943	28	9062447	9062461
24	3	7	11	9	91904	24	91963	11	9063897	9063892
31	3	0	11	9	91924	8	91983	27	9065490	9065495
13	7	13	9	9	91840	27	91903	14	9057686	9057687
6	15	25	0	9	91940	22	91948	16	9066865	9066872
5	7	5	0	9	91980	27	92023	6	9070674	9069875
17	14	11	6	9	91804	23	91863	10	9054034	9054037
17	0	16	12	9	91984	8	92008	2	9071878	9071871
14	1	19	13	9	91780	24	91788	18	9051162	9051171
8	7	29	7	9	92000	19	92008	13	9072951	9072949
18	6	15	6	9	91904	24	91963	11	9063923	9063924
5	5	26	9	9	91780	12	91788	6	9050005	9050011
26	3	7	9	9	91924	24	92003	11	9067081	9067066
25	5	7	7	9	91964	29	92023	16	9070829	9070837
6	2	27	11	9	91820	6	91848	0	9055614	9055607
11	1	21	9	9	91900	13	91908	7	9062956	9062941
24	7	9	7	9	91804	28	91863	15	9054487	9054479
13	0	20	13	9	91800	17	91808	11	9053527	9053528
6	2	0	0	9	91800	17	91843	28	9053529	9052687
3	8	26	9	9	91940	13	91948	4	9065954	9065697
9	14	29	3	9	91940	17	91948	11	9066378	9066372
29	4	0	10	9	91864	15	91923	2	9059925	9059920
24	5	9	7	9	91884	16	91963	3	9063215	9063227
1	11	29	3	9	91820	2	91828	28	9055153	9055154
20	6	13	7	9	91844	26	91903	13	9057614	9057621
19	6	3	9	9	91864	25	91923	10	9060813	9060630
18	12	7	10	9	91764	21	91823	7	9050891	9050796
19	2	21	6	9	91804	23	91828	13	9053981	9053626
3	8	31	4	9	92040	27	92048	21	9077048	9077045
1	10	30	4	9	92060	10	92068	4	9078578	9078583
21	6	12	9	9	92024	18	92083	5	9076172	9076171
16	1	23	9	9	92204	3	92228	6	9093408	9094205
2	14	12	5	9	92260	30	92323	17	9099139	9099151
23	10	10	2	9	92124	19	92183	6	9085643	9085642
29	3	5	9	9	92244	17	92303	4	9097888	9097878
6	2	31	12	9	92060	22	92088	16	9079962	9079964
29	11	3	2	9	92164	26	92223	13	9089420	9089428
19	6	14	7	9	92244	26	92323	13	9098834	9098831
12	2	21	12	9	92080	9	92088	3	9081884	9081858
23	12	10	2	9	92024	29	92103	16	9077302	9077303
26	3	8	8	9	92184	25	92263	14	9092400	9092580
1	11	31	4	9	92200	2	92228	28	9093364	9093363
9	9	25	3	9	92180	12	92188	6	9091109	9091089
7	10	24	4	9	92260	21	92268	15	9098334	9098320
17	14	7	6	9	92024	17	92083	27	9076103	9075135
26	11	20	0	9	92264	5	92288	24	9099852	9099152
3	6	9	9	9	92080	25	92123	5	9080288	9079605
24	7	8	6	9	92084	24	92163	11	9083285	9083286
8	6	24	8	9	92160	17	92168	11	9088602	9088611
18	7	15	6	9	92144	12	92203	31	9088021	9088005
20	15	13	1	9	92144	22	92203	5	9089113	9088727
1	4	28	7	9	92040	20	92048	18	9076417	9076785
0	10	30	5	9	92040	1	92048	27	9077810	9077807
16	15	14	3	9	92144	11	92203	0	9087912	9088172
8	6	27	9	9	92020	14	92048	8	9075827	9075828
7	15	18	9	9	92100	29	92108	14	9083781	9082951
14	1	19	12	9	92140	31	92148	25	9086807	9086811
20	6	13	7	9	92124	2	92203	21	9087146	9087168
26	5	6	8	9	92044	18	92123	5	9079641	9079628
6	2	26	10	9	92040	29	92048	23	9077348	9077355
1	13	28	2	9	92220	6	92228	0	9093720	9093722
23	3	8	11	9	92184	18	92243	5	9091681	9091685
7	2	27	10	9	92120	12	92128	6	9085109	9085105
4	13	16	15	9	92240	4	92248	29	9096648	9096591
11	1	5	1	9	92280	1	92323	20	9099451	9099450
7	5	29	10	9	92080	10	92108	4	9081945	9081919
18	12	2	8	9	92044	9	92103	28	9078485	9078487
29	14	5	0	9	92224	30	92283	17	9095890	9096008
22	13	11	0	9	92364	7	92423	26	9109698	9109699
8	4	24	8	9	92480	11	92488	5	9119159	9119151
14	1	19	13	9	92520	2	92548	28	9124567	9124560
14	0	18	12	9	92360	3	92388	29	9109314	9109289
11	1	23	12	9	92520	18	92528	12	9123004	9123006
1	8	30	5	9	92320	10	92328	4	9103436	9103439
7	1	29	13	9	92360	29	92368	23	9108597	9108593
6	2	30	0	9	92520	18	92528	8	9123010	9122597
17	14	2	4	9	92384	1	92463	23	9112301	9112580
10	5	21	8	9	92280	9	92288	3	9100207	9100213
2	12	28	2	9	92520	2	92548	28	9124570	9124568
18	7	15	6	9	92284	0	92363	19	9102565	9102573
27	4	0	10	9	92324	24	92383	11	9104870	9104866
3	8	30	6	9	92520	3	92548	31	9124665	9124842
17	12	15	1	9	92384	0	92443	19	9112193	9112201
24	9	6	3	9	92404	26	92483	13	9114598	9114605
29	11	0	1	9	92424	6	92483	25	9115761	9115756
6	2	26	11	9	92440	0	92448	26	9115185	9115173
3	12	27	3	9	92460	31	92468	25	9118101	9118103
19	6	13	7	9	92344	18	92403	5	9107540	9107539
31	14	18	15	9	92464	19	92488	13	9119909	9119902
16	2	17	8	9	92524	2	92528	27	9124594	9124499
2	15	19	14	9	92440	18	92468	12	9117042	9117041
17	14	7	6	9	92304	7	92363	28	9103154	9103382
17	0	16	12	9	92504	26	92528	20	9123824	9123811
2	8	25	4	9	92480	11	92488	7	9119185	9119389
24	3	7	10	9	92284	31	92363	18	9102447	9102421
15	12	19	9	9	92420	26	92428	20	9114631	9114641
29	13	5	0	9	92324	8	92403	27	9106554	9106542
1	2	16	13	9	92500	4	92508	6	9121585	9122471
5	7	28	7	9	92520	3	92548	29	9124704	9124699
26	3	6	10	9	92364	10	92423	29	9110082	9110080
18	6	15	6	9	92424	13	92503	0	9116678	9116664
3	0	7	11	9	92300	3	92363	22	9102830	9102823
0	15	24	14	9	92400	25	92388	13	9111561	9110969
22	3	29	7	9	92304	8	92328	2	9103274	9103280
8	4	26	8	9	92300	23	92308	17	9101673	9101676
25	10	23	11	9	92444	19	92448	10	9117167	9116921
7	10	27	3	9	92320	18	92328	12	9104238	9104237
15	3	18	11	9	92460	3	92468	29	9118558	9118553
7	1	26	12	9	92540	18	92548	12	9126010	9126011
26	5	12	9	9	92724	9	92783	29	9144711	9144734
25	5	6	8	9	92724	10	92783	30	9144776	9144777
9	1	23	12	9	92640	26	92668	20	9136632	9136637
8	5	27	9	9	92700	15	92708	9	9142218	9142230
13	9	30	13	9	92740	13	92748	13	9145074	9145586
27	4	4	9	9	92724	10	92783	30	9144786	9144785
11	0	21	9	9	92740	26	92748	20	9146146	9146131
7	9	16	13	9	92760	5	92748	20	9147131	9146133
23	3	7	9	9	92664	28	92743	16	9140191	9140181
23	1	22	11	9	92744	11	92768	29	9147798	9146957
10	5	26	9	9	92600	8	92608	2	9131434	9131437
18	6	16	8	9	92644	5	92668	31	9137725	9137722
8	7	26	8	9	92740	18	92748	17	9145507	9145934
26	11	21	11	9	92604	22	92628	16	9132907	9132885
19	5	5	9	9	92604	30	92663	17	9133667	9133656
18	7	15	6	9	92724	11	92783	31	9144891	9144892
9	11	25	1	9	92540	19	92548	13	9126145	9126151
13	1	20	13	9	92680	21	92688	15	9139483	9139482
31	0	7	7	9	92544	27	92603	14	9126988	9126997
24	1	22	11	9	92564	23	92588	23	9129776	9130336
18	6	14	7	9	92704	3	92783	23	9144239	9144234
11	0	21	11	9	92720	30	92728	24	9143700	9143710
26	11	6	1	9	92644	10	92723	30	9138210	9138211
29	0	7	11	9	92664	31	92743	19	9140498	9140501
10	13	23	12	9	92640	27	92668	30	9136812	9137684
6	2	26	11	9	92740	29	92748	23	9146417	9146425
25	10	9	4	9	92584	30	92643	17	9130466	9130472
26	0	7	11	9	92644	27	92703	15	9136809	9136817
9	0	20	11	9	92600	8	92608	2	9131463	9131452
13	1	20	13	9	92740	12	92748	6	9144995	9144997
25	5	10	8	9	92724	13	92783	1	9145136	9145142
29	13	3	1	9	92764	26	92823	14	9149374	9149378
1	2	28	9	9	92720	28	92728	22	9143557	9143566
25	9	6	4	9	92684	8	92743	28	9141433	9141442
9	1	23	11	9	92540	14	92548	8	9125716	9125709
5	15	24	1	9	92720	0	92728	26	9143923	9143917
1	5	5	0	9	92760	6	92823	30	9147280	9147738
9	9	28	2	9	92620	28	92628	22	9133544	9133565
29	4	5	8	9	92604	1	92683	20	9133960	9134026
26	5	7	9	9	92624	12	92683	0	9135143	9135205
12	12	26	14	9	92780	1	92788	20	9149898	9149344
31	10	2	4	9	92684	2	92743	22	9140703	9140705
17	14	0	8	9	92744	3	92803	22	9146885	9146767
31	0	4	5	9	93004	11	93063	31	9173442	9173417
7	1	29	13	9	92840	0	92848	26	9156011	9156016
18	6	25	4	9	92804	6	92828	0	9153568	9153569
23	2	3	9	9	92824	17	92883	5	9154619	9154625
1	4	31	15	9	92800	15	92808	9	9151336	9151323
7	9	25	3	9	92980	7	92988	1	9170086	9170084
5	5	16	14	9	93020	13	93028	4	9173620	9173345
17	12	15	1	9	92804	27	92863	15	9152475	9152481
20	9	12	4	9	92964	5	93023	25	9169943	9169938
6	4	27	9	9	92840	2	92868	28	9156213	9156209
8	5	21	8	9	93000	16	93008	10	9171015	9171017
7	5	26	8	9	93020	20	93028	14	9174297	9174294
15	3	22	12	9	92920	2	92928	28	9163218	9163223
7	2	29	13	9	92960	17	92968	11	9167998	9167996
18	11	15	1	9	92964	7	93043	27	9170093	9170116
14	1	19	12	9	92860	21	92868	15	9158259	9158252
10	5	24	8	9	92960	21	92968	15	9168385	9168383
25	11	8	1	9	92844	13	92903	1	9157484	9157494
31	1	1	12	9	92904	4	92963	24	9163412	9163430
21	1	12	12	9	92804	27	92863	15	9152484	9152485
25	9	6	4	9	92944	21	93023	9	9168391	9168382
31	0	2	6	9	92964	8	93023	20	9170223	9169443
23	10	6	1	9	92984	21	93043	9	9171443	9171446
10	5	27	10	9	92960	9	92968	3	9167229	9167222
5	3	17	8	9	92980	28	92968	12	9169036	9168150
27	9	6	4	9	92924	28	92983	16	9165917	9165914
7	1	27	12	9	92900	19	92908	13	9161368	9161360
24	3	3	10	9	92924	24	92983	13	9165518	9165587
9	3	26	11	9	92800	12	92808	6	9150990	9150982
0	4	31	15	9	92820	5	92828	31	9153505	9153500
5	3	30	12	9	92980	1	92988	27	9169534	9169537
19	12	23	11	9	93024	27	93028	13	9174961	9174205
13	7	9	7	9	92843	22	92843	27	9150041	9150454
5	5	26	8	9	92900	13	92908	7	9160818	9160819
10	8	26	11	9	92980	30	92988	24	9169319	9169288
23	10	10	4	9	92884	17	92943	5	9161182	9161171
29	6	26	11	9	92964	28	92988	24	9169115	9169288
23	0	31	3	9	93004	17	93028	12	9174004	9174101
7	2	21	9	9	92780	5	92808	2	9150343	9150558
18	12	15	1	9	93004	4	93063	24	9172813	9172811
14	14	25	13	9	92800	22	92808	16	9151998	9151997
13	0	19	13	9	92880	31	92888	25	9159172	9159170
19	4	11	9	9	93004	6	93063	26	9172959	9172950
23	5	6	8	9	93204	22	93283	10	9193923	9193933
12	8	9	7	9	93200	24	93243	12	9191067	9191075
24	9	9	4	9	93084	2	93163	22	9182247	9182251
13	7	2	4	9	93120	11	93163	26	9183233	9182727
21	1	21	5	9	93224	5	93228	22	9195627	9194701
1	13	28	2	9	93220	18	93228	12	9193595	9193598
7	13	9	4	9	93240	13	93283	24	9196265	9195530
24	9	4	3	9	93064	29	93123	17	9178256	9178257
3	6	29	7	9	93060	17	93068	11	9177096	9177067
14	1	19	13	9	93080	10	93088	4	9179749	9179764
14	0	19	13	9	93220	22	93228	16	9193948	9193944
15	3	18	11	9	93260	28	93268	22	9197699	9197684
27	9	10	11	9	93104	8	93163	19	9182984	9182028
23	3	20	13	9	93184	31	93188	14	9191683	9190729
6	4	29	10	9	93100	0	93108	26	9182121	9182116
18	6	4	12	9	93124	3	93183	25	9185751	9185985
31	0	3	5	9	93184	30	93243	18	9191576	9191592
18	7	15	6	9	93224	9	93283	29	9195932	9195929
14	12	1	9	9	93120	13	93163	25	9183470	9182680
5	14	22	9	9	93120	14	93128	8	9183631	9183620
8	5	25	4	9	93280	18	93288	12	9199946	9199951
25	2	7	11	9	93184	2	93263	22	9192013	9192009
7	1	22	11	9	93060	25	93068	19	9177862	9177851
23	8	9	5	9	93144	22	93203	10	9187794	9187802
21	9	4	12	9	93184	4	93263	27	9192155	9192485
31	3	2	10	9	93204	14	93263	2	9193249	9193247
3	0	30	13	9	93060	16	93068	10	9176963	9176969
14	9	5	7	9	93160	26	93223	14	9188149	9188156
7	13	25	0	9	93180	12	93188	6	9189914	9189915
2	15	0	6	9	93220	15	93263	4	9193379	9193461
21	9	13	5	9	93064	30	93123	18	9178369	9178437
9	3	27	11	9	93100	5	93108	31	9182681	9182690
9	9	25	3	9	93240	16	93248	10	9196571	9196567
23	5	10	2	9	93024	5	93083	18	9175923	9175201
19	7	13	7	9	93044	12	93103	0	9176579	9176592
15	3	14	1	9	93220	25	93283	10	9194348	9194022
9	0	7	6	9	93260	22	93323	18	9197142	9197955
3	14	30	0	9	93100	29	93108	23	9181908	9181909
13	1	21	11	9	93280	12	93288	6	9199341	9199345
21	1	24	14	9	93244	22	93268	16	9197141	9197146
14	1	26	15	9	93240	18	93268	21	9196808	9197635
29	13	25	8	9	93084	30	93108	22	9181996	9181853
23	10	11	4	9	93224	13	93303	1	9196310	9196329
19	5	19	9	9	93264	13	93288	7	9199437	9199456
15	3	17	9	9	93240	16	93248	10	9196506	9196512
19	6	13	6	9	93184	25	93243	13	9191126	9191168
31	10	1	2	9	93284	5	93343	25	9201751	9201754
31	14	5	0	9	93384	31	93443	19	9210700	9210705
26	11	6	3	9	93504	29	93563	17	9222693	9222697
25	9	7	4	9	93324	15	93403	3	9206143	9206124
25	11	7	3	9	93384	8	93443	28	9211564	9211569
13	1	20	12	9	93300	3	93308	29	9201587	9201588
9	11	25	1	9	93480	18	93488	12	9218630	9218625
16	2	17	8	9	93444	2	93468	28	9217116	9217118
5	3	28	10	9	93520	5	93528	31	9223453	9223455
18	11	4	3	9	93344	24	93403	2	9206991	9205979
7	13	18	8	9	93400	14	93408	9	9212248	9212305
15	11	27	15	9	93440	19	93448	19	9215735	9216221
25	9	9	4	9	93304	14	93363	2	9202834	9202860
19	5	13	8	9	93484	12	93543	0	9221063	9221057
11	0	22	13	9	93360	25	93368	19	9207146	9207141
3	9	31	2	9	93460	14	93488	8	9218304	9218301
18	11	12	3	9	93324	7	93383	27	9205315	9205334
18	12	15	1	9	93384	14	93463	2	9212223	9212231
27	1	4	14	9	93364	14	93423	2	9208998	9209005
18	4	15	15	9	93364	22	93443	10	9209859	9209856
23	0	10	14	9	93364	26	93443	14	9210330	9210290
26	5	4	8	9	93304	30	93383	18	9204505	9204504
26	2	12	4	9	93324	5	93383	26	9205200	9205263
10	11	24	1	9	93340	11	93348	5	9205703	9205701
0	2	28	14	9	93380	31	93408	27	9210745	9210927
20	9	14	3	9	93344	31	93403	19	9207645	9207648
29	9	0	4	9	93304	20	93363	8	9203538	9203499
19	6	14	7	9	93444	5	93503	25	9217457	9217458
20	9	26	5	9	93344	31	93368	25	9207653	9207651
8	14	4	12	9	93300	12	93343	25	9202574	9201818
27	9	8	5	9	93504	21	93563	9	9221969	9221914
18	4	15	10	9	93384	13	93463	1	9212183	9212163
10	11	24	4	9	93280	21	93288	15	9200213	9200266
7	1	29	15	9	93460	2	93468	28	9217034	9217056
7	15	17	8	9	93600	18	93628	20	9231121	9231824
15	3	14	7	9	93680	4	93743	24	9238713	9238715
18	7	14	7	9	93584	6	93643	26	9230015	9230014
15	3	18	11	9	93600	13	93608	7	9230658	9230649
17	11	24	15	9	93544	13	93588	17	9227561	9228550
20	9	12	4	9	93764	30	93823	18	9247997	9248004
13	0	19	12	9	93540	22	93548	16	9225293	9225291
12	2	21	11	9	93600	14	93608	8	9230769	9230762
23	12	10	2	9	93584	20	93663	8	9231339	9231345
17	14	18	11	9	93684	11	93708	8	9239563	9239799
7	5	26	8	9	93640	27	93648	21	9234907	9234898
10	5	23	9	9	93660	9	93668	3	9236136	9236133
4	6	9	5	9	93620	31	93663	8	9232233	9231349
9	11	15	15	9	93700	25	93763	14	9241133	9241217
9	0	20	13	9	93740	2	93748	28	9245344	9245338
4	12	29	1	9	93780	29	93788	23	9247904	9247906
29	0	7	11	9	93584	8	93643	28	9230221	9230229
18	12	15	1	9	93644	8	93703	28	9236075	9236094
6	4	22	1	9	93540	27	93548	22	9225820	9226005
11	7	21	6	9	93740	7	93768	4	9245840	9246188
26	5	4	7	9	93624	23	93683	11	9234510	9234508
19	12	15	1	9	93524	20	93583	8	9225072	9225082
7	2	25	11	9	93720	17	93728	11	9243641	9243632
25	5	4	5	9	93604	24	93663	12	9231722	9231729
26	5	7	9	9	93664	1	93723	21	9238449	9238461
20	6	22	13	9	93624	22	93648	24	9234402	9235224
20	14	13	1	9	93744	8	93803	28	9245968	9245977
3	14	26	2	9	93720	0	93728	26	9241843	9241845
31	13	5	2	9	93684	15	93743	3	9239935	9239937
18	12	15	1	9	93764	0	93823	20	9248275	9248270
11	15	22	11	9	93640	22	93648	16	9234477	9234417
12	2	22	11	9	93660	5	93668	31	9235832	9235815
23	10	9	3	9	93624	30	93703	18	9235268	9235236
25	2	6	15	9	93764	26	93823	14	9247684	9247668
12	2	21	11	9	93680	24	93688	18	9237541	9237542
3	13	30	0	9	93700	19	93708	13	9240459	9240484
20	6	13	7	9	93744	4	93803	24	9245629	9245630
7	2	27	11	9	93560	3	93568	29	9226668	9226667
15	12	22	14	9	93600	22	93628	20	9231585	9231886
26	5	7	9	9	93564	3	93643	23	9229781	9229782
26	5	3	9	9	93604	5	93663	25	9232881	9232852
9	1	23	11	9	93580	25	93588	19	9228767	9228766
29	4	4	9	9	93544	13	93623	1	9227550	9227525
27	4	5	9	9	93604	2	93663	22	9232424	9232425
29	9	7	4	9	93804	3	93863	23	9251872	9251877
24	3	4	5	9	94004	8	94063	30	9271533	9271756
13	2	19	10	9	93900	7	93928	1	9262105	9262111
23	8	7	4	9	93884	20	93943	8	9260053	9260054
20	6	13	7	9	93984	24	94043	12	9270045	9270055
6	2	29	12	9	93940	0	93948	26	9264545	9264532
24	5	26	15	9	93884	25	93908	26	9260644	9261390
27	9	9	4	9	94004	10	94063	30	9271791	9271786
15	3	18	11	9	93800	27	93808	21	9250986	9250990
14	9	31	4	9	93820	6	93828	0	9252135	9252133
13	9	30	3	9	93860	24	93868	18	9257236	9257234
29	13	1	2	9	93824	24	93883	18	9254056	9254666
24	5	2	5	9	93944	31	94023	15	9267497	9267001
3	12	2	13	9	93900	3	93963	23	9261738	9261728
13	1	20	12	9	93940	30	93948	24	9264383	9264395
29	13	22	13	9	93884	0	93908	26	9261402	9261404
18	7	15	6	9	94004	20	94063	9	9272714	9272710
18	7	15	6	9	93924	4	93983	24	9264935	9264943
9	9	24	5	9	93800	29	93808	23	9251243	9251246
27	4	5	9	9	93944	20	94003	8	9266356	9266347
8	2	26	10	9	93840	6	93848	0	9255541	9255539
6	15	26	14	9	93860	17	93868	7	9256561	9256250
15	3	18	11	9	93820	20	93828	14	9253662	9253663
9	0	16	13	9	93940	7	93948	1	9265254	9265263
29	12	5	2	9	93864	1	93923	21	9258049	9258053
8	15	20	1	9	93820	22	93848	18	9253869	9254098
3	6	27	5	9	93860	17	93868	11	9256605	9256569
5	7	29	7	9	93940	2	93948	28	9264764	9264754
4	11	17	13	9	94000	9	94008	3	9271736	9271729
19	7	14	7	9	94004	22	94083	11	9272892	9272895
14	13	14	7	9	93800	20	93843	8	9250346	9250373
0	6	25	12	9	93800	26	93808	27	9250936	9251706
5	5	29	9	9	93880	12	93888	6	9259219	9259266
13	0	19	14	9	93960	18	93968	12	9266195	9266196
8	13	25	0	9	94020	25	94028	19	9273190	9273180
3	9	30	4	9	93860	15	93868	9	9256460	9256439
24	7	6	8	9	93824	2	93903	22	9255152	9255154
26	11	10	4	9	93904	19	93983	7	9263399	9263402
24	7	9	6	9	93944	23	94003	11	9266603	9266604
14	0	19	14	9	93840	0	93848	26	9254845	9254841
31	3	2	10	9	94004	23	94083	12	9272925	9272916
17	14	29	6	9	94084	5	94108	7	9280529	9281250
20	6	13	6	9	94104	17	94163	6	9281651	9281655
29	12	5	2	9	94284	0	94343	21	9298906	9298901
26	2	3	13	9	94264	22	94323	11	9297776	9297785
25	10	6	4	9	94284	8	94343	29	9299755	9299754
0	10	30	3	9	94100	5	94108	31	9280543	9280550
1	11	30	3	9	94180	28	94188	22	9289029	9289049
7	5	25	8	9	94220	3	94228	29	9292808	9292806
2	13	5	7	9	94280	27	94323	7	9298254	9297287
18	12	26	12	9	94124	9	94128	24	9284040	9283021
24	2	7	11	9	94264	26	94343	15	9298155	9298154
8	4	23	9	9	94200	2	94208	28	9289767	9289776
25	1	2	11	9	94164	15	94223	3	9287714	9287522
10	4	22	9	9	94220	0	94228	26	9292511	9292517
7	2	26	11	9	94260	12	94268	6	9296639	9296632
13	12	14	3	9	94060	22	94103	9	9275950	9275778
18	4	23	11	9	94164	20	94188	21	9288171	9288936
25	9	27	3	9	94184	1	94208	27	9289680	9289679
16	1	11	4	9	94204	22	94263	13	9291714	9291889
25	15	31	7	9	94224	11	94248	2	9293550	9293265
14	11	23	15	9	94080	19	94088	7	9278779	9278207
8	5	26	8	9	94140	19	94148	13	9284992	9285005
9	0	23	11	9	94260	4	94268	30	9295901	9295910
23	5	9	7	9	94184	4	94243	25	9289962	9289967
8	4	28	9	9	94200	10	94208	4	9290566	9290565
27	13	5	0	9	94164	20	94223	9	9288187	9288186
18	11	14	13	9	94244	1	94323	26	9295596	9296023
29	9	3	4	9	94164	19	94223	8	9288091	9288094
20	3	2	3	9	94264	26	94323	6	9298202	9297182
1	13	23	12	9	94180	21	94188	20	9288326	9288858
12	8	13	7	9	94200	3	94243	28	9289897	9290233
11	0	21	11	9	94140	4	94148	30	9283628	9283620
8	12	24	1	9	94140	5	94148	31	9283713	9283702
11	13	12	5	9	94260	29	94303	10	9295319	9294675
23	8	11	6	9	94144	7	94223	28	9286963	9286965
25	11	6	1	9	94244	10	94323	31	9296549	9296523
7	10	30	3	9	94060	0	94068	26	9276991	9276959
3	9	26	5	9	94080	15	94088	9	9278428	9278412
27	0	7	13	9	94064	10	94123	31	9277927	9277900
30	15	1	2	9	94244	7	94323	28	9296246	9296247
26	0	5	13	9	94264	17	94323	6	9297225	9297251
3	8	29	1	9	94060	0	94068	26	9276847	9276873
8	13	25	0	9	94360	6	94368	0	9305837	9305834
12	13	7	3	9	94520	2	94563	20	9321080	9320799
18	6	15	15	9	94444	0	94503	21	9314236	9314241
19	4	6	8	9	94484	8	94543	28	9318572	9318489
13	2	19	10	9	94520	13	94528	7	9322121	9322119
16	15	28	9	9	94304	0	94328	26	9302261	9302252
29	14	6	1	9	94524	17	94583	6	9322482	9322491
7	5	21	4	9	94420	12	94448	10	9312446	9312932
20	6	13	6	9	94404	25	94463	14	9310684	9310678
9	11	25	1	9	94400	21	94408	15	9310407	9310409
13	2	19	10	9	94460	16	94468	10	9315921	9315909
25	10	6	3	9	94344	5	94403	26	9305775	9305774
21	9	11	4	9	94424	13	94483	2	9312645	9312644
18	4	15	10	9	94444	11	94503	0	9315378	9315379
8	5	27	9	9	94380	29	94388	23	9308177	9308179
26	3	6	7	9	94384	12	94443	1	9309463	9309456
21	6	24	5	9	94484	12	94508	9	9318995	9319272
1	8	28	5	9	94460	20	94468	14	9316374	9316361
24	9	6	3	9	94344	4	94403	25	9305690	9305684
31	1	0	13	9	94364	16	94423	5	9306880	9306881
0	10	19	10	9	94380	23	94388	17	9307566	9307560
8	7	22	14	9	94460	5	94468	5	9314729	9315417
20	3	24	14	9	94324	10	94348	10	9303302	9303879
18	6	15	15	9	94364	30	94443	19	9308286	9308319
16	1	16	13	9	94384	10	94408	4	9309322	9309320
23	0	12	11	9	94444	19	94523	8	9316280	9316255
11	0	22	15	9	94380	25	94388	19	9307782	9307783
25	5	6	8	9	94404	3	94463	24	9311786	9311785
17	0	18	12	9	94504	4	94528	30	9321357	9321360
24	15	5	3	9	94364	21	94423	4	9307388	9306795
25	10	6	4	9	94524	31	94603	20	9323858	9323859
15	11	13	8	9	94460	4	94503	0	9314632	9315465
13	1	19	10	9	94540	0	94548	26	9323926	9323921
13	2	26	11	9	94380	0	94388	26	9308504	9308502
26	11	6	1	9	94324	8	94383	29	9303209	9303181
24	9	5	9	9	94424	15	94483	4	9312888	9312887
29	0	4	12	9	94524	24	94583	13	9323220	9323242
6	4	26	9	9	94500	20	94508	14	9319878	9319882
19	2	22	14	9	94284	14	94308	8	9300510	9300488
0	15	29	6	9	94480	9	94488	3	9318761	9318762
4	11	30	2	9	94520	6	94528	0	9321618	9321623
1	13	28	2	9	94540	31	94548	25	9323875	9323876
12	2	21	11	9	94500	16	94508	10	9319337	9319340
20	15	2	9	9	94384	6	94443	28	9309001	9309065
15	3	18	9	9	94760	27	94768	21	9345546	9345543
16	2	17	13	9	94664	4	94688	30	9336935	9336933
23	8	9	6	9	94724	29	94783	18	9342789	9342790
15	3	19	12	9	94580	6	94588	0	9327693	9327698
9	3	5	1	9	94640	24	94683	16	9332679	9332975
28	8	2	5	9	94724	5	94803	26	9343590	9343593
4	11	26	2	9	94580	2	94588	28	9327263	9327259
11	1	0	11	9	94660	14	94703	8	9334811	9335284
7	1	4	11	9	94660	14	94703	9	9334813	9335376
24	5	10	4	9	94624	2	94703	23	9333591	9333586
17	0	16	9	9	94744	30	94768	23	9345810	9345677
7	5	28	9	9	94720	25	94728	19	9342435	9342432
13	2	18	11	9	94740	3	94748	29	9343411	9343413
21	9	10	4	9	94664	4	94723	25	9336955	9336966
7	1	14	1	9	94640	3	94703	25	9333706	9333820
25	2	2	14	9	94644	21	94723	10	9335472	9335535
23	12	8	1	9	94684	18	94743	7	9338386	9338398
18	4	18	9	9	94784	26	94808	20	9348437	9348442
9	13	25	0	9	94720	13	94728	7	9341279	9341272
23	5	30	12	9	94664	28	94688	25	9336315	9336556
2	0	31	6	9	94720	16	94728	10	9341622	9341623
18	15	25	12	9	94564	5	94588	28	9327600	9327276
19	5	12	9	9	94604	7	94663	28	9330967	9330973
16	2	17	13	9	94744	15	94768	9	9344526	9344530
10	13	18	15	9	94780	8	94788	7	9346631	9347129
24	7	8	6	9	94704	12	94763	1	9341186	9341190
14	0	19	13	9	94560	13	94568	7	9325220	9325215
17	14	15	1	9	94564	11	94643	0	9328259	9328267
29	0	27	12	9	94764	13	94788	28	9347131	9346167
29	12	2	1	9	94624	21	94683	10	9332411	9332422
29	6	3	12	9	94684	17	94743	6	9338300	9338301
9	13	6	1	9	94700	31	94743	14	9339713	9339116
0	15	28	6	9	94780	13	94788	7	9347152	9347153
15	3	18	11	9	94720	21	94728	15	9342139	9342124
23	8	9	4	9	94664	5	94723	26	9337078	9337080
3	12	28	2	9	94580	11	94588	5	9328282	9328277
13	0	22	10	9	94760	17	94768	13	9344720	9344895
6	4	27	10	9	94760	25	94768	19	9345368	9345362
20	6	13	8	9	94704	12	94763	1	9341240	9341212
26	5	5	8	9	94724	11	94803	0	9344158	9344155
20	6	13	6	9	94924	19	95003	8	9363655	9363650
2	12	30	0	9	94820	15	94828	9	9350403	9350409
0	15	31	6	9	94940	10	94948	4	9362821	9362826
14	1	20	13	9	95040	17	95048	11	9373096	9373081
19	6	22	10	9	95024	5	95048	9	9371870	9372837
11	7	24	5	9	94820	17	94828	11	9350602	9350593
14	0	14	2	9	94920	18	94983	15	9360436	9361181
30	15	1	11	9	94944	29	95023	25	9364616	9365343
22	3	23	11	9	95004	22	95028	16	9370484	9370485
10	11	9	3	9	94920	18	94963	3	9360445	9360083
19	6	4	7	9	94884	29	94943	14	9358377	9357928
25	9	5	0	9	94904	27	94983	16	9361287	9361288
24	3	21	8	9	94984	28	94988	22	9367910	9367893
3	6	29	7	9	94900	7	94908	1	9359263	9359264
24	5	8	8	9	94804	22	94883	11	9351006	9350999
16	1	17	14	9	94884	7	94908	1	9359259	9359265
8	13	29	12	9	95020	26	95028	20	9370873	9370864
3	6	30	6	9	95060	3	95068	29	9374758	9374757
24	1	8	13	9	95004	23	95063	12	9370567	9370588
13	1	22	15	9	94840	10	94848	4	9353120	9353149
7	15	25	0	9	95040	12	95048	6	9372560	9372555
18	11	14	2	9	95024	15	95083	4	9372886	9372889
8	7	27	5	9	94820	16	94828	10	9350545	9350549
11	7	23	11	9	94820	25	94828	19	9351430	9351425
16	13	30	2	9	94984	31	94988	23	9368148	9367980
5	7	28	6	9	94820	18	94828	12	9350700	9350722
10	8	24	5	9	94840	7	94848	1	9352833	9352836
20	9	13	2	9	94904	25	94983	14	9361142	9361144
28	8	9	5	9	95024	14	95083	3	9372747	9372744
12	2	21	12	9	94900	5	94908	31	9359120	9359117
31	3	6	9	9	94924	13	95003	2	9363201	9363200
3	0	3	12	9	94820	27	94883	13	9351672	9351354
17	14	17	8	9	95024	11	95048	14	9372493	9373390
9	11	25	14	9	94920	21	94928	21	9360790	9361347
16	2	16	13	9	94804	19	94828	13	9350755	9350753
7	2	26	11	9	95060	14	95088	8	9376004	9376014
3	9	29	12	9	95060	11	95068	5	9375589	9375597
3	12	29	1	9	95300	24	95308	18	9399267	9399265
25	9	6	3	9	95144	0	95203	21	9384140	9384156
29	11	17	9	9	95204	27	95228	20	9389917	9389838
3	8	31	6	9	95180	5	95188	31	9387781	9387787
13	14	21	6	9	95080	26	95108	29	9377357	9378281
3	12	29	1	9	95200	21	95208	15	9389391	9389400
29	11	0	1	9	95104	23	95163	12	9380204	9380189
8	14	6	3	9	95100	16	95143	29	9379435	9378767
10	5	23	9	9	95100	19	95108	13	9379728	9379729
30	15	7	9	9	95224	14	95283	10	9391834	9392502
3	9	29	3	9	95240	1	95248	27	9393792	9393797
3	9	28	5	9	95120	10	95148	4	9382075	9382086
7	1	25	11	9	95140	30	95168	24	9383987	9383985
5	1	29	15	9	95160	13	95168	7	9385558	9385559
23	8	9	5	9	95124	8	95183	29	9381920	9381905
12	12	25	3	9	95140	19	95148	13	9382981	9382974
25	9	6	3	9	95124	21	95203	10	9383174	9383182
20	6	12	8	9	95204	30	95263	19	9390247	9390248
0	13	25	0	9	95160	18	95188	21	9386083	9386835
9	11	6	4	9	95180	5	95243	30	9387803	9388250
10	5	25	8	9	95240	17	95248	11	9392184	9392169
12	10	26	14	9	95080	18	95088	18	9376519	9377164
15	12	12	3	9	95200	16	95243	5	9388869	9388873
28	8	0	5	9	95164	2	95243	23	9387503	9387508
25	1	25	0	9	95184	7	95208	1	9388062	9388064
25	11	11	4	9	95264	23	95323	12	9396023	9396036
11	7	3	10	9	95060	10	95123	4	9375535	9376111
13	11	30	4	9	95280	5	95288	31	9397449	9397450
9	3	3	13	9	95280	8	95343	28	9397735	9397617
23	0	2	14	9	95144	4	95203	25	9384576	9384559
14	12	26	9	9	95160	16	95168	11	9385922	9385997
8	7	6	1	9	95140	22	95203	11	9383314	9383290
12	10	21	10	9	95280	7	95308	10	9397667	9398540
19	7	13	6	9	95144	2	95203	23	9384394	9384363
29	6	17	14	9	95284	20	95308	14	9398929	9398925
5	5	30	13	9	95080	23	95088	17	9376940	9376942
12	8	24	15	9	95200	15	95208	2	9388671	9388100
27	13	16	10	9	95204	27	95228	21	9389900	9389902
8	12	24	1	9	95400	28	95408	22	9409224	9409231
24	9	7	4	9	95424	7	95503	28	9413612	9413616
29	0	8	11	9	95444	11	95503	0	9413995	9414019
5	3	31	11	9	95320	19	95348	13	9401857	9401852
0	7	31	6	9	95340	1	95348	27	9403261	9403257
8	2	16	14	9	95520	15	95508	30	9420320	9419297
25	10	6	3	9	95344	14	95403	3	9404743	9404750
29	3	6	9	9	95444	8	95503	29	9413713	9413722
15	3	28	14	9	95380	29	95388	25	9406180	9406390
0	5	30	6	9	95520	26	95528	12	9421351	9420554
2	14	30	0	9	95420	13	95428	7	9411002	9410998
25	5	5	8	9	95364	4	95423	25	9406933	9406940
29	9	4	5	9	95424	20	95483	9	9411640	9411630
2	0	30	13	9	95320	3	95328	29	9400395	9400384
14	0	19	12	9	95460	29	95468	23	9415735	9415736
24	2	5	13	9	95544	15	95603	4	9423535	9423531
7	5	25	8	9	95340	2	95348	28	9403354	9403329
25	9	10	4	9	95344	4	95403	25	9403589	9403563
20	6	13	7	9	95484	18	95543	7	9417710	9417706
11	1	21	12	9	95380	13	95388	7	9407748	9407714
9	11	25	0	9	95520	18	95528	12	9420583	9420590
28	15	16	10	9	95384	23	95408	17	9408842	9408841
25	11	9	3	9	95424	22	95483	11	9411867	9411883
15	3	17	9	9	95520	13	95528	7	9420115	9420136
25	1	0	15	9	95304	10	95383	31	9401029	9401028
0	7	18	8	9	95460	25	95468	19	9415446	9415442
7	2	23	9	9	95560	27	95568	21	9424680	9424679
17	0	18	12	9	95324	23	95348	17	9402353	9402345
18	7	15	6	9	95464	1	95523	22	9416213	9416210
4	12	29	1	9	95300	31	95328	25	9400076	9400082
12	13	16	10	9	95320	8	95328	27	9400856	9400242
24	1	16	12	9	95364	11	95408	11	9407565	9408211
13	2	20	12	9	95320	10	95328	4	9401048	9401046
12	2	22	12	9	95360	12	95368	6	9404567	9404623
18	7	9	3	9	95484	19	95543	8	9417807	9417806
9	9	21	9	9	95460	15	95468	5	9414434	9414072
28	8	5	5	9	95344	22	95423	11	9405592	9405574
3	8	30	6	9	95400	2	95428	28	9410015	9409960
9	9	12	4	9	95560	27	95603	7	9424697	9423894
18	6	14	7	9	95464	9	95543	30	9416961	9416974
3	8	27	5	9	95500	28	95508	22	9418480	9418516
7	5	26	9	9	95540	11	95548	5	9423130	9423044
22	13	11	0	9	95504	18	95583	7	9420544	9420543
9	14	25	12	9	95820	21	95828	15	9448588	9448578
19	6	14	7	9	95724	11	95783	0	9441330	9441327
19	6	14	7	9	95804	19	95863	8	9448400	9448391
8	5	20	0	9	95660	31	95668	21	9434025	9433655
17	14	19	10	9	95644	21	95648	7	9433016	9432371
18	12	15	1	9	95724	3	95783	24	9440519	9440512
1	4	26	8	9	95720	18	95728	12	9438823	9438833
8	12	15	1	9	95760	11	95823	0	9444316	9444335
30	15	13	7	9	95584	6	95663	27	9428720	9428723
20	14	25	12	9	95724	13	95748	30	9441487	9440617
14	11	26	15	9	95760	1	95768	2	9443346	9444032
25	2	9	3	9	95564	18	95643	13	9426899	9427478
1	8	28	6	9	95580	9	95588	3	9426042	9426031
5	3	26	9	9	95600	2	95608	28	9428428	9428443
0	10	30	4	9	95660	7	95688	1	9434795	9434799
24	3	10	9	9	95584	22	95643	11	9427276	9427277
16	13	7	5	9	95604	22	95683	14	9430125	9430362
26	11	2	1	9	95704	16	95763	5	9438685	9438705
3	8	31	7	9	95660	6	95688	0	9434703	9434705
5	7	27	5	9	95620	29	95628	23	9430768	9430776
27	4	8	8	9	95604	22	95683	11	9430126	9430136
24	15	7	7	9	95764	11	95823	0	9444342	9444343
26	5	4	8	9	95564	5	95623	26	9425707	9425713
20	6	13	7	9	95724	12	95783	1	9441454	9441462
2	12	28	2	9	95580	21	95588	15	9427178	9427181
7	5	9	14	9	95680	9	95723	1	9434967	9435281
7	10	25	3	9	95780	19	95788	13	9445115	9445116
22	3	8	10	9	95704	28	95783	17	9439926	9439925
12	2	22	12	9	95700	28	95708	22	9436749	9436759
29	0	7	11	9	95684	31	95743	20	9437039	9437041
0	13	17	9	9	95760	5	95788	9	9443775	9444709
7	5	25	8	9	95600	9	95608	3	9429069	9429067
8	6	29	7	9	95820	20	95828	14	9448580	9448569
31	14	17	8	9	95584	21	95588	8	9427213	9426492
26	2	29	7	9	95804	20	95828	14	9448573	9448569
9	1	8	1	9	95660	31	95723	18	9434116	9433922
14	0	19	14	9	95700	13	95708	7	9438468	9438437
8	5	23	9	9	95820	27	95828	21	9449272	9449274
13	2	18	9	9	95640	18	95668	12	9432762	9432717
20	6	13	6	9	95964	19	96023	15	9463924	9464560
8	2	22	9	9	95840	18	95848	12	9451316	9451313
5	1	29	13	9	96000	13	96008	7	9466425	9466419
27	1	7	13	9	95864	25	95943	14	9455155	9455154
29	9	5	3	9	95904	21	95963	10	9458101	9458095
2	13	2	11	9	95880	22	95923	9	9454846	9454686
13	2	18	9	9	95980	27	95988	21	9464669	9464674
19	7	13	7	9	95824	23	95903	12	9451818	9451815
7	9	27	3	9	95940	18	95948	12	9460925	9460926
13	2	20	12	9	96060	17	96068	11	9473114	9473117
8	12	25	1	9	95840	21	95848	15	9451656	9451655
15	3	18	9	9	96020	15	96048	9	9469751	9469753
27	1	5	13	9	95844	4	95903	25	9453045	9453060
24	5	7	13	9	95944	13	96023	2	9463485	9463493
9	0	24	14	9	96040	31	96048	25	9471452	9471461
21	6	11	9	9	96044	18	96123	7	9473210	9473209
8	4	19	15	9	95880	18	95888	16	9454528	9454890
3	13	31	0	9	95960	5	95968	31	9462715	9462707
23	3	12	9	9	95964	1	96043	22	9465280	9465281
14	1	19	12	9	95900	4	95908	30	9456450	9456452
23	10	7	3	9	96024	28	96103	17	9471094	9471099
6	15	25	1	9	95840	25	95848	19	9452028	9452023
18	11	14	2	9	96004	28	96063	17	9467918	9467920
12	11	21	9	9	95880	3	95888	26	9456358	9455989
7	10	25	4	9	95960	1	95968	27	9462340	9462336
23	12	12	3	9	96044	19	96123	8	9473335	9473340
5	14	17	8	9	95840	14	95848	8	9451048	9451036
18	11	4	8	9	95824	7	95883	31	9450381	9450627
26	5	6	8	9	96024	18	96083	7	9470066	9470072
1	8	28	6	9	96040	27	96048	21	9470986	9470988
7	5	27	10	9	95820	6	95848	0	9450204	9450200
6	2	26	10	9	95840	26	95868	20	9452055	9452056
13	0	15	10	9	95920	0	95983	31	9459133	9460098
26	15	8	1	9	96024	18	96083	7	9469998	9469990
25	15	9	6	9	96104	2	96163	14	9477718	9476822
25	11	9	3	9	96324	7	96403	28	9499764	9499765
5	5	1	2	9	96100	15	96143	0	9475813	9475483
23	5	16	10	9	96084	8	96108	7	9475179	9475653
25	11	9	3	9	96244	9	96303	30	9490480	9490482
26	3	7	10	9	96244	16	96303	5	9491154	9491139
31	3	0	10	9	96244	21	96323	10	9491542	9491544
21	6	11	6	9	96264	3	96323	24	9492979	9492975
3	6	30	6	9	96220	9	96228	3	9487249	9487251
31	0	25	0	9	96084	9	96108	11	9475283	9476018
31	3	7	10	9	96184	15	96243	4	9484710	9484687
4	12	28	2	9	96120	6	96128	0	9478053	9478054
5	1	26	10	9	96160	24	96168	18	9482578	9482581
13	2	21	6	9	96180	12	96208	11	9484411	9484913
6	2	27	11	9	96280	10	96288	4	9493745	9493774
16	13	28	7	9	96104	13	96148	12	9478587	9479039
31	0	5	7	9	96164	0	96223	21	9483224	9483217
4	11	29	3	9	96160	9	96168	3	9481184	9481189
4	0	15	1	9	96200	1	96263	25	9486473	9486780
21	6	24	5	9	96144	16	96168	4	9481773	9481258
31	5	0	8	9	96204	1	96263	22	9486479	9486474
1	5	14	2	9	96200	28	96263	19	9486035	9486228
27	13	5	0	9	96124	26	96183	15	9479675	9479679
30	13	3	1	9	96124	28	96183	17	9479841	9479857
19	7	13	6	9	96224	30	96283	19	9489414	9489412
29	0	2	13	9	96284	1	96363	22	9495893	9495894
1	10	31	2	9	96100	27	96108	21	9477068	9477070
5	7	30	6	9	96180	30	96188	24	9483126	9483112
17	11	11	4	9	96204	10	96283	4	9487356	9487867
17	0	16	12	9	96244	10	96268	4	9490651	9490653
25	12	9	1	9	96264	29	96323	18	9492383	9492387
23	2	4	5	9	96324	30	96383	24	9498961	9499442
3	0	31	14	9	96300	6	96328	0	9496417	9496416
24	9	10	4	9	96284	31	96363	20	9495781	9495765
11	7	21	12	9	96100	30	96128	24	9477338	9477341
24	9	8	6	9	96204	14	96283	12	9487782	9488710
20	9	13	5	9	96284	2	96363	23	9496010	9496012
6	2	26	9	9	96140	27	96148	21	9479788	9479770
0	10	25	1	9	96200	2	96228	28	9486576	9486577
11	15	31	14	9	96240	10	96268	4	9490674	9490673
27	0	3	15	9	96184	16	96243	5	9484851	9484856
27	9	6	4	9	96304	5	96363	26	9496355	9496350
19	12	21	10	9	96104	12	96128	8	9478517	9478758
16	1	17	14	9	96124	19	96148	13	9479153	9479177
6	2	25	11	9	96180	12	96188	6	9484396	9484391
7	13	25	1	9	96300	31	96308	25	9495728	9495722
28	3	2	12	9	96284	23	96343	12	9494986	9495004
5	7	28	6	9	96460	0	96468	26	9511936	9511937
1	10	15	1	9	96520	24	96563	13	9517028	9516908
17	0	16	12	9	96504	26	96528	20	9517184	9517180
14	6	2	7	9	96420	15	96463	3	9507141	9506944
27	1	28	2	9	96564	26	96588	20	9523312	9523315
9	11	24	1	9	96360	23	96368	17	9501361	9501366
11	11	24	1	9	96580	22	96588	16	9522969	9522968
31	0	2	6	9	96444	23	96503	13	9511016	9511014
25	15	25	3	9	96484	27	96488	9	9514547	9513561
10	5	22	9	9	96460	26	96468	20	9511312	9511285
29	12	6	3	9	96464	22	96543	12	9514166	9514173
23	1	11	13	9	96544	4	96623	27	9521263	9521247
0	4	15	6	9	96420	18	96463	8	9507413	9507409
0	2	3	11	9	96560	26	96603	17	9520291	9520294
23	1	7	15	9	96484	30	96543	21	9514813	9514812
7	1	25	11	9	96400	7	96408	1	9506444	9506439
7	5	1	12	9	96480	11	96523	2	9513160	9513240
29	12	5	2	9	96364	10	96423	31	9503367	9503366
21	6	13	7	9	96444	28	96523	18	9511528	9511523
25	2	7	11	9	96504	26	96583	17	9517206	9517222
29	0	2	13	9	96544	25	96603	16	9520169	9520177
31	3	19	14	9	96364	13	96388	7	9503613	9503617
4	11	28	2	9	96360	3	96388	29	9502515	9502516
13	2	20	12	9	96560	26	96568	20	9520312	9520299
18	7	14	7	9	96424	28	96483	18	9508447	9508448
20	6	13	7	9	96464	9	96523	31	9512977	9512982
26	3	9	3	9	96544	28	96603	19	9520507	9520510
18	7	23	15	9	96564	16	96588	7	9522355	9522110
31	3	3	10	9	96384	22	96443	11	9504486	9504501
3	8	29	6	9	96440	0	96448	26	9508868	9508870
22	3	9	13	9	96444	29	96523	19	9511649	9511650
23	11	12	3	9	96564	9	96623	0	9521735	9521746
7	13	25	1	9	96540	19	96548	13	9519604	9519610
31	5	6	9	9	96344	28	96423	17	9501902	9501900
12	2	20	11	9	96540	9	96548	3	9518742	9518738
3	13	29	1	9	96460	26	96468	20	9511349	9511343
24	9	7	4	9	96424	1	96483	23	9509006	9509003
26	0	5	13	9	96484	2	96543	25	9515197	9515198
25	9	7	4	9	96544	3	96623	26	9521142	9521136
5	14	25	0	9	96440	3	96448	29	9509238	9509221
13	7	14	3	9	96440	19	96503	11	9510703	9510883
23	8	9	6	9	96344	27	96423	16	9501856	9501864
31	14	21	8	9	96504	24	96528	21	9517072	9517384
23	0	12	12	9	96584	30	96643	21	9523846	9523905
7	9	28	2	9	96380	6	96388	0	9502869	9502848
6	2	26	11	9	96480	12	96488	6	9513200	9513198
26	0	7	13	9	96364	4	96423	25	9502630	9502629
23	12	6	8	9	96484	31	96543	10	9514871	9514009
16	1	16	10	9	96504	15	96528	9	9516319	9516317
5	3	27	10	9	96620	30	96628	24	9526693	9526717
0	5	11	13	9	96820	4	96883	29	9546438	9546642
22	3	12	9	9	96744	14	96823	5	9540933	9540939
14	1	18	9	9	96660	14	96688	8	9531776	9531779
24	5	6	9	9	96664	26	96743	17	9532983	9532981
29	6	16	13	9	96584	11	96608	8	9525054	9525320
19	0	5	5	9	96604	25	96663	5	9526280	9525313
1	13	29	15	9	96840	17	96848	11	9547860	9547861
2	12	30	2	9	96600	14	96608	8	9525326	9525341
8	13	25	0	9	96600	18	96628	12	9525685	9525688
13	1	22	12	9	96640	24	96648	18	9529485	9529477
5	3	28	10	9	96740	25	96748	19	9538924	9538910
16	1	17	13	9	96824	27	96848	21	9548825	9548819
14	0	18	12	9	96620	6	96648	0	9527557	9527560
29	13	22	13	9	96684	5	96708	1	9534002	9534156
18	6	15	15	9	96684	14	96763	5	9534784	9534782
4	11	23	14	9	96680	30	96688	24	9533414	9533417
13	9	24	1	9	96860	5	96868	31	9549846	9549841
8	2	25	12	9	96600	10	96608	4	9525009	9525016
19	4	12	11	9	96604	2	96683	25	9527248	9527246
29	4	2	9	9	96684	4	96743	27	9533918	9533919
18	11	14	2	9	96804	7	96883	30	9546738	9546742
19	6	14	7	9	96584	13	96663	4	9525255	9525234
19	2	22	11	9	96744	29	96748	14	9539289	9538492
29	0	3	13	9	96824	26	96903	17	9548707	9548713
6	4	29	15	9	96620	24	96628	21	9526264	9526441
7	9	24	4	9	96740	18	96748	12	9538272	9538259
29	3	23	1	9	96604	27	96628	12	9526439	9525720
26	11	5	2	9	96664	19	96723	10	9532323	9532327
26	0	14	7	9	96864	3	96923	20	9552632	9552116
17	14	25	0	9	97044	12	97068	6	9569520	9569525
5	7	27	5	9	96920	6	96928	0	9556151	9556152
7	2	27	11	9	96960	9	96968	3	9559707	9559710
7	2	25	11	9	97060	18	97068	12	9570105	9570108
17	0	16	15	9	96964	26	96988	20	9561400	9561399
3	8	30	5	9	96880	0	96888	26	9552363	9552352
12	2	21	10	9	97100	26	97108	20	9574230	9574213
5	5	29	9	9	96900	29	96908	23	9555295	9555293
17	14	12	11	9	96844	11	96923	2	9550367	9550370
25	11	8	1	9	96984	16	97083	7	9566809	9566824
11	0	20	11	9	96960	27	96988	21	9561533	9561535
3	8	4	4	9	97060	19	97103	0	9570213	9569206
22	13	26	11	9	96984	22	97008	13	9564207	9563901
8	7	26	5	9	97000	25	97008	19	9564521	9564523
26	11	6	1	9	96924	21	96983	12	9557734	9557738
28	15	14	1	9	97064	13	97143	31	9572969	9572476
27	4	6	9	9	96984	20	97043	11	9563990	9563987
7	9	25	4	9	96940	28	96948	22	9558437	9558423
1	4	22	14	9	96960	12	96968	10	9560050	9560426
24	9	9	4	9	97064	13	97143	4	9572982	9572989
1	4	12	5	9	96900	15	96943	9	9553941	9554283
4	6	31	6	9	96920	0	96928	26	9555634	9555635
9	9	25	4	9	97000	17	97008	11	9563672	9563668
21	6	13	7	9	97064	3	97123	26	9572003	9572006
9	0	7	9	9	96980	7	97043	3	9562707	9563182
9	9	28	6	9	97040	27	97048	21	9568017	9568019
9	11	24	1	9	97040	1	97048	27	9568476	9568475
17	12	5	13	9	97024	1	97103	22	9568479	9568300
19	12	14	2	9	96864	25	96923	16	9551780	9551784
23	8	23	6	9	96984	25	97008	11	9564615	9563687
24	9	6	3	9	97044	24	97123	15	9570831	9570817
14	8	22	2	9	96900	16	96908	4	9554086	9553316
19	4	12	11	9	96964	4	97043	27	9562457	9562437
19	7	13	6	9	96944	21	97023	12	9560973	9560934
6	4	27	9	9	97300	9	97308	3	9594181	9594171
26	15	31	15	9	97164	5	97188	1	9581322	9581532
9	13	24	1	9	97160	3	97188	29	9581163	9581156
9	1	24	14	9	97300	2	97308	28	9593620	9593622
23	0	20	12	9	97224	12	97248	28	9588228	9587323
25	12	7	13	9	97304	13	97363	8	9594557	9594950
17	0	16	10	9	97284	26	97308	20	9592782	9592789
18	12	15	1	9	97204	10	97263	1	9585123	9585141
2	13	31	0	9	97200	10	97228	4	9585126	9585125
21	9	12	4	9	97304	17	97363	8	9594972	9594969
3	6	28	7	9	97300	29	97308	23	9593178	9593170
29	12	5	1	9	97164	7	97223	30	9581561	9581566
7	5	28	7	9	97120	24	97128	18	9577090	9577092
5	5	26	8	9	97180	7	97188	1	9581568	9581562
8	4	24	8	9	97240	2	97248	28	9587344	9587347
19	12	14	3	9	97124	3	97203	26	9578166	9578147
16	15	7	3	9	97284	25	97343	9	9592714	9592126
14	8	15	6	9	97200	25	97243	16	9583339	9583340
1	13	29	1	9	97280	11	97288	5	9591299	9591306
1	4	1	0	9	97320	28	97383	19	9596127	9596120
25	9	9	5	9	97104	15	97183	6	9576176	9576156
26	3	13	2	9	97284	9	97363	0	9594222	9594223
0	4	31	9	9	97120	12	97128	6	9575909	9575899
7	9	28	14	9	97200	28	97208	20	9583738	9583464
24	5	18	11	9	97344	0	97368	29	9599539	9599975
6	15	24	1	9	97180	21	97188	12	9582995	9582723
7	2	29	12	9	97180	22	97208	16	9583076	9583068
8	5	24	8	9	97360	24	97368	18	9598654	9598665
17	0	16	13	9	97144	17	97168	11	9579388	9579393
28	3	6	9	9	97184	7	97263	30	9584851	9584847
31	10	0	1	9	97204	24	97283	15	9586461	9586443
0	2	7	7	9	97120	22	97183	13	9576891	9576899
21	1	2	11	9	97224	13	97303	2	9588411	9588202
5	1	16	8	9	97160	23	97168	11	9580041	9579403
9	0	21	10	9	97340	12	97348	6	9597588	9597538
4	11	23	1	9	97160	28	97168	14	9580494	9579682
29	4	5	9	9	97164	8	97223	31	9581737	9581742
18	6	13	6	9	97244	23	97303	14	9589327	9589364
11	0	21	12	9	97120	21	97128	15	9576645	9576640
13	9	5	0	9	97320	0	97383	22	9596461	9596321
31	1	3	11	9	97524	11	97583	2	9616942	9616946
5	5	29	9	9	97540	15	97548	9	9617258	9617257
6	4	25	8	9	97500	7	97508	1	9613238	9613240
24	5	10	6	9	97344	7	97423	30	9600400	9600402
16	1	16	10	9	97464	14	97488	8	9610844	9610834
8	7	11	4	9	97440	25	97503	16	9608838	9608837
14	6	18	8	9	97520	0	97528	26	9615843	9615826
29	12	4	12	9	97524	8	97583	31	9616698	9616692
12	10	13	2	9	97440	25	97503	23	9608852	9609603
10	4	21	8	9	97460	13	97468	7	9610779	9610778
30	15	5	0	9	97364	14	97423	5	9601145	9601132
20	9	12	3	9	97564	24	97623	15	9621392	9621400
9	0	23	12	9	97400	11	97408	5	9604208	9604209
8	2	18	12	9	97560	8	97568	29	9619795	9619347
25	9	9	5	9	97544	3	97603	26	9619346	9619358
5	3	26	10	9	97440	15	97448	9	9607854	9607852
26	5	6	9	9	97504	22	97563	13	9614790	9614788
0	5	31	9	9	97460	5	97468	31	9610111	9610092
1	8	16	10	9	97480	23	97488	17	9611818	9611804
31	0	2	6	9	97584	10	97643	1	9623201	9623207
5	5	22	2	9	97600	14	97608	5	9623582	9623352
23	1	22	9	9	97404	25	97428	14	9605792	9605206
26	3	22	14	9	97564	18	97588	12	9620905	9620873
8	14	24	15	9	97600	26	97628	20	9624810	9624807
20	6	13	7	9	97444	31	97503	22	9609574	9609568
17	14	13	1	9	97504	29	97563	19	9615534	9615378
10	11	11	6	9	97460	13	97523	28	9610796	9610109
23	1	6	15	9	97424	9	97483	0	9607395	9607400
17	0	15	14	9	97524	15	97583	6	9617318	9617313
25	1	3	12	9	97564	30	97643	21	9622078	9622069
7	2	25	13	9	97400	15	97408	9	9604564	9604574
18	12	15	1	9	97504	25	97563	16	9615054	9615065
26	11	6	1	9	97744	18	97823	9	9639381	9639382
0	6	29	7	9	97700	25	97708	19	9633853	9633850
31	1	1	12	9	97744	23	97823	14	9639882	9639883
13	9	28	9	9	97700	19	97708	13	9633274	9633293
10	4	22	9	9	97720	4	97728	30	9634890	9634868
3	13	26	10	9	97720	18	97728	10	9636353	9636203
3	12	30	0	9	97820	17	97828	11	9645541	9645538
7	10	25	4	9	97620	5	97628	31	9625846	9625842
10	13	24	1	9	97780	15	97808	9	9642344	9642342
7	3	22	10	9	97720	16	97728	10	9636210	9636209
13	0	20	13	9	97840	5	97848	31	9647803	9647811
29	11	7	3	9	97604	30	97663	21	9625169	9625163
26	2	3	12	9	97604	9	97683	0	9626239	9626230
19	7	13	6	9	97784	26	97863	17	9643491	9643495
11	1	21	11	9	97680	8	97688	23	9632371	9631348
25	9	11	4	9	97664	29	97723	20	9631361	9631351
23	5	9	14	9	97664	31	97743	22	9631543	9631552
12	12	29	6	9	97620	1	97628	27	9625451	9625454
25	5	6	9	9	97804	3	97863	26	9644404	9644412
14	1	21	11	9	97620	0	97628	26	9625381	9625387
5	5	25	8	9	97700	15	97708	9	9632982	9632994
14	0	18	11	9	97740	3	97748	29	9638056	9638064
24	9	10	4	9	97604	28	97663	19	9625006	9625007
7	15	21	12	9	97640	29	97648	17	9628182	9627709
25	9	9	5	9	97664	7	97743	30	9632320	9632318
5	7	31	6	9	97620	6	97628	0	9626031	9626034
3	8	27	5	9	97660	20	97668	14	9630417	9630416
20	6	13	7	9	97684	25	97763	16	9633909	9633904
14	12	26	11	9	97640	21	97648	15	9627527	9627526
15	3	19	13	9	97840	29	97848	23	9646969	9646932
26	2	7	11	9	97644	9	97703	0	9629340	9629341
22	13	16	14	9	97704	3	97728	27	9634854	9634670
11	0	23	14	9	97640	19	97648	20	9627278	9627897
30	11	5	2	9	97804	7	97863	30	9644731	9644681
18	4	17	8	9	98044	29	98068	23	9669578	9669582
7	13	7	15	9	97920	16	97963	0	9655087	9654388
20	3	19	10	9	97944	27	97968	24	9659526	9659733
23	1	2	4	9	98024	5	98103	3	9667372	9668026
10	4	27	11	9	97960	18	97968	12	9658588	9658590
18	7	15	6	9	97884	2	97963	25	9653641	9653642
28	8	9	6	9	97964	8	98023	31	9660917	9660920
9	11	25	1	9	97980	12	97988	6	9661391	9661377
17	14	21	12	9	98004	14	98028	8	9664868	9664870
11	13	2	3	9	98060	21	98123	21	9668882	9669716
23	3	16	9	9	98004	17	98028	17	9665229	9665941
6	2	26	11	9	97880	1	97888	27	9650291	9650298
7	2	20	0	9	97960	26	97968	16	9659490	9659122
25	11	8	2	9	97984	29	98043	20	9663073	9663079
9	0	26	14	9	97900	23	97908	17	9652540	9652536
25	5	8	8	9	97904	12	97963	3	9654760	9654754
10	15	27	15	9	97880	15	97908	15	9651673	9652355
24	7	2	12	9	97864	3	97943	3	9650557	9651426
31	5	4	8	9	98024	3	98083	26	9667245	9667246
20	15	17	13	9	97924	28	97928	14	9656425	9655622
7	2	30	13	9	97940	8	97948	2	9657572	9657566
3	0	31	14	9	97960	25	97968	19	9659454	9659429
2	8	28	5	9	98000	9	98008	3	9664406	9664409
24	9	5	5	9	97944	18	98003	9	9658667	9658679
25	5	9	7	9	98084	26	98143	17	9672372	9672373
6	4	25	8	9	97880	2	97888	28	9650506	9650443
21	6	14	7	9	97864	5	97923	28	9650793	9650772
3	13	31	0	9	97900	26	97908	20	9652871	9652849
3	9	26	5	9	98040	3	98048	29	9667267	9667264
28	3	7	9	9	97984	2	98063	25	9663693	9663636
24	7	9	7	9	97904	10	97963	1	9654466	9654465
20	6	13	7	9	97904	14	97963	5	9654886	9654895
23	10	7	7	9	98304	6	98383	29	9696416	9696412
4	13	9	1	9	98260	15	98323	13	9690713	9691331
21	6	13	7	9	98324	11	98383	2	9696955	9696940
9	1	23	11	9	98180	28	98188	22	9682420	9682418
7	5	28	9	9	98240	27	98268	21	9688729	9688727
26	11	5	0	9	98184	5	98243	28	9683276	9683279
26	2	3	13	9	98344	1	98403	24	9699008	9699004
5	3	31	12	9	98220	1	98228	27	9686134	9686141
24	5	6	8	9	98104	24	98183	15	9675445	9675442
26	11	9	4	9	98164	19	98243	10	9681617	9681623
24	1	9	7	9	98284	4	98343	27	9692843	9692844
31	5	2	8	9	98284	4	98343	27	9692846	9692856
31	3	2	10	9	98304	25	98363	16	9695100	9695107
9	1	17	14	9	98120	3	98128	20	9676549	9675621
11	0	23	14	9	98140	6	98148	0	9676895	9676890
3	0	13	6	9	98140	13	98203	4	9677730	9677732
25	5	15	6	9	98104	23	98183	14	9675371	9675374
19	7	27	3	9	98204	24	98228	18	9685177	9685185
26	5	4	9	9	98204	0	98283	23	9686078	9686087
6	2	27	9	9	98280	29	98288	23	9692127	9692131
26	5	7	7	9	98164	21	98243	12	9681826	9681822
24	9	10	4	9	98264	30	98343	21	9692237	9692241
7	5	25	8	9	98220	27	98228	21	9685574	9685573
18	12	15	1	9	98124	0	98183	23	9676226	9676228
1	10	29	3	9	98240	24	98248	18	9688501	9688499
27	9	7	4	9	98284	17	98363	8	9694229	9694233
28	3	2	11	9	98144	24	98203	15	9678934	9678935
17	14	24	1	9	98164	21	98188	21	9681839	9682297
25	1	7	13	9	98184	31	98243	22	9682744	9682754
31	1	3	10	9	98204	27	98283	18	9685624	9685582
2	12	30	2	9	98180	27	98188	21	9682306	9682302
9	1	30	6	9	98320	27	98328	23	9695354	9695578
28	8	4	4	9	98184	2	98243	25	9683080	9683084
3	13	21	8	9	98140	13	98148	7	9677791	9677862
24	1	7	9	9	98104	24	98183	25	9675495	9676496
19	12	14	2	9	98144	24	98203	15	9678947	9678945
19	7	13	7	9	98184	7	98263	30	9683646	9683630
3	8	29	6	9	98240	22	98248	16	9688259	9688260
3	6	31	7	9	98480	10	98508	4	9712538	9712539
20	9	10	4	9	98404	10	98483	1	9706436	9706421
26	0	7	13	9	98524	3	98603	26	9718306	9718303
18	11	19	15	9	98564	24	98588	20	9720317	9720551
24	7	5	7	9	98604	0	98663	23	9724934	9724941
9	0	24	14	9	98380	4	98388	30	9702525	9702529
8	7	25	8	9	98440	26	98448	20	9707888	9707872
25	9	6	4	9	98364	24	98423	15	9701428	9701434
18	11	16	15	9	98404	10	98428	4	9706444	9706452
21	9	13	6	9	98464	21	98523	12	9710440	9710438
12	2	21	12	9	98500	17	98508	11	9713223	9713237
13	1	20	13	9	98580	29	98588	23	9720952	9720958
25	9	5	3	9	98504	0	98563	23	9714734	9714732
12	2	21	11	9	98380	28	98388	22	9701824	9701820
14	12	15	1	9	98380	30	98443	21	9701972	9701966
19	7	15	6	9	98364	25	98423	16	9701529	9701523
17	14	16	9	9	98484	10	98508	4	9712551	9712558
14	0	20	13	9	98540	3	98548	29	9718325	9718330
3	9	30	4	9	98420	5	98428	31	9706015	9706013
27	4	6	9	9	98444	6	98503	29	9709070	9709076
16	1	16	8	9	98584	21	98608	15	9723710	9723713
25	11	9	3	9	98544	15	98623	6	9719550	9719560
2	12	19	9	9	98600	31	98608	21	9724819	9724347
23	11	9	1	9	98404	8	98483	31	9706287	9706285
23	8	10	6	9	98544	21	98623	12	9720047	9720043
0	7	31	7	9	98420	1	98428	27	9705637	9705636
14	12	8	0	9	98420	10	98483	1	9706500	9706493
28	3	2	12	9	98404	4	98483	27	9705937	9705934
26	0	4	14	9	98464	27	98523	18	9711077	9711075
14	13	1	2	9	98600	28	98643	11	9724448	9723648
26	3	7	9	9	98584	23	98663	14	9723892	9723899
3	0	26	12	9	98540	5	98548	31	9718574	9718568
28	8	5	5	9	98464	20	98523	11	9710419	9710401
12	10	0	8	9	98440	29	98483	10	9708231	9707328
9	3	29	14	9	98480	7	98488	1	9712384	9712374
0	13	29	1	9	98500	28	98508	22	9714458	9714484
26	5	8	0	9	98584	13	98643	4	9722889	9722884
18	14	26	9	9	98364	19	98388	19	9700911	9701505
23	11	20	12	9	98384	14	98408	18	9703597	9704588
28	8	8	6	9	98784	24	98843	15	9742794	9742800
3	6	13	1	9	98620	17	98683	5	9726597	9726358
5	14	21	11	9	98660	15	98668	6	9729577	9729283
13	2	20	12	9	98800	3	98808	29	9743858	9743863
1	11	30	2	9	98820	19	98828	13	9745335	9745341
1	13	28	2	9	98780	19	98788	13	9742377	9742374
29	11	6	9	9	98604	8	98663	31	9725855	9725856
24	7	9	9	9	98644	15	98703	6	9729582	9729584
10	11	8	13	9	98720	16	98783	14	9735905	9736470
7	5	29	7	9	98740	15	98768	9	9738780	9738805
7	13	0	8	9	98820	22	98883	17	9745680	9746064
25	11	9	3	9	98724	8	98803	31	9738020	9738033
1	8	23	0	9	98620	14	98648	19	9726368	9727349
13	1	23	15	9	98760	21	98768	15	9739444	9739452
18	7	18	8	9	98724	5	98748	29	9737797	9737549
23	10	1	15	9	98784	21	98843	21	9742534	9743406
2	0	27	11	9	98700	5	98708	31	9734982	9734964
0	6	22	9	9	98740	10	98768	8	9738249	9738690
23	11	10	2	9	98624	23	98683	14	9727167	9727188
24	7	7	5	9	98784	31	98863	22	9743561	9743568
2	12	26	10	9	98680	16	98688	3	9732888	9732218
29	4	3	9	9	98804	9	98863	0	9744442	9744462
26	5	7	7	9	98664	6	98723	29	9731939	9731936
2	0	27	12	9	98620	20	98628	14	9726932	9726943
19	6	14	7	9	98744	16	98803	7	9738924	9738937
26	3	7	9	9	98804	20	98883	11	9745505	9745506
5	3	29	9	9	98780	5	98788	31	9741125	9741120
9	1	22	11	9	98820	26	98828	20	9746093	9746095
21	6	12	5	9	98624	2	98703	25	9728314	9728316
28	3	27	5	9	98724	8	98748	27	9738059	9737424
0	10	31	3	9	98680	6	98688	0	9731986	9731942
12	2	21	11	9	98860	24	98868	18	9749016	9749083
19	6	14	7	9	98604	7	98663	30	9725815	9725810
24	9	4	3	9	98804	27	98883	18	9746196	9746216
1	11	29	6	9	98720	27	98748	26	9736904	9737305
16	2	16	12	9	98664	10	98688	4	9732302	9732298
12	13	7	4	9	98640	28	98683	9	9727724	9726812
4	0	28	14	9	98740	10	98748	4	9738272	9738275
0	2	25	4	9	98820	24	98828	9	9745909	9745023
29	12	16	12	9	98664	30	98688	24	9731184	9731230
31	3	3	11	9	98784	0	98863	23	9743714	9743719
31	1	2	12	9	98784	1	98863	24	9743767	9743772
7	10	25	4	9	98620	20	98628	14	9726914	9726893
7	2	23	15	9	99060	15	99088	9	9770697	9770689
10	5	24	8	9	99000	8	99008	2	9763741	9763734
24	5	6	10	9	98924	19	99003	10	9758338	9758318
11	0	23	15	9	98940	16	98948	10	9757998	9757994
2	0	31	15	9	99100	17	99108	11	9773848	9773845
20	9	12	4	9	99004	17	99063	8	9764557	9764562
19	4	2	14	9	99064	12	99123	3	9770388	9770390
26	5	4	9	9	99064	22	99123	13	9771391	9771394
14	13	17	13	9	98900	9	98908	29	9754150	9753561
7	10	27	3	9	99040	9	99048	3	9766931	9766929
4	13	23	9	9	98920	26	98928	17	9755872	9755528
5	15	22	13	9	98960	3	98968	29	9760096	9760097
2	8	30	6	9	99080	2	99108	28	9772493	9772498
31	13	3	2	9	98844	3	98923	26	9750110	9750130
13	0	20	13	9	98880	13	98888	7	9751185	9751172
19	6	24	14	9	98884	5	98908	0	9753778	9753825
19	7	14	7	9	98904	23	98983	14	9755549	9755540
14	11	25	13	9	98960	5	98968	22	9760289	9759352
20	9	13	5	9	98864	14	98923	5	9751316	9751335
18	12	16	12	9	99024	15	99048	16	9767450	9768152
15	3	18	9	9	99000	15	99008	9	9764368	9764361
31	1	25	11	9	98964	21	98988	8	9761917	9761349
8	7	22	9	9	98920	21	98928	15	9755341	9755336
31	0	2	6	9	99044	24	99103	15	9768330	9768343
8	4	19	9	9	99000	10	99008	4	9763974	9763969
24	3	8	9	9	98884	0	98943	23	9753306	9753292
7	3	8	6	9	99020	6	99083	26	9766720	9766498
24	9	7	4	9	99024	20	99103	11	9768013	9768015
5	1	29	12	9	99020	31	99028	25	9766096	9766106
29	13	21	11	9	98884	1	98908	23	9753391	9752910
19	12	14	2	9	98924	13	99003	4	9757800	9757799
2	14	26	2	9	98900	31	98908	25	9753171	9753176
12	2	21	11	9	99040	11	99048	5	9767183	9767182
27	1	7	11	9	98944	0	99023	23	9759803	9759804
25	10	11	0	9	98864	5	98923	28	9750344	9750324
14	11	21	1	9	99220	13	99248	13	9786410	9787019
25	9	9	4	9	99324	31	99403	22	9797720	9797721
17	0	16	12	9	99104	0	99128	26	9775412	9775414
18	4	15	15	9	99304	7	99383	30	9795460	9795461
3	12	26	2	9	99160	1	99168	27	9778986	9778989
9	9	25	4	9	99180	0	99188	26	9782093	9782092
23	5	10	8	9	99264	28	99323	19	9791069	9791075
12	2	7	7	9	99320	14	99383	15	9796087	9797107
19	5	16	9	9	99164	26	99188	20	9781562	9781564
16	15	10	2	9	99224	14	99303	15	9786529	9787440
23	12	5	0	9	99204	29	99263	20	9784924	9784934
23	8	9	4	9	99224	23	99303	14	9787375	9787380
9	0	27	15	9	99180	3	99188	29	9782399	9782390
22	13	8	6	9	99164	17	99223	1	9780732	9779935
5	14	25	0	9	99140	26	99148	20	9778302	9778318
6	2	30	12	9	99240	31	99248	25	9788253	9788259
4	12	25	3	9	99200	10	99208	4	9783104	9783108
4	13	21	10	9	99220	4	99228	21	9785634	9784781
28	8	4	5	9	99164	21	99223	12	9781070	9781069
23	11	9	1	9	99184	4	99243	27	9782516	9782510
20	9	12	3	9	99264	30	99323	21	9791337	9791338
14	9	12	11	9	99180	6	99243	29	9782748	9782758
24	9	22	14	9	99164	18	99168	8	9780820	9780476
29	0	2	14	9	99204	6	99283	29	9785851	9785849
7	9	25	4	9	99260	14	99268	8	9789682	9789674
25	12	8	2	9	99184	13	99243	4	9783481	9783484
26	2	7	11	9	99344	12	99403	3	9799039	9799043
29	3	5	9	9	99324	21	99383	12	9796830	9796836
23	8	30	6	9	99164	29	99188	24	9781910	9782007
7	5	26	8	9	99120	1	99128	27	9775616	9775614
14	13	31	4	9	99180	5	99188	31	9782688	9782662
19	6	14	7	9	99344	18	99423	9	9799650	9799685
14	0	19	15	9	99280	29	99288	23	9791158	9791162
29	13	9	3	9	99184	10	99243	1	9783066	9783049
0	2	29	9	9	99560	26	99568	20	9819218	9819217
0	6	31	15	9	99400	26	99408	20	9803176	9803178
8	7	30	3	9	99560	30	99568	20	9819568	9819228
27	9	6	4	9	99404	3	99463	26	9804086	9804090
16	1	17	13	9	99524	8	99548	2	9817324	9817330
13	0	20	13	9	99420	10	99428	4	9804796	9804801
20	6	13	6	9	99464	4	99523	27	9810617	9810616
14	11	2	10	9	99500	5	99583	6	9813950	9814972
2	8	30	5	9	99600	30	99608	24	9822598	9822588
7	5	28	9	9	99540	10	99548	4	9817558	9817554
24	5	7	9	9	99364	27	99423	18	9800372	9800358
18	11	14	2	9	99524	5	99603	28	9817043	9817049
25	11	6	1	9	99544	17	99603	8	9818222	9818236
31	0	0	5	9	99504	15	99583	6	9814987	9814983
31	1	2	12	9	99564	1	99623	24	9819866	9819879
25	9	7	3	9	99504	9	99563	0	9814343	9814344
24	15	7	6	9	99504	11	99563	26	9814529	9813773
31	13	1	0	9	99444	18	99503	9	9808778	9808751
28	3	7	9	9	99464	30	99523	21	9810014	9810016
31	10	2	3	9	99604	18	99663	9	9824728	9824743
6	2	27	11	9	99400	1	99408	27	9803937	9803929
7	1	25	11	9	99600	24	99608	18	9822135	9822129
16	2	17	14	9	99464	5	99488	31	9810770	9810769
7	1	25	11	9	99440	3	99448	29	9807341	9807327
3	8	30	5	9	99580	18	99588	12	9821520	9821522
21	1	10	9	9	99364	5	99423	23	9801345	9800832
9	11	25	1	9	99420	12	99428	6	9805084	9805083
27	9	2	3	9	99384	24	99463	15	9803114	9803079
27	4	6	9	9	99504	9	99563	0	9814359	9814357
0	15	28	6	9	99380	0	99388	26	9800829	9800831
14	13	27	12	9	99440	27	99448	21	9806487	9806477
14	1	18	11	9	99480	6	99488	0	9810900	9810891
23	0	28	7	9	99404	0	99428	0	9803842	9804420
7	5	28	9	9	99500	29	99508	23	9813103	9813157
24	2	8	10	9	99484	16	99543	7	9811901	9811930
26	2	7	11	9	99484	17	99543	8	9812004	9811983
23	1	8	13	9	99524	7	99603	30	9817311	9817308
17	14	0	10	9	99544	19	99603	10	9818389	9818390
11	0	22	15	9	99840	13	99848	7	9846711	9846717
0	7	31	6	9	99660	20	99668	14	9828289	9828288
25	10	4	3	9	99724	11	99803	2	9836958	9836957
24	7	23	9	9	99784	2	99808	28	9842466	9842468
7	2	0	11	9	99820	2	99883	21	9845703	9845374
13	0	9	5	9	99620	27	99683	25	9825625	9826345
5	3	31	12	9	99700	8	99708	2	9833470	9833472
7	9	8	9	9	99820	30	99863	17	9845371	9844908
11	15	4	8	9	99700	11	99763	2	9833702	9833712
4	12	30	0	9	99860	29	99868	23	9848387	9848385
12	2	21	12	9	99620	31	99648	25	9826050	9826056
17	11	15	1	9	99684	29	99743	20	9832397	9832399
11	0	23	15	9	99640	18	99668	12	9828100	9828096
7	9	10	4	9	99860	11	99923	2	9849708	9849704
21	9	11	4	9	99744	22	99803	13	9838104	9838123
7	9	31	4	9	99780	19	99788	13	9840840	9840815
27	13	5	0	9	99644	1	99723	24	9829655	9829660
25	9	7	4	9	99684	7	99763	30	9833413	9833414
24	5	10	8	9	99744	5	99823	28	9839549	9839547
11	7	13	7	9	99700	30	99763	27	9832555	9833095
7	3	29	6	9	99700	4	99708	21	9833094	9832260
1	10	29	3	9	99740	19	99748	13	9837800	9837799
3	6	22	9	9	99740	20	99768	21	9837914	9838688
28	8	4	5	9	99844	3	99923	26	9848944	9848951
7	9	25	4	9	99840	18	99848	12	9847255	9847267
25	10	6	1	9	99844	31	99903	22	9848660	9848657
19	5	23	9	9	99844	5	99868	31	9849144	9849151
2	12	30	0	9	99660	5	99668	31	9830076	9830077
13	11	26	5	9	99720	29	99728	23	9835667	9835680
24	3	8	10	9	99624	29	99683	20	9825887	9825864
29	9	2	4	9	99704	20	99763	11	9834653	9834655
31	5	18	8	9	99724	3	99728	22	9836334	9835565
24	7	8	6	9	99804	21	99863	12	9844438	9844465
27	4	6	9	9	99804	22	99863	13	9844505	9844507
4	6	31	7	9	99700	28	99708	22	9832360	9832365
4	12	29	1	9	99700	6	99708	0	9833374	9833379
10	8	7	11	9	99780	15	99823	3	9840509	9840247
27	9	6	4	10	99964	18	100023	9	9859852	9859830
18	6	16	8	10	100004	25	100008	19	9863911	9863902
10	4	22	9	10	100020	9	100028	3	9865370	9865374
29	9	6	4	10	99884	18	99963	9	9853603	9853613
31	0	2	5	10	100004	4	100083	27	9864842	9864839
0	15	31	6	10	99960	15	99968	9	9859602	9859603
31	1	1	13	10	99864	23	99943	14	9850794	9850792
6	4	31	15	10	99880	18	99888	12	9850277	9850284
26	2	5	13	10	99944	10	100023	1	9859128	9859137
24	7	8	0	10	100064	6	100143	29	9871623	9871612
6	2	24	8	10	100060	11	100068	5	9868879	9868882
24	7	7	6	10	99884	10	99943	1	9852757	9852750
6	2	22	9	10	100080	4	100108	8	9871455	9872291
0	2	28	10	10	99900	10	99908	4	9852749	9852745
2	0	26	10	10	100080	2	100088	28	9871257	9871251
25	1	0	15	10	100064	30	100123	21	9870888	9870904
24	7	8	6	10	100064	3	100143	26	9871330	9871331
12	12	18	9	10	99920	3	99928	26	9855378	9855149
11	11	25	0	10	99940	23	99948	17	9857398	9857390
20	6	14	7	10	100044	19	100123	10	9869730	9869743
24	7	9	4	10	100064	23	100123	14	9870143	9870146
12	10	24	1	10	99980	3	99988	29	9861703	9861702
13	0	19	13	10	100060	17	100068	11	9869499	9869507
21	9	12	4	10	100084	23	100163	14	9873241	9873245
8	2	26	12	10	100020	2	100028	28	9864764	9864774
7	9	21	8	10	99960	1	99968	27	9858399	9858400
11	15	31	7	10	100000	12	99988	29	9862603	9861719
4	11	29	1	10	100000	23	100008	17	9863773	9863778
31	10	4	3	10	99884	5	99943	28	9852274	9852278
20	9	13	5	10	100064	27	100123	18	9870616	9870615
25	12	8	2	10	100084	22	100163	13	9873180	9873197
13	11	13	1	10	99880	3	99943	31	9852042	9852637
28	8	6	4	10	99884	8	99943	31	9852629	9852625
18	12	13	1	10	99884	8	99943	31	9852632	9852637
29	3	3	11	10	99944	12	100023	3	9859368	9859371
4	12	30	0	10	99940	14	99948	8	9856588	9856594
19	0	16	9	10	99884	2	99908	28	9851939	9851964
27	4	4	9	10	100024	23	100103	14	9867004	9867076
20	3	9	7	10	100084	18	100163	12	9872799	9873066
11	0	21	12	10	99980	3	99988	29	9861651	9861652
27	9	7	4	10	100124	1	100203	24	9877575	9877576
27	4	7	9	10	100284	26	100343	17	9892357	9892360
26	11	6	1	10	100304	14	100363	5	9894152	9894159
8	4	26	8	10	100160	24	100168	18	9879798	9879799
6	2	27	11	10	100180	28	100188	22	9880143	9880141
4	0	9	5	10	100240	3	100303	26	9886984	9886990
8	2	18	11	10	100360	22	100368	14	9898125	9897952
16	13	15	6	10	100244	11	100303	3	9887705	9887788
23	8	7	5	10	100344	15	100403	6	9897451	9897455
24	1	15	10	10	100284	24	100343	15	9892161	9892174
7	13	12	4	10	100180	13	100243	30	9881816	9881226
4	11	27	3	10	100300	22	100308	16	9891983	9891987
24	9	7	4	10	100244	24	100323	15	9889171	9889170
8	6	27	9	10	100140	25	100148	19	9876860	9876866
4	11	29	1	10	100180	8	100188	2	9881375	9881364
4	13	23	14	10	100180	14	100208	14	9881932	9882463
8	5	26	9	10	100240	3	100248	29	9887027	9887026
21	9	6	15	10	100144	23	100223	7	9879700	9878998
29	11	0	0	10	100264	28	100323	19	9889560	9889561
25	11	4	8	10	100324	3	100383	24	9896166	9896031
27	9	4	3	10	100344	27	100423	18	9898541	9898539
13	1	20	12	10	100160	8	100168	2	9878219	9878206
23	1	18	13	10	100284	22	100308	16	9892004	9892002
25	5	2	6	10	100104	12	100183	3	9875412	9875417
16	2	8	2	10	100144	8	100223	7	9878218	9879001
23	0	8	15	10	100344	14	100403	5	9897332	9897345
8	6	22	11	10	100140	26	100148	20	9876976	9876974
13	0	19	13	10	100200	30	100208	24	9883458	9883462
10	4	22	10	10	100300	26	100308	20	9892415	9892408
12	2	20	12	10	100380	8	100388	2	9899799	9899800
25	2	8	2	10	100144	7	100223	6	9878153	9878917
26	0	7	13	10	100144	9	100203	0	9878320	9878325
23	1	8	5	10	100164	2	100223	22	9880770	9880482
24	7	7	6	10	100204	15	100283	6	9885034	9885032
12	2	22	13	10	100120	19	100148	13	9876101	9876102
12	8	22	15	10	100180	10	100188	7	9881567	9881893
7	1	25	12	10	100220	20	100228	14	9885551	9885552
24	9	7	4	10	100264	3	100323	26	9890293	9890297
17	0	16	12	10	100264	11	100288	5	9890989	9890985
8	5	31	4	10	100120	19	100148	13	9876109	9876107
25	1	6	4	10	100204	5	100263	31	9884206	9884418
9	1	23	12	10	100260	20	100268	14	9888601	9888673
6	4	27	9	10	100560	11	100588	5	9919359	9919358
20	6	14	7	10	100524	7	100583	30	9915786	9915792
10	5	4	7	10	100380	23	100443	18	9901204	9901568
5	3	29	10	10	100500	12	100508	6	9912993	9912995
9	11	4	4	10	100520	23	100563	7	9914074	9913376
19	4	16	14	10	100544	4	100568	30	9918625	9918629
26	3	7	11	10	100544	5	100623	28	9918745	9918747
7	5	27	9	10	100440	3	100448	29	9905768	9905771
16	1	16	14	10	100384	26	100408	20	9901510	9901508
14	11	7	4	10	100480	9	100523	24	9909457	9908752
12	8	31	13	10	100600	19	100628	12	9923297	9923198
24	3	10	9	10	100424	11	100503	2	9906547	9906550
17	11	7	7	10	100524	10	100583	1	9916140	9916162
29	4	3	9	10	100544	23	100603	14	9917376	9917373
1	5	31	7	10	100520	0	100528	26	9915116	9915117
19	6	16	13	10	100464	20	100488	14	9910688	9910684
19	6	12	5	10	100524	12	100603	3	9916336	9916331
17	10	8	2	10	100544	7	100623	27	9918972	9918652
18	12	15	1	10	100584	14	100663	5	9922810	9922811
24	1	26	12	10	100524	19	100548	13	9917021	9917016
14	13	18	12	10	100420	23	100428	18	9904599	9904665
0	15	31	6	10	100540	11	100548	5	9916258	9916228
15	3	18	11	10	100620	0	100628	26	9924472	9924473
26	3	4	9	10	100524	0	100583	23	9915134	9915137
19	6	14	7	10	100564	15	100623	6	9919793	9919801
20	6	12	5	10	100504	23	100583	14	9914121	9914114
3	6	30	12	10	100420	15	100428	6	9903717	9903356
15	3	18	12	10	100600	0	100608	26	9921428	9921427
8	4	23	9	10	100480	14	100488	8	9909960	9909964
18	12	15	1	10	100484	1	100543	24	9911870	9911860
9	1	22	12	10	100380	19	100388	13	9900855	9900856
21	9	13	5	10	100604	3	100683	26	9924811	9924815
14	0	19	15	10	100460	28	100468	22	9908347	9908346
29	11	1	2	10	100424	29	100483	20	9905228	9905229
30	11	2	6	10	100504	31	100583	22	9915052	9915059
6	4	28	9	10	100460	23	100468	17	9907803	9907802
18	7	15	6	10	100504	16	100563	7	9913422	9913418
3	0	31	14	10	100420	13	100428	7	9903451	9903452
5	15	7	13	10	100700	17	100763	2	9932642	9931897
3	9	31	3	10	100840	23	100848	17	9946016	9946002
28	8	2	5	10	100644	27	100703	18	9927014	9927015
19	12	14	2	10	100744	28	100803	19	9936783	9936787
25	5	6	9	10	100744	12	100823	3	9938553	9938552
0	5	29	9	10	100760	13	100768	7	9938672	9938657
14	1	18	12	10	100760	16	100768	10	9939011	9938997
23	10	9	4	10	100804	6	100883	29	9944385	9944386
13	2	21	11	10	100680	18	100688	12	9929623	9929624
25	2	7	11	10	100804	1	100863	24	9943857	9943855
11	1	22	13	10	100700	17	100708	11	9932647	9932643
25	1	10	11	10	100724	26	100803	17	9936638	9936636
12	12	23	14	10	100660	12	100668	6	9928989	9928969
11	1	22	13	10	100780	26	100788	20	9939961	9939960
27	9	22	13	10	100664	23	100688	17	9930160	9930152
19	6	14	7	10	100684	3	100743	26	9931287	9931300
25	10	11	4	10	100684	4	100743	27	9931399	9931394
7	9	4	3	10	100740	28	100803	13	9936821	9936277
5	7	29	6	10	100840	2	100868	28	9947070	9947072
27	4	8	8	10	100684	14	100763	5	9932373	9932389
21	9	16	10	10	100784	8	100808	12	9941405	9942358
18	7	15	6	10	100824	21	100883	12	9945795	9945788
12	12	17	9	10	100700	18	100708	11	9932762	9932658
19	6	8	5	10	100764	27	100843	18	9940035	9940039
7	2	25	11	10	100640	26	100668	20	9926895	9926888
22	3	12	9	10	100704	26	100763	17	9933525	9933527
31	3	0	11	10	100764	17	100823	8	9939086	9939091
31	3	6	9	10	100824	22	100883	13	9945930	9945932
11	0	23	15	10	100720	0	100728	26	9934088	9934083
18	4	15	15	10	100684	18	100763	9	9932760	9932759
1	8	16	9	10	100740	13	100748	12	9935436	9935875
23	1	7	13	10	100624	14	100683	5	9925856	9925861
23	2	11	9	10	100804	7	100883	30	9944584	9944592
11	0	22	14	10	100640	22	100648	16	9926616	9926613
23	8	8	5	10	100724	13	100783	4	9935439	9935434
16	2	17	13	10	100864	23	100888	17	9948993	9948991
15	11	17	13	10	100820	9	100828	3	9944717	9944712
31	10	3	1	10	100864	22	100923	13	9948918	9948925
8	5	26	8	10	100660	30	100668	24	9927314	9927336
5	1	27	12	10	100860	21	100868	15	9948823	9948822
24	9	10	4	10	100624	20	100703	11	9926480	9926488
18	4	16	8	10	100844	12	100868	6	9948070	9948073
7	5	29	9	10	100660	1	100668	27	9927752	9927733
28	8	4	4	10	100684	8	100743	31	9931735	9931747
27	13	24	1	10	100784	11	100808	7	9941699	9941916
25	9	9	4	10	100844	1	100903	24	9946998	9947040
14	11	11	0	10	100800	25	100863	16	9943036	9942998
7	5	27	9	10	100940	5	100948	31	9956778	9956775
7	10	26	5	10	101000	19	101008	22	9961531	9962502
6	4	26	9	10	101120	19	101128	13	9974484	9974472
13	0	22	14	10	100940	25	100948	19	9955638	9955626
14	0	29	12	10	101100	23	101088	8	9971712	9970766
29	0	2	14	10	101044	25	101123	17	9968443	9968457
29	6	30	3	10	101064	2	101088	3	9969389	9970252
14	11	9	6	10	100980	11	101043	12	9960717	9961649
7	5	24	8	10	101100	26	101108	20	9971975	9971982
19	12	14	2	10	100904	3	100963	26	9953366	9953360
17	14	7	4	10	101064	28	101123	23	9968817	9969169
29	4	0	10	10	101064	4	101123	28	9969597	9969613
5	5	31	15	10	100980	3	100988	29	9959912	9959907
19	7	13	6	10	100904	10	100983	1	9954160	9954154
27	4	5	9	10	101064	7	101143	31	9970073	9970071
25	5	9	7	10	101104	20	101183	12	9974592	9974587
28	8	2	5	10	100884	25	100963	16	9952189	9952182
24	7	10	6	10	101084	18	101143	10	9971250	9971259
8	4	26	11	10	100940	0	100948	26	9956310	9956332
6	4	28	10	10	101120	14	101128	8	9973993	9973953
27	13	19	14	10	100884	8	100888	29	9950648	9950181
7	5	29	9	10	101000	22	101008	16	9961945	9961948
27	4	4	8	10	101024	31	101103	23	9965921	9965932
20	3	7	5	10	101044	8	101103	0	9966743	9966747
29	3	2	9	10	101064	11	101143	3	9970462	9970457
5	7	29	7	10	101060	16	101068	10	9967523	9967525
3	9	30	4	10	101100	24	101108	18	9971846	9971840
11	0	23	15	10	100980	8	100988	2	9960512	9960519
25	9	11	0	10	100884	15	100943	7	9951259	9951365
25	5	8	0	10	101044	25	101123	17	9968505	9968491
3	12	30	0	10	101080	4	101088	30	9969707	9969688
18	7	14	7	10	100884	17	100943	8	9951452	9951446
16	2	2	9	10	100944	22	101023	13	9958639	9958646
18	7	9	7	10	101104	15	101183	7	9974069	9974063
6	2	28	9	10	100920	8	100928	2	9953892	9953894
23	12	8	1	10	100984	31	101063	23	9962855	9962839
0	2	29	10	10	101020	15	101028	9	9964443	9964437
31	5	2	8	10	101044	24	101123	16	9968372	9968368
10	4	22	9	10	100960	17	100968	11	9958153	9958166
14	1	19	13	10	101120	14	101128	8	9973907	9973926
11	1	21	11	10	101160	19	101168	13	9977686	9977688
5	3	31	11	10	101140	1	101148	27	9976026	9975999
3	9	31	2	10	101300	28	101308	22	9991719	9991714
25	9	9	5	10	101264	4	101323	28	9989176	9989189
1	8	30	5	10	101160	3	101188	29	9979556	9979537
6	2	27	11	10	101160	21	101168	15	9977905	9977898
0	6	25	4	10	101240	18	101248	7	9987509	9986962
7	1	25	13	10	101360	11	101388	5	9999167	9999165
19	7	13	7	10	101324	14	101403	6	9996404	9996410
7	5	25	8	10	101220	13	101228	7	9983551	9983546
10	13	7	5	10	101280	11	101343	6	9989953	9990184
19	7	15	6	10	101164	0	101223	24	9979221	9979219
31	10	0	4	10	101304	14	101363	6	9993449	9993452
3	12	25	3	10	101340	9	101348	3	9995985	9995986
24	1	11	12	10	101224	14	101303	15	9987088	9988037
6	4	28	10	10	101280	15	101288	9	9990298	9990297
8	2	27	12	10	101260	6	101288	0	9989375	9989374
5	5	10	4	10	101340	9	101383	1	9995992	9995990
19	5	3	13	10	101124	11	101203	30	9977009	9976528
13	2	20	11	10	101200	29	101208	23	9982212	9982217
9	1	25	12	10	101300	30	101308	24	9991950	9991956
29	11	2	1	10	101144	31	101223	23	9979141	9979149
12	12	25	4	10	101140	6	101148	0	9976544	9976547
25	5	6	9	10	101144	31	101223	23	9979152	9979153
28	8	2	9	10	101184	24	101243	15	9981747	9981664
13	2	21	12	10	101180	20	101188	14	9981319	9981324
29	3	7	10	10	101164	18	101243	10	9981125	9981124
19	6	14	7	10	101224	30	101283	22	9985372	9985406
29	3	4	9	10	101324	8	101383	0	9995947	9995938
13	9	9	7	10	101260	20	101303	12	9987716	9987736
8	5	27	9	10	101280	10	101288	4	9989925	9989896
24	5	2	6	10	101344	30	101403	14	9997991	9997276
14	9	15	1	10	101140	2	101203	1	9976214	9976852
8	2	26	12	10	101300	30	101308	24	9991959	9991969
26	5	4	9	10	101244	22	101303	14	9988006	9988005
0	10	31	3	10	101280	13	101288	7	9990071	9990072
5	14	22	10	10	101280	23	101288	17	9991120	9991122
12	2	19	9	10	101320	31	101328	25	9995014	9995029
17	11	6	8	10	101144	18	101203	8	9977548	9977369
8	2	26	11	10	101420	5	101428	31	10004991	10004988
12	2	21	10	10	101620	3	101628	29	10022503	10022477
15	11	12	4	10	101560	0	101603	24	10015761	10015758
25	12	8	1	10	101424	12	101483	4	10005781	10005780
17	14	20	13	10	101564	31	101588	19	10018949	10018325
23	3	8	10	10	101404	17	101463	9	10003007	10003002
6	4	6	8	10	101580	21	101623	16	10017907	10018225
19	7	14	7	10	101404	29	101483	21	10004314	10004315
24	7	8	0	10	101584	12	101643	4	10020182	10020186
25	15	27	12	10	101604	29	101628	29	10021918	10022482
10	4	21	8	10	101460	13	101468	7	10008152	10008154
29	6	2	7	10	101464	29	101543	21	10009709	10009716
8	13	25	1	10	101620	30	101628	24	10022011	10022012
17	14	15	1	10	101464	19	101523	11	10008801	10008804
25	12	8	2	10	101564	21	101623	13	10017919	10017917
26	5	9	7	10	101384	5	101443	29	10001770	10001772
0	7	28	7	10	101440	11	101448	5	10005719	10005727
9	11	8	8	10	101560	18	101623	10	10017585	10017596
17	0	16	15	10	101464	23	101488	17	10009236	10009209
25	5	8	8	10	101564	25	101623	10	10018357	10017596
24	7	6	7	10	101564	26	101643	18	10018458	10018478
24	7	8	6	10	101604	8	101683	0	10022900	10022880
4	6	31	6	10	101460	11	101468	5	10007955	10007954
6	4	21	12	10	101540	19	101548	13	10014663	10014665
8	6	21	6	10	101600	15	101608	3	10020559	10019911
19	6	14	7	10	101504	21	101563	13	10011869	10011863
25	5	4	7	10	101524	9	101583	1	10013670	10013689
4	6	30	4	10	101420	23	101428	16	10003648	10003549
26	5	5	8	10	101464	19	101523	11	10008823	10008829
8	13	19	15	10	101580	29	101588	17	10018797	10018191
7	5	25	8	10	101600	8	101608	2	10019845	10019846
12	2	21	11	10	101620	29	101628	23	10021967	10021960
24	15	13	1	10	101484	6	101543	30	10010578	10010576
4	11	25	4	10	101480	30	101488	24	10009824	10009827
23	10	9	3	10	101464	24	101543	16	10009357	10009352
29	0	2	5	10	101524	20	101583	4	10014794	10013955
25	11	8	1	10	101624	16	101683	8	10023728	10023739
8	13	5	2	10	101600	12	101663	7	10020229	10020615
28	3	6	9	10	101464	29	101543	21	10009744	10009748
17	14	11	0	10	101504	4	101583	28	10013303	10013305
31	14	12	3	10	101384	13	101463	13	10002658	10003448
17	12	15	1	10	101584	7	101643	31	10019796	10019798
13	12	22	10	10	101380	27	101388	21	10000819	10000840
6	2	26	11	10	101560	9	101568	3	10016545	10016514
25	9	7	3	10	101424	26	101503	18	10006213	10006195
29	4	2	9	10	101604	26	101663	18	10021544	10021545
0	15	30	6	10	101860	18	101868	12	10044943	10044924
27	13	6	1	10	101644	8	101703	0	10025853	10025849
1	2	29	13	10	101680	31	101688	25	10028062	10028055
3	8	31	6	10	101740	29	101748	23	10033544	10033545
29	9	3	5	10	101784	31	101863	23	10039979	10039993
7	1	23	11	10	101780	9	101788	3	10037945	10037953
12	8	5	8	10	101840	8	101903	1	10043923	10044084
21	6	13	7	10	101724	3	101783	27	10034102	10034096
8	2	25	11	10	101800	2	101828	28	10040271	10040280
19	5	22	12	10	101664	22	101668	10	10027291	10026662
19	12	14	2	10	101864	8	101943	0	10047230	10047240
6	4	28	9	10	101640	1	101648	27	10025195	10025203
28	8	16	13	10	101644	5	101668	31	10025591	10025592
25	10	9	4	10	101664	30	101743	22	10028004	10027998
6	4	31	7	10	101660	23	101688	17	10027379	10027376
21	1	20	1	10	101644	10	101668	11	10026082	10026790
27	4	1	11	10	101784	17	101843	9	10038711	10038713
1	10	2	12	10	101660	13	101723	3	10026397	10026191
2	8	30	5	10	101760	17	101768	11	10035468	10035469
29	3	1	11	10	101804	0	101863	24	10040129	10040115
24	3	4	9	10	101684	17	101743	1	10029804	10029129
17	14	18	11	10	101704	5	101708	21	10031504	10030585
23	11	12	3	10	101644	11	101723	3	10026209	10026204
17	14	15	1	10	101784	13	101843	5	10038333	10038328
13	0	19	10	10	101700	19	101708	13	10029955	10029957
24	5	6	8	10	101784	12	101843	4	10038242	10038250
1	11	29	1	10	101820	9	101828	3	10041061	10041070
8	2	27	12	10	101660	18	101668	12	10026922	10026920
29	12	6	1	10	101644	17	101723	9	10026852	10026807
29	9	9	6	10	101664	27	101723	19	10027814	10027811
25	5	5	9	10	101864	7	101943	31	10047156	10047166
1	10	31	4	10	101640	30	101648	24	10025012	10025015
8	12	25	0	10	101860	14	101868	8	10044606	10044626
10	13	17	9	10	101760	16	101768	19	10035362	10036176
4	12	30	2	10	102080	17	102088	11	10067181	10067188
20	6	13	8	10	102120	7	102183	31	10072497	10072480
7	5	27	9	10	101940	4	101948	30	10053436	10053433
7	3	23	12	10	102080	8	102068	24	10066109	10065246
23	2	25	1	10	102120	6	102148	0	10072379	10072375
2	8	16	12	10	101920	22	101928	11	10052123	10051556
13	1	19	10	10	101980	22	102008	16	10058176	10058182
29	12	6	1	10	102000	10	102063	2	10060239	10060233
30	13	1	0	10	102140	22	102183	14	10073603	10073612
13	1	20	13	10	101920	20	101928	14	10051974	10051966
13	2	9	9	10	102140	23	102223	24	10073700	10074625
4	13	31	0	10	101940	6	101948	0	10053655	10053644
8	14	22	11	10	101960	22	101968	16	10054981	10055001
23	1	7	6	10	101964	0	102023	26	10056032	10056289
19	5	14	7	10	101964	7	102043	6	10056892	10057506
1	4	29	7	10	101900	6	101928	0	10050569	10050554
23	8	7	4	10	102000	11	102063	3	10060339	10060341
24	3	7	10	10	102040	27	102123	19	10064965	10064961
13	11	26	8	10	102080	14	102088	12	10066897	10067298
29	4	7	10	10	101944	25	102023	17	10055409	10055393
4	12	30	0	10	101920	8	101928	2	10050783	10050780
21	9	13	5	10	102020	11	102103	3	10063492	10063498
10	5	24	8	10	102060	26	102068	20	10064893	10064898
12	2	22	13	10	102120	1	102128	27	10071918	10071903
13	0	19	12	10	102080	13	102088	7	10066811	10066816
8	4	26	8	10	102100	12	102108	6	10069958	10069966
5	1	11	4	10	102140	13	102183	25	10072783	10071912
12	2	21	12	10	102020	19	102028	13	10061195	10061204
22	13	16	14	10	102060	0	102088	0	10065494	10066005
9	3	25	11	10	102000	5	102008	31	10059749	10059754
1	11	12	4	10	102040	10	102083	23	10063382	10062396
7	5	22	10	10	102060	23	102068	17	10064616	10064635
19	12	14	2	10	101984	25	102043	17	10058453	10058459
23	3	25	1	10	102120	31	102128	25	10071750	10071747
9	9	25	3	10	101920	20	101928	14	10051931	10051894
20	9	27	15	10	102020	4	102048	25	10062772	10062311
21	9	15	1	10	102260	26	102323	10	10086583	10085686
13	11	1	13	10	102200	19	102263	11	10079966	10079954
17	12	20	12	10	102320	21	102348	15	10092474	10092482
3	12	25	3	10	102240	11	102248	5	10082266	10082237
24	7	9	6	10	102360	16	102423	8	10095145	10095125
5	1	26	10	10	102200	11	102208	5	10079037	10079050
14	1	19	12	10	102300	5	102308	31	10087661	10087659
17	0	16	13	10	102200	26	102228	20	10080538	10080548
29	11	5	3	10	102320	22	102403	14	10092574	10092579
8	2	25	11	10	102160	10	102188	4	10075755	10075759
12	2	3	11	10	102280	24	102343	23	10086351	10087095
24	3	7	11	10	102180	4	102243	28	10078345	10078347
7	5	26	9	10	102260	5	102268	31	10084641	10084635
26	5	6	8	10	102160	22	102243	14	10076952	10076962
18	7	15	6	10	102380	1	102443	25	10096823	10096825
4	13	30	0	10	102280	23	102288	17	10086219	10086212
3	13	30	0	10	102400	13	102408	7	10098129	10098114
26	3	4	12	10	102200	26	102283	18	10080563	10080562
25	5	6	8	10	102320	13	102383	5	10091834	10091835
14	6	18	8	10	102300	6	102308	0	10087788	10087787
7	1	27	12	10	102360	18	102388	12	10095380	10095365
8	13	1	11	10	102400	23	102463	12	10099054	10098797
24	5	6	8	10	102400	24	102463	16	10099144	10099148
2	0	30	13	10	102260	28	102268	22	10083964	10083960
18	6	14	7	10	102380	14	102463	6	10098269	10098250
7	5	31	9	10	102200	15	102208	9	10079544	10079532
1	11	14	13	10	102200	18	102263	5	10079892	10079305
26	5	2	9	10	102160	18	102243	10	10076673	10076637
24	2	13	6	10	102220	19	102303	16	10082960	10083450
19	5	27	3	10	102240	0	102268	5	10084275	10085147
25	5	5	9	10	102340	29	102403	21	10093283	10093289
29	11	4	3	10	102220	6	102283	30	10081756	10081757
18	12	14	2	10	102380	2	102443	26	10096953	10096947
21	6	12	4	10	102260	9	102323	1	10085013	10085015
26	11	8	2	10	102360	20	102423	12	10095638	10095640
7	5	30	2	10	102160	11	102188	5	10075843	10075819
1	11	29	3	10	102200	14	102208	8	10079316	10079312
7	5	31	15	10	102220	29	102228	23	10080832	10080853
