320	941
321	922
370	935
372	938
333	906
326	912
348	912
352	911
330	917
361	927
325	958
382	922
349	916
354	950
352	897
341	913
374	931
356	947
352	947
363	902
375	931
336	915
337	935
345	909
368	935
324	922
374	931
344	904
346	903
336	913
334	919
359	948
356	955
341	939
334	957
340	956
334	919
369	924
342	914
355	947
325	927
334	924
327	922
330	923
371	922
334	956
356	903
335	907
329	899
321	950
356	958
378	906
383	926
320	922
332	917
345	909
327	922
360	944
337	915
358	932
355	916
343	909
327	948
352	945
327	900
327	904
326	898
369	914
330	930
334	929
332	941
342	934
332	921
329	911
370	930
342	903
340	920
346	922
343	896
351	896
343	918
330	958
334	918
369	920
369	916
367	916
375	929
379	931
379	931
349	909
326	942
340	911
323	950
346	930
347	925
354	936
329	950
352	945
365	943
361	914
376	900
357	954
351	922
332	923
342	910
354	945
357	951
334	920
352	945
352	913
336	924
359	945
333	919
368	935
356	908
355	910
370	941
348	913
343	941
370	928
373	938
356	943
330	917
373	930
336	919
321	955
351	902
344	905
332	917
367	932
343	945
330	897
368	935
366	945
352	916
359	916
349	910
365	937
362	939
338	919
368	939
356	952
357	918
378	897
353	937
330	919
363	918
373	918
360	954
352	954
375	896
380	959
358	950
369	918
367	937
369	907
359	916
351	905
334	918
331	927
375	931
373	943
376	902
373	928
346	902
343	902
338	909
350	897
369	918
334	920
370	935
383	909
327	947
373	940
348	905
346	901
326	946
379	956
354	912
353	906
349	906
362	915
368	941
366	935
333	922
349	917
334	928
356	910
375	918
363	920
350	903
350	904
349	912
343	911
359	924
347	937
354	945
341	924
380	919
340	934
338	917
334	920
373	930
324	922
335	909
353	897
338	916
336	932
333	933
380	922
331	905
359	920
332	942
370	948
368	937
376	918
352	938
336	911
370	937
372	935
360	955
349	912
361	913
369	956
374	909
350	933
352	931
337	913
321	903
332	927
340	915
340	920
344	912
329	922
327	922
336	917
334	923
349	910
353	959
356	959
357	955
358	898
326	922
356	906
352	957
334	920
381	937
382	919
369	916
334	937
335	925
337	898
344	914
338	915
330	920
327	906
343	909
376	933
356	943
322	902
352	949
372	932
364	936
340	929
369	920
335	907
368	920
335	913
330	919
371	916
357	943
335	913
334	914
364	939
336	914
374	928
341	913
349	903
369	918
340	914
348	933
335	940
340	942
343	924
351	916
334	921
334	919
341	919
368	941
366	943
363	916
346	900
323	918
364	941
358	922
353	906
358	898
350	946
368	911
370	937
322	909
373	928
377	936
341	913
368	942
370	938
365	916
346	951
361	905
342	912
379	926
378	953
333	923
348	938
381	897
353	925
353	945
363	909
359	916
380	932
327	915
352	924
330	915
353	947
333	949
382	934
377	937
376	942
373	938
373	926
339	907
333	937
365	928
368	935
321	923
363	916
341	916
351	903
376	935
368	935
370	935
376	940
326	952
332	959
355	958
375	929
368	935
370	948
370	919
352	945
358	941
377	945
324	946
323	950
331	897
342	910
362	909
329	896
353	943
343	907
372	940
357	902
376	937
323	910
324	908
334	927
342	909
368	944
337	913
374	928
369	904
353	898
333	904
363	911
340	927
335	947
365	916
344	916
360	943
370	942
368	942
324	922
326	902
373	932
332	936
332	918
374	932
379	926
350	927
342	912
330	919
325	947
364	952
337	913
345	903
343	903
374	900
340	917
333	921
332	917
369	935
321	926
368	944
375	944
379	947
336	922
333	921
344	903
358	900
343	905
354	947
350	951
353	952
359	939
368	943
343	940
365	925
345	934
359	941
368	935
325	913
327	918
337	939
335	928
355	932
357	936
376	927
323	907
364	940
358	912
373	935
338	917
381	926
356	935
371	924
365	950
369	917
367	935
338	956
357	951
360	947
335	926
376	897
369	917
382	926
360	952
335	915
334	921
358	927
373	930
356	943
382	907
325	922
337	923
374	910
350	908
381	926
323	922
345	903
344	955
355	924
344	899
376	942
352	945
353	896
382	956
344	932
352	899
358	938
342	898
331	919
353	949
355	943
326	922
368	947
328	919
352	945
359	941
322	913
362	946
352	910
338	902
340	916
320	917
358	933
376	925
379	930
357	947
357	951
373	909
326	923
360	904
363	916
331	932
363	924
325	922
352	922
352	939
345	905
344	909
381	925
375	926
329	913
332	919
366	935
371	941
320	936
353	908
343	906
349	912
352	912
369	916
352	943
356	952
373	925
353	958
327	948
360	939
332	904
321	899
382	927
325	906
364	902
329	922
382	923
320	924
322	927
382	924
327	918
335	917
336	917
320	958
326	921
361	914
370	938
356	947
368	897
333	956
348	903
334	909
368	935
357	953
357	949
329	936
360	939
336	917
327	927
322	944
354	912
343	905
334	917
349	909
362	945
349	928
349	925
324	936
363	937
329	918
353	908
324	943
373	940
347	905
363	929
373	897
372	916
373	939
345	952
352	924
368	935
334	918
369	920
371	903
364	921
338	955
363	931
339	908
358	902
347	924
335	915
363	913
353	959
371	954
374	928
326	928
329	938
349	914
331	916
321	927
349	907
363	937
331	909
363	937
349	917
368	916
353	943
355	949
364	945
376	931
342	912
362	902
334	919
327	925
327	943
330	949
326	943
380	915
383	904
366	936
336	917
336	919
371	925
371	926
355	920
332	919
361	916
331	913
358	952
333	923
342	914
324	919
332	921
340	939
343	911
365	920
369	930
379	929
380	920
338	905
370	935
343	932
357	908
356	951
357	946
329	925
373	921
372	915
359	916
335	922
370	938
344	903
360	938
352	932
356	945
347	905
343	912
369	917
337	936
380	942
362	896
344	911
342	900
326	922
350	905
376	932
342	909
370	948
352	917
357	945
325	938
375	905
341	897
359	906
364	943
334	913
372	909
322	931
338	911
348	951
349	944
327	920
369	937
363	941
356	946
331	950
338	954
368	937
353	927
326	932
344	912
324	920
325	919
325	917
320	950
352	945
360	939
340	930
375	931
360	920
348	909
325	952
320	929
320	924
343	911
326	922
371	925
337	898
356	908
348	927
327	927
332	917
343	911
344	911
336	924
369	937
331	925
341	954
343	905
365	945
353	943
327	937
323	925
346	905
358	943
333	919
359	939
362	941
368	946
370	929
361	918
333	913
368	941
326	946
353	922
355	919
355	945
329	956
336	920
335	913
343	900
359	907
341	907
321	898
324	917
326	922
337	913
373	935
365	916
357	956
343	908
330	939
349	906
342	916
373	928
376	944
321	924
369	949
356	940
380	953
365	954
382	939
347	906
372	897
337	927
336	918
338	918
334	918
347	905
334	919
326	930
352	912
353	947
332	924
327	922
330	923
327	935
381	906
373	936
370	935
334	939
369	912
356	939
354	939
341	898
369	939
367	926
332	927
332	927
369	918
371	930
326	956
359	945
352	941
363	914
364	943
337	954
361	897
331	943
334	919
354	929
352	931
376	928
379	929
372	926
370	922
338	942
331	906
329	931
349	907
353	897
355	959
358	958
354	914
383	926
368	928
364	941
334	937
341	913
337	957
337	953
335	914
324	919
363	920
383	924
356	936
357	932
332	949
353	906
320	938
351	910
344	907
344	913
353	908
375	922
343	907
368	935
363	954
327	915
327	919
374	928
360	949
358	943
320	927
383	926
382	904
323	922
330	902
364	938
365	910
326	922
338	943
327	941
354	958
342	896
333	904
345	918
378	934
345	938
334	919
342	916
344	913
329	953
327	930
374	904
338	940
353	906
340	911
368	941
322	923
367	914
341	912
370	926
376	929
341	913
380	943
376	931
348	955
363	910
327	914
349	914
363	916
348	903
352	936
374	933
378	956
327	917
330	909
352	898
332	957
380	934
376	931
359	909
352	947
355	945
371	948
326	926
358	900
336	958
363	918
321	927
336	919
320	943
365	935
334	916
369	918
359	916
368	920
359	916
373	925
356	951
354	956
354	912
371	944
332	930
344	909
359	916
334	914
358	920
358	943
348	917
343	911
334	929
369	930
370	938
373	932
343	907
323	922
363	914
365	943
381	920
366	944
382	926
327	928
353	908
366	944
357	952
354	906
348	902
353	898
355	943
381	930
362	956
350	908
350	908
354	914
352	910
346	945
334	917
369	920
360	948
324	919
342	942
378	915
357	935
376	930
375	926
354	943
359	945
325	956
336	922
334	921
376	930
350	908
324	938
326	935
352	908
357	916
379	940
365	916
331	937
344	917
327	956
358	943
369	939
367	930
363	935
359	939
370	935
360	922
358	921
363	918
343	905
329	958
336	903
345	924
354	944
334	920
324	923
326	923
333	956
356	901
353	908
347	951
343	905
376	934
332	902
340	925
338	911
376	918
334	927
369	927
364	944
368	946
331	929
329	922
327	923
343	902
369	928
379	956
359	939
368	945
362	916
332	922
338	923
331	948
345	907
370	930
366	941
341	912
355	938
354	948
359	906
359	930
363	924
362	927
345	947
343	913
358	943
368	938
333	950
326	953
327	915
323	922
363	918
375	909
370	937
322	954
327	955
371	916
370	938
323	922
327	921
324	922
365	935
347	907
376	931
355	958
325	916
370	918
339	947
348	945
342	935
339	910
332	935
359	939
359	916
370	932
365	936
327	902
376	931
375	928
340	909
333	912
363	921
340	939
356	913
331	922
324	903
356	955
358	950
344	913
327	920
353	906
336	938
327	954
382	916
375	909
341	897
343	907
326	932
327	933
330	951
359	935
363	912
336	925
377	899
361	945
372	917
324	921
359	922
342	917
322	924
345	912
355	910
380	913
322	913
337	951
345	903
381	905
321	925
329	897
329	922
327	907
375	952
352	922
354	904
328	916
373	930
324	922
325	953
326	957
323	908
365	937
368	935
380	932
375	930
347	905
324	922
326	923
346	907
348	900
369	937
356	943
359	916
373	937
359	939
330	941
364	943
363	905
353	910
355	947
335	915
337	911
370	938
327	922
357	910
358	943
358	943
356	908
363	916
364	944
337	931
356	945
334	920
342	906
372	932
370	936
344	907
339	912
354	932
356	947
375	958
329	916
338	947
345	914
363	945
322	954
360	943
327	919
330	919
380	916
329	904
373	930
329	955
368	944
363	910
342	914
335	956
334	909
339	948
337	934
363	901
380	899
367	900
340	916
357	957
343	913
342	909
346	931
368	905
331	914
369	927
344	919
377	938
320	943
383	943
353	955
366	944
320	923
333	922
341	922
359	943
322	926
382	911
352	922
334	917
361	910
372	935
355	910
344	902
339	920
329	916
352	910
377	931
363	939
376	937
344	948
352	945
335	915
358	941
355	910
353	897
354	945
352	916
329	955
327	959
382	905
345	915
328	899
382	952
342	896
370	941
340	919
332	897
374	934
340	916
334	920
320	913
373	925
326	952
356	943
357	949
360	947
326	922
360	939
325	919
366	928
368	937
343	909
326	897
326	922
347	907
382	934
335	915
380	913
376	930
373	931
356	949
352	945
368	937
328	922
335	915
334	920
376	943
374	945
343	945
351	916
350	905
324	931
354	952
358	954
353	955
352	916
357	927
356	910
376	926
373	902
357	951
322	933
364	903
368	913
347	920
368	941
340	920
371	906
336	908
359	918
338	905
380	928
349	905
357	930
371	918
332	956
352	900
372	935
372	952
365	937
370	937
321	924
336	899
321	923
353	958
379	898
382	937
383	914
320	925
368	944
364	946
328	919
359	935
328	922
362	945
334	924
321	924
353	951
355	922
337	954
343	908
340	914
360	947
358	959
364	896
363	910
349	899
379	931
340	920
330	925
334	919
326	908
359	931
350	922
352	947
330	936
320	926
369	938
332	919
364	939
326	935
368	944
366	943
371	902
373	903
344	897
328	922
355	947
335	917
333	915
336	919
323	922
376	950
334	918
373	935
369	913
353	945
355	947
336	916
331	939
329	921
334	919
333	900
377	957
368	937
336	922
324	908
337	919
356	959
359	929
357	951
363	937
323	922
368	903
358	959
353	908
331	922
344	956
352	910
354	921
343	933
337	934
338	948
368	928
370	936
382	924
381	902
334	931
372	924
355	934
359	936
343	943
380	912
334	927
333	920
365	937
334	900
360	903
375	930
349	927
336	907
354	903
354	906
370	931
375	930
357	952
340	917
356	955
378	931
365	937
320	954
371	935
327	919
368	958
360	945
371	939
369	918
367	935
379	937
348	900
368	940
344	897
383	926
356	958
344	933
363	916
367	914
349	910
344	953
341	942
380	924
365	956
338	925
337	919
347	908
373	918
347	905
323	939
339	946
348	902
338	903
361	916
338	919
352	910
327	908
375	929
380	935
380	928
352	906
369	951
346	952
364	908
344	922
350	923
363	914
352	914
371	927
342	911
357	943
370	947
376	932
331	909
353	947
352	947
345	929
336	897
354	910
366	935
368	939
344	941
363	955
365	954
348	946
326	949
327	938
340	915
382	919
343	899
349	927
328	950
334	918
369	920
371	927
364	944
350	953
324	922
342	903
327	931
376	931
329	907
322	924
366	957
368	901
345	913
381	907
366	921
326	943
343	922
326	955
325	959
339	907
334	918
369	920
353	910
363	937
353	906
375	929
329	908
353	898
370	953
382	927
352	947
342	952
350	906
348	900
340	920
356	912
373	925
383	947
363	907
359	916
362	940
327	921
364	941
372	932
325	928
320	944
376	925
374	932
361	916
379	935
345	942
369	930
356	918
350	906
345	930
360	945
353	901
367	920
346	905
362	910
341	896
321	924
331	907
327	913
354	911
344	909
326	943
379	930
342	954
331	956
328	902
331	928
322	957
337	913
341	913
358	908
362	918
364	942
329	954
334	955
334	920
371	924
346	905
338	915
353	911
321	953
327	950
376	928
328	919
370	935
343	906
372	908
367	903
376	899
327	902
368	900
359	941
375	942
341	909
376	937
339	919
354	905
359	903
328	923
320	924
368	932
370	936
356	947
349	910
370	937
377	928
361	910
323	922
328	952
338	917
339	915
356	943
374	930
376	929
327	922
330	921
329	909
370	936
372	896
344	905
349	927
374	928
376	936
334	918
369	925
364	941
327	917
368	940
335	900
338	899
342	897
322	924
370	901
337	943
337	913
350	942
334	930
369	918
326	948
337	913
353	903
321	922
340	904
357	941
326	915
370	931
320	905
334	915
357	903
341	907
368	928
363	925
345	911
347	918
358	909
355	910
349	912
341	907
377	931
349	909
350	945
324	922
359	935
368	941
362	939
371	958
373	897
365	896
329	942
353	937
348	901
327	915
326	937
343	903
321	927
332	917
322	945
320	900
377	933
350	955
377	913
339	952
376	930
337	914
358	945
349	910
323	911
339	922
338	921
374	937
350	903
341	939
376	936
372	956
336	903
325	930
379	907
380	913
353	905
361	902
334	925
321	930
339	954
322	922
355	941
357	908
364	898
358	937
345	944
361	910
362	939
362	958
371	897
320	904
334	927
343	905
362	943
364	940
332	955
378	948
369	908
365	904
321	931
338	917
330	927
343	906
346	928
383	951
320	947
339	952
341	913
360	907
372	914
380	930
366	941
324	924
346	902
363	918
342	912
324	922
368	944
376	909
363	942
372	935
363	916
342	916
370	930
370	931
357	945
359	958
358	946
332	922
375	931
336	938
328	925
321	959
382	910
382	946
349	922
327	921
371	902
363	939
371	925
375	931
380	929
379	932
359	952
355	947
357	953
348	920
368	938
366	940
362	943
347	906
341	938
327	913
355	948
347	903
374	928
332	924
363	920
376	923
320	907
372	927
370	930
339	947
359	924
358	943
366	918
363	915
348	897
369	945
334	925
369	955
343	936
376	932
374	936
328	946
343	916
373	918
363	916
361	916
364	942
359	940
349	911
332	920
370	935
342	911
348	932
350	933
325	922
345	917
339	926
353	908
376	958
374	951
337	929
378	929
354	919
383	907
320	920
375	959
340	914
357	949
340	920
362	919
335	913
342	907
362	945
320	926
347	907
346	953
364	937
360	910
357	948
322	899
382	904
375	903
334	909
349	955
352	947
369	927
360	929
342	946
364	942
339	909
371	925
379	931
374	928
337	956
331	957
331	915
359	945
373	925
337	952
335	953
369	950
367	939
325	922
376	928
359	939
379	929
336	917
363	939
364	945
364	952
359	916
326	938
352	908
375	926
354	906
368	941
364	941
366	941
340	900
348	903
348	907
368	930
349	905
329	956
360	946
364	934
369	932
367	933
334	909
326	930
353	924
320	928
332	959
369	951
371	957
359	938
359	952
346	909
348	903
373	920
371	913
382	907
358	930
382	896
370	931
324	922
345	903
344	911
338	917
334	918
333	922
337	950
325	951
373	925
364	941
350	930
322	922
377	931
364	947
380	898
354	928
326	958
336	937
337	937
338	911
383	950
357	941
349	906
336	917
375	930
355	955
320	922
362	943
365	945
359	916
336	920
329	929
347	914
340	911
336	956
326	958
347	945
329	959
327	917
371	951
357	907
364	943
329	919
380	931
374	928
371	906
376	935
350	912
349	914
340	911
340	916
332	901
359	950
359	953
333	911
334	913
376	938
356	955
334	914
354	924
344	920
320	927
380	924
375	899
347	907
348	905
363	939
344	937
329	912
327	906
371	947
334	920
354	912
334	919
343	927
368	959
370	938
351	903
377	930
371	927
334	927
340	911
369	924
381	913
363	916
369	937
368	924
360	945
342	898
339	920
353	917
382	924
335	906
377	935
368	938
380	931
344	909
320	929
326	921
381	928
324	957
368	947
342	916
364	929
352	910
353	924
355	923
365	910
327	919
374	932
377	948
352	929
348	904
370	944
363	914
364	941
380	932
325	937
347	913
368	935
370	935
370	934
362	951
377	932
354	908
335	915
369	916
333	939
356	910
382	913
375	931
366	937
338	911
341	909
370	945
349	912
320	923
350	906
326	948
334	918
369	926
330	903
348	920
326	923
356	951
373	949
331	918
341	927
352	947
380	956
345	955
372	930
371	937
341	959
371	924
336	922
344	911
344	905
363	916
343	922
339	923
351	908
353	948
376	951
337	903
368	942
357	930
342	937
323	922
350	906
363	919
353	912
321	922
364	946
328	927
356	951
352	945
336	917
363	918
359	916
380	939
363	956
324	932
327	933
327	925
348	949
360	943
350	896
376	936
350	902
377	932
350	954
369	916
336	931
322	924
347	937
374	931
342	947
381	954
365	937
363	948
353	908
355	906
333	919
336	925
358	900
376	930
352	914
378	946
324	916
359	943
359	924
359	949
362	945
373	930
326	922
326	923
334	935
369	937
326	923
376	929
373	929
368	934
366	938
368	909
363	920
372	932
332	927
339	916
373	918
332	924
364	930
382	924
347	915
359	938
350	898
364	920
341	932
344	936
372	956
381	907
345	909
364	942
353	947
355	947
352	945
356	900
345	907
320	918
382	929
335	919
335	911
338	909
361	912
377	927
324	951
326	952
365	918
359	908
377	929
335	946
337	943
323	910
355	959
363	902
334	947
373	922
326	941
359	942
346	905
353	912
373	937
375	905
373	956
332	925
369	950
329	918
330	919
360	941
358	920
342	904
360	947
359	899
334	920
370	935
353	959
352	910
368	939
354	918
347	952
345	898
363	920
334	944
334	918
340	940
368	936
324	920
373	934
373	926
332	951
376	937
325	919
343	934
343	906
349	916
333	927
370	920
374	908
321	924
333	915
327	936
376	926
334	953
366	934
334	927
369	914
350	927
348	930
332	933
336	920
377	932
356	952
357	952
378	917
380	921
320	917
342	947
376	920
320	897
336	920
373	926
368	935
370	934
346	905
321	898
360	944
341	909
352	908
373	959
358	949
350	943
370	901
344	949
356	952
357	952
350	904
343	915
369	918
334	920
337	906
326	898
351	952
369	948
340	914
334	918
369	957
334	959
341	942
356	951
334	951
324	922
369	926
381	938
323	924
352	924
359	923
332	938
326	905
353	930
332	912
340	937
370	928
339	950
377	903
375	929
363	913
356	947
322	944
320	924
353	922
334	916
346	959
383	940
334	936
325	904
375	903
339	955
339	946
339	950
339	952
327	946
349	912
338	917
360	945
347	945
380	945
380	904
340	932
349	939
349	958
368	941
363	918
337	928
345	907
343	911
371	937
363	959
343	903
351	913
381	922
321	922
335	911
337	911
380	956
341	913
382	917
344	920
363	920
368	937
341	911
359	900
361	945
365	916
368	935
376	937
351	926
363	945
368	935
356	955
357	956
356	935
331	954
373	925
348	914
368	936
366	944
327	917
362	939
368	932
363	934
346	930
365	918
368	952
366	950
341	911
329	911
342	911
356	959
325	942
349	909
329	922
368	932
376	936
339	907
375	946
335	956
356	949
341	907
338	917
338	911
344	933
338	917
346	911
321	922
368	923
367	938
330	944
341	912
379	918
342	906
353	908
366	938
376	932
357	928
369	939
376	932
374	936
381	896
347	905
364	944
346	920
350	936
359	939
376	928
381	899
345	917
370	898
372	906
339	937
361	939
342	928
358	935
327	915
373	922
345	945
359	910
374	932
380	936
333	917
372	937
343	904
351	959
334	918
380	932
380	929
321	929
338	914
368	944
342	935
340	944
352	943
360	941
344	909
367	936
329	928
336	913
340	920
330	912
361	948
354	942
350	943
341	913
356	947
365	926
359	941
364	920
333	915
353	936
373	937
334	925
348	912
353	904
339	943
350	898
354	939
359	944
348	904
346	936
328	939
361	914
379	932
329	940
358	904
327	954
329	933
361	912
368	918
344	914
321	923
320	927
375	914
350	948
353	947
375	931
379	929
368	926
356	932
358	936
361	947
359	922
341	940
365	927
328	922
357	955
334	920
321	922
324	923
327	915
359	944
356	910
333	942
334	922
370	921
346	919
348	912
337	931
345	907
374	913
327	919
330	920
330	913
323	917
369	927
344	912
376	931
351	909
322	917
365	939
379	931
368	941
381	930
345	915
323	922
336	921
363	935
334	926
336	917
322	927
333	921
376	913
332	925
373	931
360	939
352	908
365	906
343	912
361	956
322	899
370	929
321	956
356	945
357	943
360	945
363	911
334	904
371	926
323	956
355	947
341	913
325	953
327	930
368	936
376	935
338	917
370	925
321	930
332	940
327	926
331	908
327	924
333	897
347	956
356	917
334	907
320	945
382	905
327	911
323	900
369	896
374	932
325	903
332	927
348	912
365	918
338	913
356	940
348	909
375	936
322	924
329	937
327	911
375	944
323	936
368	935
334	916
345	953
363	918
377	956
356	943
357	949
370	933
365	934
371	917
380	927
378	919
321	905
358	943
336	919
333	898
341	930
338	901
349	946
379	928
328	937
321	946
373	930
381	897
332	923
369	937
367	941
380	924
355	897
338	958
369	947
361	914
377	931
340	914
381	931
325	953
327	942
382	930
329	935
339	958
358	943
322	923
331	957
375	926
322	923
332	918
337	909
333	913
326	946
324	923
371	926
332	919
356	938
361	958
353	915
370	953
357	943
323	954
358	943
342	914
324	922
329	937
343	909
339	908
326	907
376	936
349	909
349	912
338	913
376	928
362	908
373	926
354	910
335	913
326	941
329	899
376	919
359	945
337	911
375	934
333	917
343	907
381	920
366	941
373	929
367	931
326	922
376	929
343	914
366	941
351	912
359	926
342	916
353	953
355	947
348	906
369	918
352	914
360	937
343	909
337	956
377	952
360	917
332	942
375	933
359	920
333	911
340	940
337	919
327	919
380	929
375	936
368	937
370	930
349	938
365	915
337	952
369	930
369	924
321	930
371	956
322	957
350	956
344	927
369	918
334	941
342	914
326	950
338	909
341	907
334	932
340	912
363	939
338	911
374	919
332	899
364	946
354	947
352	908
349	950
373	918
359	901
354	912
338	943
376	906
374	906
320	897
326	900
328	922
343	930
358	924
368	941
356	943
329	956
368	943
366	952
379	931
361	910
327	919
376	931
335	904
339	940
368	956
334	925
369	916
350	910
359	916
331	915
322	959
343	912
380	925
332	924
323	923
359	936
373	922
344	913
370	928
380	922
370	930
363	935
365	909
350	932
370	944
335	913
350	903
334	927
324	926
363	901
349	910
367	937
347	907
363	939
371	903
353	906
354	912
352	958
348	904
323	937
361	907
334	919
335	917
341	903
345	906
377	931
332	914
341	911
342	914
355	943
371	934
375	938
352	959
320	903
382	918
354	910
373	937
345	947
360	922
326	918
340	914
328	922
361	945
364	943
359	945
331	933
341	932
350	906
348	950
358	953
376	907
374	938
383	924
353	897
368	935
370	936
337	906
320	926
352	948
340	903
354	938
333	930
341	945
363	912
369	918
367	930
380	941
327	897
330	898
350	918
373	937
338	911
376	934
375	932
349	906
334	908
330	956
327	957
320	902
332	925
349	903
337	935
352	941
320	917
324	903
333	906
360	900
352	932
359	936
368	941
370	929
365	934
337	904
341	955
341	907
345	916
376	932
344	911
375	926
379	929
356	908
365	920
361	954
341	945
380	938
377	936
321	927
371	926
344	914
323	923
358	952
356	955
343	900
351	926
341	896
329	915
326	908
371	924
359	943
362	945
362	944
356	945
375	911
329	949
353	908
333	917
324	939
347	906
344	909
352	943
356	949
350	902
337	934
326	896
376	930
334	920
348	953
358	939
349	910
358	946
348	939
349	905
382	941
356	906
327	932
356	959
329	946
377	932
358	943
327	919
382	919
346	905
370	944
372	935
370	931
321	942
337	938
331	933
352	941
326	922
353	904
375	898
351	913
324	922
327	919
370	935
341	912
355	951
337	911
332	918
383	916
331	912
373	926
320	946
372	908
346	909
370	935
353	912
349	909
353	898
363	916
340	954
364	944
383	948
328	919
369	918
358	946
326	912
332	925
382	954
373	930
362	896
368	944
354	910
322	910
373	908
382	951
375	919
345	902
349	911
363	917
333	920
345	957
375	951
361	958
335	911
372	912
363	925
332	920
342	943
360	954
332	928
322	920
361	958
371	927
332	937
327	905
380	935
376	941
327	934
343	952
341	946
345	949
359	937
370	911
365	918
376	920
344	914
347	907
359	945
349	909
327	922
330	921
380	924
327	922
327	917
321	901
343	900
351	899
320	936
380	927
376	930
323	910
320	924
365	939
343	903
376	930
374	930
347	951
364	915
346	926
335	906
352	910
371	939
340	914
370	935
338	911
320	920
365	930
363	925
338	920
377	929
382	899
365	920
343	907
371	926
366	939
349	909
342	910
373	950
342	922
343	903
359	941
352	908
382	917
328	899
356	958
359	908
360	918
358	955
370	925
368	927
350	942
383	932
320	933
373	931
376	930
340	917
343	934
327	906
330	912
341	913
374	897
369	925
344	915
337	896
328	922
357	955
367	937
327	922
341	905
380	930
368	940
327	922
371	926
355	906
346	907
321	925
324	898
363	944
342	946
350	932
349	933
348	940
332	927
335	919
336	919
365	898
340	906
353	908
350	900
383	904
365	923
352	928
359	924
352	916
372	947
370	916
353	943
375	928
379	935
324	920
382	925
371	929
324	919
371	926
370	936
355	915
328	930
331	941
334	933
368	946
321	930
372	943
375	913
378	926
358	943
370	917
372	918
369	920
360	947
380	920
336	917
334	915
356	956
382	949
363	910
353	955
375	945
323	923
321	898
322	906
382	908
320	904
343	905
343	907
380	929
368	939
349	916
368	942
328	918
320	941
321	943
338	941
342	927
354	911
345	907
338	923
368	941
327	922
380	905
355	915
380	931
349	955
363	901
320	929
359	943
336	958
376	932
374	931
369	925
367	945
328	896
325	896
328	923
376	949
367	918
360	930
376	928
321	926
379	928
329	954
341	909
328	923
349	912
355	915
333	919
337	920
335	956
324	922
328	919
354	906
343	909
352	951
358	929
344	914
342	914
360	945
357	951
355	943
327	922
382	924
375	931
380	929
357	953
346	911
361	945
356	952
371	927
367	918
364	937
345	905
327	937
330	916
322	922
375	929
348	925
345	900
327	929
325	926
370	897
365	898
332	945
328	919
334	914
324	904
326	899
370	928
368	957
371	925
376	931
368	915
361	903
331	926
324	922
347	905
335	930
358	943
328	956
366	951
330	924
333	915
328	922
373	937
376	935
354	912
358	951
364	943
371	926
356	947
372	935
332	924
343	909
351	912
359	939
362	941
352	916
356	952
359	926
363	916
368	956
329	948
371	913
382	915
370	935
359	946
382	956
335	917
359	939
320	906
322	912
325	922
337	937
346	919
326	922
349	908
329	912
349	906
328	896
335	937
352	931
362	932
364	947
353	898
375	938
356	910
365	939
323	959
341	911
338	906
375	926
322	931
368	924
377	932
360	910
375	926
321	915
346	904
359	935
362	941
345	909
338	920
336	919
375	931
340	900
338	900
359	940
368	932
366	936
338	915
327	917
337	918
376	915
370	913
374	922
341	907
333	929
361	936
354	908
376	936
341	909
337	913
368	928
352	908
355	923
327	924
373	931
382	924
370	905
335	916
368	922
371	901
362	939
359	937
382	919
320	922
339	934
341	919
336	920
348	902
342	910
371	925
346	943
320	949
348	955
377	928
380	938
321	927
348	928
350	931
325	946
334	917
333	922
334	920
382	926
350	934
330	913
327	908
364	944
323	932
348	903
337	915
360	916
363	920
336	919
375	931
335	917
380	907
376	932
338	904
377	896
327	913
321	906
336	920
333	917
363	931
371	919
337	935
353	908
329	921
327	919
360	943
361	916
364	926
337	903
334	919
369	941
332	919
331	913
348	916
356	952
332	922
342	917
324	902
370	955
359	909
336	925
358	949
341	954
354	906
345	928
371	923
368	948
358	902
365	898
323	922
349	916
350	939
378	954
368	935
345	952
363	905
354	897
364	922
349	909
323	924
324	922
341	947
338	908
372	930
353	937
336	923
348	912
335	922
355	908
369	945
333	919
357	947
368	930
376	928
321	927
343	907
353	908
363	939
368	904
365	900
370	939
372	945
334	906
338	911
375	929
376	935
324	922
375	929
368	948
366	946
329	945
327	943
332	940
353	913
328	922
336	950
341	904
356	958
348	902
344	935
348	908
361	915
359	932
363	933
354	908
332	955
327	914
334	923
374	959
344	911
365	957
382	940
353	927
333	924
321	925
341	913
325	954
355	939
331	949
362	941
374	938
349	931
321	944
329	913
343	922
320	896
324	942
337	913
369	937
340	914
324	922
324	921
323	930
361	912
349	903
376	928
335	915
337	913
380	929
353	947
355	938
382	910
350	943
352	945
380	931
327	952
371	930
352	934
350	906
348	904
371	927
349	912
350	947
333	958
355	938
366	936
365	918
352	911
371	919
364	941
336	917
326	956
381	952
369	939
363	938
359	943
330	921
376	918
320	939
373	917
364	944
353	900
363	937
365	939
359	941
352	939
360	945
360	950
368	935
370	930
376	935
372	928
352	949
320	919
338	909
324	922
368	939
375	922
356	943
328	919
353	904
350	897
322	919
381	937
338	915
340	913
371	924
332	923
365	939
373	931
349	956
324	906
371	927
376	938
374	939
359	917
345	905
324	904
322	902
328	903
327	899
342	906
354	909
321	938
359	939
369	925
377	908
376	903
380	904
375	906
375	926
338	932
329	910
332	933
363	914
333	915
370	939
376	939
334	937
336	917
363	916
341	944
339	948
336	902
338	948
363	920
320	924
358	943
376	930
353	935
359	939
362	937
347	910
333	925
336	930
358	946
336	920
368	941
377	944
349	917
372	929
378	931
343	903
342	945
337	916
331	939
373	945
359	939
328	904
337	917
335	913
333	917
360	910
352	917
358	955
358	950
382	929
333	908
336	908
350	908
358	952
343	921
353	958
345	907
359	928
362	942
348	905
331	922
349	914
348	903
323	924
370	925
363	930
376	930
381	904
356	958
376	937
370	930
355	948
363	924
324	919
326	959
333	915
330	901
369	917
359	943
379	928
376	931
340	917
345	911
345	909
375	932
334	927
340	911
359	911
371	918
348	903
364	927
322	928
376	916
369	941
370	905
365	900
368	903
370	932
348	903
367	937
369	908
344	911
375	956
334	920
375	932
379	936
348	911
357	952
331	922
347	905
376	929
366	935
345	956
360	952
320	950
355	908
327	925
330	921
356	954
334	924
365	941
356	958
327	903
368	897
362	945
373	937
370	935
353	914
334	927
363	918
368	938
353	910
374	918
376	940
376	940
374	938
357	951
353	910
355	908
333	903
374	936
348	906
353	907
376	932
341	935
338	938
382	951
369	904
365	933
324	919
324	919
365	914
359	945
345	943
371	925
371	955
368	940
383	925
373	937
366	929
368	930
352	947
352	945
356	947
326	949
323	952
378	933
328	909
327	907
370	934
341	920
330	948
363	911
368	927
365	919
350	912
364	933
368	932
343	910
338	938
369	934
362	945
324	922
324	925
372	903
356	920
342	936
344	933
375	951
380	934
367	930
377	934
334	953
320	924
321	924
369	918
353	954
324	927
321	918
354	924
322	912
343	905
331	945
343	916
351	916
328	921
320	900
383	905
329	902
342	911
374	951
377	936
329	922
337	900
322	908
320	906
377	932
347	935
348	903
378	932
324	956
359	937
362	939
352	897
350	908
344	911
368	907
377	932
360	943
357	943
344	909
321	919
358	920
328	901
320	899
321	921
369	924
371	919
374	928
332	930
370	941
336	914
348	918
370	924
368	938
372	935
374	938
378	937
344	945
340	919
336	944
336	941
336	948
336	942
363	935
334	915
363	918
344	945
344	917
371	925
352	916
343	904
351	906
363	939
376	931
374	932
337	902
362	939
358	945
360	932
358	931
368	939
366	898
343	907
353	922
369	935
367	918
342	902
334	917
369	927
342	914
374	941
338	924
340	919
339	909
343	917
320	946
383	945
324	919
343	937
334	917
350	912
343	897
368	937
341	914
343	899
348	901
347	905
353	953
323	922
324	931
364	953
369	946
359	955
336	917
350	906
374	936
345	907
376	922
322	912
373	897
381	937
382	945
345	906
375	937
366	920
374	930
370	940
366	938
344	905
327	900
376	931
324	916
325	920
347	918
322	911
321	922
327	923
341	921
365	944
368	946
327	919
365	928
353	908
371	912
369	918
362	935
324	938
321	952
373	897
376	924
333	915
344	951
372	930
337	907
362	956
353	949
338	913
360	944
340	920
370	933
359	932
330	919
360	947
352	929
379	939
331	941
367	953
375	929
356	951
324	915
329	907
327	921
363	937
343	902
365	910
376	953
382	896
334	924
364	943
359	954
348	912
369	937
371	930
359	943
348	909
331	926
342	910
338	917
377	938
342	930
320	924
343	952
374	934
372	930
333	932
338	914
359	939
329	922
327	921
343	904
362	945
364	945
356	931
364	922
333	913
374	905
330	956
349	898
376	897
335	923
356	898
374	938
343	907
363	916
337	913
336	919
321	918
339	957
341	959
352	906
338	927
331	947
333	917
341	910
344	916
350	916
323	900
352	899
359	941
349	912
337	911
335	915
348	953
343	903
379	929
332	919
356	949
358	952
352	943
350	908
382	917
375	911
382	946
343	903
351	909
321	935
360	955
360	952
364	909
356	947
370	957
364	941
370	936
327	925
368	928
370	950
374	931
375	941
337	901
361	916
342	904
347	899
352	910
345	937
327	952
369	918
332	922
362	941
375	937
379	938
343	911
344	911
383	930
328	922
321	919
355	916
337	909
321	917
334	919
375	905
368	925
350	916
349	906
351	910
352	911
326	958
337	920
368	931
370	954
382	924
349	926
344	926
354	926
359	896
327	921
330	919
374	936
330	959
382	926
325	911
329	922
369	918
367	937
323	920
354	910
336	920
334	925
361	939
355	947
365	945
368	947
348	906
354	910
352	945
324	922
363	919
369	942
354	911
334	920
349	903
369	908
344	952
323	952
358	934
353	896
355	958
355	946
336	906
373	914
375	926
324	923
326	922
322	924
328	918
357	926
362	945
380	929
335	943
337	943
344	938
332	926
359	918
344	936
356	947
353	906
364	959
375	900
321	901
356	953
373	930
360	949
358	946
363	937
329	926
374	942
350	905
338	905
341	906
352	957
380	933
378	932
343	914
351	911
365	937
364	951
377	928
356	954
357	955
371	918
321	925
356	908
377	920
377	932
350	903
324	913
364	900
375	926
348	900
355	951
329	922
359	958
356	931
382	946
379	938
361	939
362	939
328	944
321	927
331	931
372	928
356	949
340	935
360	945
348	937
341	914
327	921
360	955
363	918
328	949
362	911
327	921
343	916
351	910
336	911
323	934
358	936
327	950
343	900
323	904
325	951
328	924
368	938
332	924
361	939
331	916
355	947
377	932
363	922
373	945
365	928
368	930
366	941
378	958
371	929
334	918
332	937
346	926
345	909
365	935
368	937
338	911
350	912
352	908
369	904
353	899
362	943
356	951
332	920
361	916
373	926
353	915
329	902
361	912
367	937
376	937
358	951
360	950
340	914
381	942
359	937
344	954
376	928
363	947
333	953
350	903
344	918
341	951
374	926
376	930
328	921
340	905
348	933
355	956
341	910
368	944
366	946
336	913
375	931
379	930
377	931
365	918
343	907
356	952
341	959
344	958
352	943
360	945
370	935
368	922
360	959
339	932
379	931
382	943
360	943
350	907
373	925
336	917
355	958
343	907
343	905
362	943
333	917
327	945
362	916
377	931
364	943
341	934
340	918
340	914
323	898
369	914
332	927
340	914
363	914
360	949
358	958
333	915
358	943
327	924
330	923
320	898
322	922
324	922
339	923
360	950
363	914
334	937
326	922
351	909
341	903
336	918
363	939
364	948
359	940
334	920
373	898
348	906
343	905
373	925
327	908
330	945
338	915
356	931
365	939
368	936
361	910
375	902
327	927
330	921
350	930
369	921
343	932
327	951
371	927
320	957
326	919
362	951
356	951
334	917
324	921
352	949
326	943
375	946
338	917
363	910
354	914
361	907
343	911
373	928
330	915
322	917
323	936
382	899
334	924
369	925
357	943
334	918
334	932
375	937
369	900
325	924
346	950
358	948
348	926
381	930
380	937
339	949
337	897
372	946
350	903
347	907
334	927
381	911
330	958
380	917
353	942
343	905
329	927
353	945
381	903
370	938
344	911
337	909
335	906
320	917
366	935
322	907
381	903
359	939
345	956
341	922
321	923
323	905
350	919
374	908
357	950
353	937
327	922
333	923
382	934
376	930
330	919
320	922
352	928
354	937
358	948
332	927
375	928
380	929
341	913
363	925
334	916
369	959
373	939
377	931
370	926
365	917
354	943
336	920
363	939
356	945
332	927
364	935
338	917
337	920
329	922
333	899
366	937
376	932
376	925
371	926
373	925
381	913
350	912
368	918
360	943
383	952
330	915
352	937
359	905
348	914
366	956
335	921
358	949
347	905
361	916
330	907
349	910
328	922
347	905
327	920
370	938
327	922
326	943
334	942
343	911
324	922
343	911
370	935
369	952
365	916
369	920
380	946
378	945
339	946
367	958
368	899
341	943
332	927
377	931
320	941
355	897
331	905
359	935
377	929
343	936
336	917
363	920
375	931
327	915
364	953
368	943
379	947
376	943
344	914
362	913
355	915
358	948
334	927
347	907
358	946
338	959
364	939
362	922
336	922
365	909
366	925
359	908
344	920
343	907
321	922
363	941
337	956
356	913
331	913
352	949
327	922
380	916
320	955
330	903
348	907
381	957
372	938
371	927
363	914
374	936
350	937
329	911
326	901
370	947
366	935
352	947
367	943
369	941
329	922
359	929
362	930
349	900
353	908
367	906
375	926
364	946
358	947
366	957
354	956
363	930
368	925
365	918
373	940
378	948
363	918
374	932
343	943
350	906
381	929
323	922
369	925
368	942
371	924
354	939
333	922
329	919
342	932
370	934
376	935
334	920
337	907
358	950
373	930
383	896
320	898
372	935
341	948
376	937
374	956
375	937
369	925
336	919
377	928
354	900
343	934
365	910
345	907
364	946
349	912
343	949
357	952
352	905
382	909
376	942
329	920
334	925
363	939
373	929
343	911
348	909
337	922
352	908
361	910
340	948
328	925
358	958
367	926
358	943
369	937
375	926
357	947
381	910
363	936
354	908
361	912
336	920
364	932
376	936
359	942
352	945
360	958
363	939
331	926
370	928
334	918
327	919
334	920
328	925
333	921
342	912
379	917
373	925
321	898
356	908
373	909
359	900
341	907
370	937
343	900
329	959
360	943
350	903
326	947
382	943
320	919
381	916
336	915
370	928
359	941
352	943
370	928
356	946
358	943
353	947
332	906
359	929
359	939
368	954
325	913
343	907
382	937
365	944
369	897
353	917
355	908
361	920
337	898
373	938
338	912
374	928
345	958
345	951
380	902
325	931
329	950
356	956
375	922
378	946
358	948
338	913
382	922
363	923
371	916
338	915
344	905
343	907
351	909
341	947
342	916
353	899
356	897
351	947
322	928
320	920
325	904
371	925
322	933
368	941
354	945
327	937
332	923
358	946
363	916
329	953
359	907
327	941
331	938
353	908
362	947
353	916
355	910
376	932
359	900
334	920
379	923
376	935
334	925
336	924
360	943
356	947
353	908
338	927
334	920
342	904
339	917
371	916
360	939
358	943
348	905
340	927
322	922
320	919
329	917
360	952
370	930
329	941
372	944
368	938
361	952
360	899
374	938
364	944
334	925
339	943
347	905
352	917
376	930
376	917
373	917
379	931
329	923
376	946
373	943
324	925
380	908
325	910
350	900
320	907
341	905
352	906
380	953
356	943
331	898
327	918
324	905
326	909
378	933
328	916
353	910
349	912
344	932
342	933
338	907
341	913
355	910
372	933
339	920
325	919
367	916
369	948
363	943
352	932
327	905
324	920
349	914
380	954
330	929
320	924
369	904
367	899
333	917
370	911
374	916
338	906
354	910
359	934
368	938
349	906
380	931
371	926
338	917
363	910
365	916
364	932
349	909
354	906
341	933
344	906
368	935
382	947
370	935
343	900
368	949
328	924
339	907
356	949
325	903
333	915
361	914
369	918
360	942
321	959
364	945
343	905
368	942
373	932
320	944
370	925
364	941
382	926
335	917
337	911
346	950
329	922
327	921
368	939
341	915
333	915
364	899
365	935
368	928
369	918
350	912
348	958
347	937
363	925
336	924
340	914
377	948
359	940
348	905
343	909
372	956
352	943
332	927
329	936
370	934
322	916
333	956
350	908
344	956
358	943
324	897
376	896
325	922
327	921
336	929
355	908
345	907
369	920
348	909
342	906
344	945
336	925
335	913
338	917
369	916
372	950
370	913
332	957
357	913
320	932
321	933
354	908
330	956
380	904
375	929
326	936
340	920
349	906
332	924
333	917
368	901
353	906
350	911
327	913
326	911
333	905
330	907
336	919
345	905
350	902
338	912
340	920
353	933
366	948
364	948
343	913
346	908
348	908
335	911
363	913
340	918
334	920
366	954
327	919
330	921
372	931
375	943
345	917
365	939
349	916
332	897
373	930
377	931
374	933
352	934
375	923
381	912
324	919
343	907
325	956
357	954
350	903
343	905
347	909
381	902
363	934
341	907
341	907
378	933
381	955
344	914
332	913
354	909
341	907
332	898
359	911
374	936
370	941
368	941
327	914
329	914
334	934
363	918
356	920
369	907
352	908
353	916
376	913
370	911
354	953
352	954
356	915
327	925
359	914
356	938
330	913
352	945
354	912
345	903
324	936
376	945
320	936
320	933
320	938
320	932
343	911
346	948
353	906
368	936
362	937
340	918
329	946
326	952
374	948
349	946
354	917
347	943
376	936
373	913
369	907
352	913
359	918
324	897
330	939
332	925
323	927
348	916
350	939
337	901
348	905
377	905
359	933
372	935
340	920
347	909
361	903
357	949
349	908
371	925
353	922
337	922
361	910
341	917
359	939
347	905
340	951
350	906
359	908
354	898
359	947
332	930
333	922
344	921
326	906
381	929
328	924
359	939
362	942
360	945
370	932
372	933
337	928
324	949
338	913
363	947
321	914
352	912
368	959
343	909
326	958
356	947
321	923
320	955
366	951
333	911
323	919
382	926
342	935
383	916
378	932
327	925
368	944
360	946
365	918
344	949
363	932
368	936
361	945
365	935
364	941
334	920
369	917
351	905
368	935
365	928
368	935
382	927
372	922
376	923
343	951
353	903
363	916
358	943
365	943
369	914
367	920
359	946
360	939
367	918
352	905
344	912
334	952
336	917
369	920
373	929
336	954
359	935
342	937
376	930
365	941
368	941
373	928
353	910
374	951
356	947
330	950
376	937
336	913
368	928
370	908
351	911
342	913
332	942
341	945
371	927
340	916
324	949
354	925
372	939
329	959
383	954
326	910
373	928
362	945
360	945
375	929
379	935
380	931
378	922
345	930
325	922
348	912
363	916
368	937
353	899
373	918
321	921
362	935
368	911
332	924
365	948
334	904
344	905
341	913
347	905
368	937
352	922
344	914
349	909
359	956
378	952
360	952
353	916
355	918
366	955
378	942
330	946
322	938
355	951
327	922
333	921
370	918
368	928
368	937
329	955
359	916
363	900
369	930
348	932
375	954
379	950
379	931
332	957
327	945
376	939
368	947
370	945
370	929
365	914
336	947
345	907
333	915
345	930
336	905
357	908
321	923
332	926
324	943
328	949
353	932
358	904
375	906
358	953
363	950
323	934
340	920
381	929
340	917
371	925
357	927
358	943
375	935
360	909
352	910
360	951
350	898
370	932
359	954
376	930
366	935
373	936
369	918
382	954
347	939
331	947
369	920
342	927
328	924
350	908
350	947
359	910
369	956
381	943
372	957
360	927
356	952
371	919
363	930
359	937
329	939
358	942
340	906
353	924
336	927
326	947
349	916
380	936
320	926
348	906
336	919
344	907
364	941
350	934
382	923
342	915
370	918
372	938
353	905
328	939
326	919
371	945
382	945
371	940
353	945
352	908
363	911
359	943
362	948
331	901
363	925
353	906
376	919
360	920
329	908
336	917
334	896
370	914
343	946
337	938
335	930
339	944
326	922
368	939
357	949
334	918
369	925
341	907
368	938
352	945
360	958
324	902
348	953
338	913
322	923
380	945
323	908
323	919
325	927
327	945
368	941
339	911
324	900
334	915
348	898
369	918
368	910
379	913
375	927
350	909
339	909
373	901
363	916
371	925
362	951
356	951
363	916
352	943
360	949
336	920
363	909
340	911
363	936
368	899
355	944
342	910
333	921
332	925
322	898
354	953
372	946
367	948
323	956
355	909
332	919
377	925
375	931
374	936
346	919
357	942
352	945
360	910
371	929
370	949
355	945
356	933
380	952
323	898
320	959
328	921
327	922
326	932
331	943
329	942
350	900
342	912
376	931
329	914
358	932
345	943
374	935
359	908
350	939
359	910
332	959
356	911
346	939
354	910
354	897
373	926
353	908
338	917
334	927
380	918
360	914
353	923
335	935
327	923
356	943
336	947
327	949
357	949
359	906
354	917
348	902
378	932
364	946
358	943
371	925
320	904
383	920
336	917
349	958
338	913
370	935
372	949
336	938
372	935
345	905
357	933
331	927
354	900
334	920
353	908
364	948
370	936
342	912
377	932
321	923
363	939
371	939
338	920
332	941
363	912
340	916
375	929
359	947
349	943
382	908
364	941
365	944
348	900
371	934
368	919
375	906
379	908
333	919
355	958
371	925
350	898
368	916
342	905
335	907
330	903
321	905
382	935
375	924
345	930
343	935
352	939
340	905
337	899
380	931
331	899
380	898
333	940
334	934
369	930
379	942
382	926
327	922
330	923
372	931
342	914
358	946
377	928
333	927
369	945
345	907
353	906
333	959
335	952
344	948
338	943
372	942
380	922
378	916
341	907
369	911
337	918
368	936
360	940
359	939
365	925
373	925
353	908
329	915
363	918
363	918
381	942
360	936
376	931
380	912
356	952
380	928
373	931
363	913
377	949
382	926
375	931
369	935
340	907
359	910
368	945
383	956
323	923
352	943
362	935
370	928
321	924
381	934
375	940
352	898
373	920
333	910
333	899
360	947
337	907
345	899
325	949
368	900
366	905
358	958
341	909
356	951
377	940
369	941
362	939
370	925
334	920
336	917
342	916
353	908
323	922
347	905
334	919
341	932
334	925
377	931
330	920
339	910
347	901
340	914
344	943
354	952
357	952
379	929
354	910
359	916
332	928
329	931
343	909
355	900
339	918
346	930
325	944
368	951
370	928
368	922
370	923
352	947
355	897
355	958
333	915
353	904
356	919
357	931
339	947
359	939
380	939
362	941
356	956
379	937
380	920
345	907
364	941
337	899
327	919
361	937
364	955
361	909
330	918
331	905
348	909
377	936
366	937
375	956
361	939
368	930
340	920
376	946
361	898
356	952
363	917
320	913
343	903
324	921
326	922
355	907
343	902
375	905
377	903
369	900
326	901
369	935
367	939
362	945
361	908
370	940
380	929
341	915
364	930
332	922
370	928
372	932
369	918
349	904
368	939
328	898
369	928
365	953
374	913
354	941
375	913
338	911
379	914
342	912
340	930
333	917
337	902
381	901
362	949
323	900
375	929
379	929
326	947
329	906
378	954
361	938
374	930
352	916
353	897
324	913
363	914
374	932
376	929
320	957
343	912
351	922
321	896
321	912
354	957
350	912
336	921
365	939
363	916
363	941
372	914
321	929
349	912
355	908
356	922
340	911
338	919
324	899
359	901
348	938
369	918
352	906
377	936
363	898
376	930
375	925
356	947
351	909
333	915
320	927
339	948
383	924
320	928
333	919
381	926
337	908
361	933
359	943
344	909
380	929
377	931
342	920
350	900
352	947
324	923
344	907
343	920
338	911
365	937
326	906
328	904
330	948
382	916
324	933
328	924
356	947
339	937
359	911
362	918
337	907
382	950
369	930
371	931
368	942
352	912
359	916
370	942
361	903
344	909
372	913
349	906
378	950
376	931
363	916
373	930
354	912
331	900
344	907
352	943
352	949
380	931
337	941
368	945
370	939
367	916
348	906
382	924
354	906
382	925
336	920
359	952
343	909
364	946
368	946
366	943
334	917
326	934
331	921
327	922
331	921
320	916
382	928
375	930
348	905
340	937
338	935
365	902
328	898
327	925
338	918
376	950
352	945
326	922
368	944
340	946
334	922
321	916
350	899
378	932
324	913
326	922
331	911
332	927
353	910
373	931
342	899
327	919
327	921
323	913
359	943
368	948
365	926
349	955
359	939
362	943
361	916
368	918
368	938
322	907
336	902
338	913
351	907
328	913
359	896
347	902
346	907
342	912
343	902
327	926
331	899
361	954
344	913
329	932
327	932
323	919
352	945
350	944
369	951
367	920
376	928
374	959
347	913
358	939
328	900
322	902
359	945
377	933
359	916
342	925
368	954
370	935
363	950
379	958
341	916
343	913
351	906
364	945
322	908
351	910
376	929
380	939
378	942
349	933
322	934
359	901
365	943
373	914
376	902
373	906
348	952
343	941
351	939
341	950
365	898
368	954
320	913
376	926
370	925
369	935
364	941
371	920
355	937
353	906
375	925
365	939
352	943
360	908
343	900
351	903
340	899
374	939
367	937
329	917
375	931
358	929
375	926
356	920
357	900
349	938
365	920
372	939
340	917
340	914
367	928
376	930
334	897
350	906
346	903
328	924
365	901
359	916
363	933
364	945
354	944
321	923
340	956
351	943
330	912
343	903
348	900
349	900
363	913
326	925
345	959
326	950
324	924
364	943
374	952
370	947
373	943
375	949
376	948
368	947
370	951
375	926
343	905
337	914
335	917
373	930
327	922
340	909
353	897
342	912
354	910
320	923
372	928
377	942
379	930
333	930
336	930
366	935
320	911
383	924
373	935
374	896
358	935
326	952
334	925
343	907
364	948
359	939
343	922
358	946
353	912
365	944
371	927
352	939
360	945
346	901
343	913
348	912
352	943
360	949
321	925
337	940
327	929
333	917
343	907
381	897
369	945
333	922
375	943
360	957
379	959
358	938
324	922
326	923
368	936
370	930
320	924
362	956
329	922
373	913
320	948
359	910
346	905
368	939
359	939
368	935
368	936
370	934
338	952
364	940
359	910
359	913
372	947
332	927
321	904
370	944
334	938
338	920
326	956
328	938
369	919
328	923
349	922
360	944
380	901
368	945
370	932
372	936
336	919
377	911
365	921
368	916
344	914
372	928
367	909
370	937
376	931
375	929
349	927
378	935
328	958
366	942
352	908
359	904
369	949
368	939
373	932
373	936
353	937
334	902
369	904
320	924
340	915
336	918
340	913
370	950
369	937
355	910
352	937
350	943
354	912
359	943
359	916
383	905
320	902
353	908
354	906
343	909
339	929
321	913
375	929
340	924
354	906
375	930
370	925
346	903
332	942
332	958
358	952
352	910
362	941
372	908
323	897
328	953
324	950
362	942
342	922
373	926
330	923
324	935
332	943
330	922
361	916
321	917
322	956
346	903
346	931
370	935
372	935
375	928
340	914
348	906
377	928
380	928
373	930
322	922
337	922
335	921
332	924
379	901
334	925
328	957
345	948
352	907
349	910
378	951
331	914
338	914
336	916
373	926
358	943
358	946
364	955
334	927
364	946
358	942
352	918
352	916
377	927
334	917
334	926
368	907
332	923
377	932
328	922
375	932
344	940
375	928
367	951
348	901
355	913
375	959
322	947
363	918
362	937
381	898
363	920
328	942
330	944
354	908
362	947
343	955
330	922
327	921
324	927
326	919
351	957
329	936
360	958
356	958
370	939
330	945
355	908
360	945
327	919
331	915
321	924
368	935
331	938
380	909
337	903
335	901
328	957
336	916
370	928
369	898
369	937
321	917
332	918
354	897
366	938
362	924
379	931
342	912
338	914
377	933
328	919
324	930
356	916
342	916
344	912
333	909
352	945
352	900
320	906
346	930
352	958
346	900
365	936
368	938
380	919
370	930
358	943
373	926
365	939
363	936
368	930
330	957
327	908
380	929
368	935
366	936
364	944
379	955
364	952
326	951
342	909
334	896
374	948
364	946
368	936
370	932
368	935
370	905
348	899
368	937
368	935
368	941
321	938
373	937
359	937
349	917
353	947
374	947
329	920
327	922
359	941
325	918
364	936
351	929
353	956
321	935
345	956
355	947
378	956
370	922
326	922
360	943
357	949
368	902
354	908
348	905
363	920
325	913
323	922
362	905
378	912
380	904
321	924
354	955
339	906
339	912
373	948
329	909
334	918
363	918
356	925
377	932
356	943
347	920
362	947
334	920
332	919
363	896
350	938
375	956
352	947
376	930
340	908
322	912
376	934
341	917
343	919
381	958
363	907
353	908
342	914
373	937
369	937
367	937
369	926
367	930
367	945
355	906
366	941
379	930
334	919
332	921
365	943
334	944
369	948
364	908
360	910
363	937
320	923
370	938
371	925
341	913
363	935
355	908
348	950
354	914
327	916
382	925
372	920
344	913
376	925
379	929
344	911
327	958
333	911
350	945
357	949
333	921
346	924
364	900
366	906
365	937
368	916
340	911
364	911
373	929
346	903
332	904
382	926
367	900
373	925
364	925
372	945
321	913
382	907
381	929
345	918
357	955
333	917
334	927
369	911
365	939
368	930
333	922
359	914
327	906
348	902
371	918
329	939
365	943
370	938
353	959
322	931
344	903
343	927
336	917
373	918
376	928
320	922
340	917
322	917
337	904
326	932
373	925
353	904
380	943
375	945
353	911
372	935
332	936
376	908
370	935
375	929
376	930
371	918
325	897
338	900
346	905
335	934
352	945
380	929
380	929
357	950
371	929
354	910
368	936
363	937
339	936
375	951
365	940
382	908
373	915
375	913
375	930
379	943
330	923
324	922
343	907
361	911
376	918
374	904
327	927
373	937
341	914
369	929
367	930
338	911
374	935
361	916
343	909
364	943
340	958
324	911
345	905
368	937
321	936
363	916
359	918
356	949
365	944
369	951
363	916
365	945
382	933
336	914
350	944
354	947
376	928
379	928
346	910
357	959
322	922
327	897
368	941
363	896
369	930
363	928
356	945
349	959
373	929
369	927
371	918
380	931
347	910
341	913
353	906
353	956
350	944
381	899
354	930
371	926
373	926
375	929
383	922
366	898
373	937
367	932
369	918
373	939
337	940
359	939
375	938
377	915
377	949
373	929
350	910
351	924
336	896
331	927
349	903
368	947
376	935
340	920
368	946
366	944
350	906
326	922
376	911
345	929
370	927
344	907
371	930
349	900
361	945
359	945
379	931
329	951
335	917
321	925
331	921
353	949
355	897
363	916
375	930
325	955
341	907
349	948
356	949
349	954
374	900
364	943
322	923
355	940
364	920
369	926
359	901
333	922
353	916
357	944
341	911
370	903
356	950
343	907
341	913
366	918
348	906
321	932
381	929
354	910
329	917
327	919
334	928
336	927
336	948
332	920
353	896
324	945
347	936
340	937
339	922
334	927
369	955
334	925
369	930
359	910
330	910
372	934
376	931
342	907
328	927
358	909
338	906
327	919
335	922
354	902
356	951
344	913
375	910
365	939
359	924
363	956
340	959
371	927
378	908
359	908
350	903
336	896
374	928
346	907
343	907
380	931
373	930
376	937
368	947
342	912
361	935
359	942
366	939
368	930
333	913
339	922
378	911
360	955
341	911
368	931
366	930
353	949
355	947
368	939
375	925
351	942
354	936
344	942
354	942
354	942
350	934
355	952
355	920
328	943
365	915
352	932
340	916
326	922
363	941
328	922
381	926
361	916
358	946
334	912
320	920
324	921
364	956
352	938
356	917
355	908
378	929
369	929
328	924
320	924
341	907
362	950
354	946
365	906
359	908
381	897
376	930
342	927
334	925
325	922
376	932
326	904
329	899
363	939
364	946
371	941
359	898
354	910
370	932
352	949
360	943
329	921
359	910
333	917
367	955
380	956
334	927
332	921
379	930
370	949
349	903
333	909
340	920
354	912
370	941
377	931
372	954
343	947
365	945
346	922
343	921
353	898
340	942
343	952
325	897
327	907
338	910
353	908
356	912
368	937
369	937
348	905
326	942
359	916
342	946
370	925
334	923
370	932
372	936
370	910
351	914
348	909
365	918
377	930
380	940
327	914
330	920
347	903
337	911
348	907
357	952
361	901
376	907
358	927
377	931
372	934
358	897
370	948
377	896
344	912
334	920
356	932
363	939
359	935
372	934
338	910
336	919
374	951
322	952
357	905
372	919
351	902
341	949
357	924
343	907
353	910
369	918
344	943
382	898
363	937
380	916
332	923
361	912
365	913
341	956
336	925
321	912
328	913
370	945
372	908
378	931
375	959
370	930
334	926
363	922
358	944
340	913
334	912
370	934
336	899
367	927
369	927
344	945
344	915
359	920
369	951
362	906
334	919
361	898
334	945
337	906
346	922
355	943
358	939
324	921
336	919
364	948
352	945
360	958
348	898
362	946
347	903
322	900
380	922
362	942
353	908
355	896
383	928
328	954
357	954
376	930
351	900
368	937
346	911
341	913
370	939
345	931
324	922
328	924
359	900
369	916
367	950
340	911
360	947
368	938
368	951
323	915
328	923
344	911
342	911
326	934
329	943
344	903
368	935
359	947
368	949
362	943
364	946
321	925
334	917
346	903
361	905
377	918
320	910
332	910
321	910
320	908
344	899
377	938
379	899
337	913
334	910
368	937
349	912
326	910
326	899
332	896
342	923
321	905
361	904
354	923
327	901
334	908
332	911
363	939
381	922
382	921
336	919
337	922
325	922
327	915
330	920
380	929
333	926
368	945
341	959
353	913
334	916
368	929
370	934
368	935
344	913
325	920
333	917
372	942
360	900
337	953
324	922
327	920
355	908
360	915
370	918
372	941
381	898
342	916
344	905
352	945
324	905
326	903
332	933
371	924
347	903
359	943
364	943
331	915
336	935
326	956
345	918
368	959
366	935
372	959
329	919
327	922
360	910
336	947
375	929
358	898
349	920
356	947
379	929
375	947
363	930
368	920
345	944
369	928
340	896
331	917
367	948
368	935
327	922
324	916
349	930
354	904
340	920
337	917
344	913
337	911
335	920
336	918
357	943
344	914
344	907
331	915
340	920
336	917
363	917
330	913
324	905
345	950
334	919
335	947
337	908
356	939
355	916
357	951
355	932
354	933
359	937
361	943
373	896
339	924
331	907
374	956
331	954
383	902
328	934
337	932
369	937
369	956
363	914
368	918
325	922
352	910
358	944
339	936
356	941
357	943
358	955
353	922
349	911
367	933
360	954
375	944
377	931
338	938
334	932
369	936
344	930
381	912
382	945
359	934
359	907
333	921
337	919
371	905
365	930
373	929
358	939
326	921
372	922
358	938
369	930
356	941
352	938
324	930
326	940
339	906
380	957
339	944
361	945
375	930
356	944
342	913
353	904
365	910
322	946
367	955
363	917
364	943
370	935
372	936
358	952
376	930
338	950
321	931
341	900
382	925
330	956
321	912
369	907
367	909
344	947
371	918
328	914
343	922
351	923
369	925
344	911
377	924
335	954
356	949
321	912
353	897
382	925
355	939
371	925
336	913
327	922
353	912
369	954
363	916
368	935
351	925
347	959
335	911
363	939
381	918
337	920
376	939
346	929
340	958
361	918
333	921
352	910
354	900
334	916
327	903
327	921
368	937
368	941
363	925
350	905
350	924
338	912
321	947
351	900
382	908
360	933
357	934
376	944
370	946
369	931
377	928
360	949
356	947
370	945
354	900
382	926
359	916
364	956
376	928
357	903
370	928
363	916
368	911
353	908
355	931
324	924
346	909
343	905
358	937
333	917
346	902
343	909
355	908
358	943
360	941
341	911
347	901
361	916
373	937
376	930
352	910
380	929
342	912
356	932
347	933
368	941
370	939
368	939
372	938
323	944
351	905
382	926
356	949
371	906
370	908
354	905
373	930
338	929
377	931
379	932
375	929
346	912
345	907
345	898
350	947
375	930
379	920
368	930
327	921
326	922
356	898
356	957
333	915
380	908
362	941
322	926
381	957
373	914
328	911
329	920
350	906
371	955
334	921
368	930
361	958
328	908
336	906
377	909
356	942
327	922
346	931
353	947
320	959
373	935
350	904
339	953
363	911
363	916
382	930
335	917
337	915
368	930
370	928
352	945
330	920
337	912
334	948
332	930
328	927
360	945
359	937
361	949
361	910
354	928
367	958
368	923
364	943
380	943
359	943
362	943
375	943
381	943
325	958
336	920
326	910
325	912
326	950
368	956
337	947
362	941
359	939
327	927
344	907
370	942
352	918
363	935
357	949
356	946
367	916
357	954
337	913
371	931
338	925
362	935
365	937
352	910
355	947
325	935
361	914
364	944
332	922
370	930
362	946
328	935
365	900
368	907
360	938
320	919
321	923
360	949
324	941
328	925
352	956
378	948
368	941
368	937
381	936
376	932
368	899
344	909
339	904
340	916
343	902
370	935
359	939
363	943
368	943
341	924
360	943
369	920
367	937
341	907
359	945
371	924
356	953
357	950
368	939
353	921
373	958
370	916
366	920
368	918
323	922
347	905
349	902
380	899
364	941
382	947
363	918
338	914
330	927
321	926
359	939
373	926
376	932
361	912
364	941
337	948
340	916
344	912
368	930
338	913
370	935
372	938
334	917
329	943
377	929
378	902
349	909
360	939
356	947
380	929
357	918
348	903
358	917
329	951
327	949
324	922
364	911
359	916
334	910
332	923
366	905
370	902
372	903
373	925
371	929
377	931
340	935
343	909
373	925
320	924
359	947
327	925
373	929
375	926
359	939
362	945
344	902
354	939
350	900
324	951
345	913
349	906
377	931
344	908
363	943
375	902
352	954
370	925
376	946
374	952
364	939
364	922
368	922
355	926
347	903
368	938
348	950
377	898
374	936
332	920
326	948
340	914
368	937
339	905
371	938
353	947
355	901
375	931
356	947
357	949
346	912
373	953
356	956
350	898
364	946
364	939
369	927
348	904
342	909
373	921
359	904
360	945
362	951
363	947
327	924
336	919
336	919
341	944
334	924
344	912
360	946
352	915
330	911
335	902
321	940
380	931
343	911
359	952
357	931
365	916
332	956
321	956
323	914
324	912
341	911
337	932
364	946
376	930
327	919
326	923
371	912
368	944
370	935
321	925
343	945
358	916
325	932
373	931
341	911
365	932
363	932
327	956
323	922
374	928
363	917
360	910
359	911
366	931
368	947
334	954
366	948
334	927
369	920
353	906
366	956
360	946
358	904
366	937
327	929
363	918
369	945
351	909
321	900
373	929
325	922
357	925
349	912
326	913
334	925
349	916
359	945
337	946
341	927
355	908
353	916
359	935
329	904
374	931
377	932
341	907
368	915
320	952
320	917
340	932
344	909
336	938
368	944
350	903
334	918
369	918
374	922
354	923
358	915
376	935
321	926
352	952
330	956
338	911
334	925
353	943
355	943
358	943
358	918
343	929
351	931
377	931
363	918
349	914
336	916
359	943
368	949
336	902
369	901
353	904
374	917
377	919
382	917
383	906
320	912
333	915
347	925
347	905
359	900
378	899
334	927
345	948
356	908
356	949
322	933
324	938
341	930
328	917
339	913
369	924
354	908
338	943
343	908
351	903
342	947
354	943
359	945
378	953
369	937
367	935
350	908
330	917
382	927
336	917
320	915
336	919
367	916
340	914
339	942
336	914
358	954
331	946
333	916
360	897
354	947
322	936
379	930
378	922
328	923
324	903
341	921
338	938
363	916
329	932
327	929
330	923
370	936
349	908
342	909
354	912
329	919
327	935
320	907
344	937
347	905
350	906
324	924
360	951
369	947
327	904
343	946
372	932
377	936
320	924
342	899
349	914
329	944
368	925
333	935
356	951
357	951
363	943
368	945
356	951
376	932
374	933
360	910
365	945
353	904
327	922
364	941
369	902
334	903
379	929
337	932
354	910
323	897
325	957
334	927
347	909
350	949
349	957
377	957
380	896
373	923
368	938
366	944
378	932
339	943
341	948
324	924
331	913
322	910
326	932
338	917
352	912
354	910
321	924
336	901
365	941
352	950
324	948
320	900
383	902
341	899
368	948
375	952
337	943
323	922
335	924
329	917
356	954
368	937
345	920
343	903
320	919
379	931
376	930
358	944
348	909
368	941
321	955
332	957
374	928
343	902
363	916
336	938
359	937
343	907
369	937
356	949
364	937
321	922
320	937
352	952
365	925
363	930
327	933
343	903
362	927
359	937
333	920
348	903
382	926
369	913
358	936
333	920
336	917
358	959
330	945
380	908
352	934
368	941
345	913
342	920
375	929
382	924
380	929
379	917
382	947
336	921
337	926
367	917
354	945
354	914
336	922
325	922
330	899
333	947
349	905
353	908
352	916
357	956
350	912
351	926
361	910
354	912
372	944
349	912
367	907
338	911
356	945
342	909
349	913
377	918
323	923
327	923
373	929
354	906
353	953
351	909
376	953
374	931
368	935
366	930
377	899
362	916
372	953
324	932
345	907
332	951
372	934
338	911
336	915
375	931
366	935
341	913
355	943
358	948
368	935
367	938
365	939
368	916
321	922
322	923
331	919
378	956
353	897
355	958
364	932
382	939
375	933
370	939
332	928
334	918
344	907
349	947
340	919
327	923
380	931
378	900
365	916
325	905
352	916
360	916
352	916
382	925
340	927
337	943
331	949
338	945
324	915
380	920
357	943
368	945
366	939
344	910
377	932
376	928
349	937
358	943
380	905
350	900
325	932
334	902
326	940
371	908
364	949
339	944
368	935
380	917
375	926
360	949
345	912
370	939
354	945
349	908
371	923
360	897
335	913
343	923
329	910
351	922
328	947
332	907
382	911
321	913
377	936
368	952
366	941
368	941
348	903
370	952
373	914
376	930
359	936
362	938
378	932
356	947
327	922
326	945
347	921
346	899
378	901
344	913
352	912
346	909
355	897
364	938
333	919
327	931
341	905
327	916
330	916
334	916
355	947
376	948
320	926
377	929
337	915
337	916
328	931
331	917
351	905
328	924
328	921
344	909
349	939
348	906
335	917
345	917
333	921
322	925
355	910
354	918
363	955
366	944
344	909
356	947
334	916
348	936
348	907
379	945
380	928
380	951
379	929
376	922
337	948
354	910
373	900
359	896
365	916
366	942
377	935
353	906
321	910
337	958
344	919
336	920
325	938
335	930
376	959
373	957
376	947
359	897
359	902
365	925
383	897
320	898
327	922
334	915
372	899
363	899
376	931
331	927
363	937
350	908
375	898
359	910
356	951
357	955
380	928
377	918
340	918
370	937
363	907
338	913
353	910
359	945
353	912
363	920
332	930
370	951
366	952
323	922
324	917
335	934
380	899
347	951
368	948
370	950
344	912
380	918
380	929
360	932
376	933
375	929
369	930
329	921
327	922
346	907
330	932
328	933
321	922
356	923
357	943
356	949
358	943
332	924
321	929
376	928
345	948
322	914
368	913
367	925
370	920
339	922
337	923
364	940
350	899
370	935
357	952
356	908
371	924
365	938
368	937
368	941
353	947
373	929
338	956
363	937
378	951
365	918
368	927
364	898
339	937
365	939
363	935
359	945
363	918
327	919
338	920
332	927
364	935
350	903
369	918
371	916
368	936
370	952
324	923
333	924
380	930
361	913
368	937
370	930
365	938
368	932
324	922
377	902
380	929
379	926
382	926
349	959
350	906
358	937
371	926
369	930
324	897
333	901
377	933
324	923
376	932
328	923
336	917
327	921
369	918
350	906
370	912
363	916
365	897
333	919
337	913
329	932
327	933
339	913
346	922
327	921
358	918
353	905
355	947
365	942
337	904
368	939
344	935
344	930
359	941
352	899
374	931
324	920
359	944
324	910
332	909
364	943
322	926
354	941
339	905
359	941
364	916
348	897
334	920
332	924
321	924
321	924
320	924
334	916
327	922
372	897
376	899
360	939
349	909
353	912
364	948
356	949
357	948
338	911
344	908
344	911
329	901
320	910
383	912
323	923
347	899
334	920
359	946
368	941
372	938
342	910
332	945
373	907
368	939
366	935
373	959
358	949
376	918
359	939
369	930
353	942
355	955
348	909
374	931
366	933
323	945
379	898
327	919
370	928
372	908
326	922
365	939
332	927
346	905
348	909
340	948
324	925
369	935
367	920
357	952
326	921
373	925
358	915
328	924
382	927
332	931
344	899
349	912
333	930
321	926
333	948
381	931
332	922
355	947
374	931
328	904
369	926
346	908
353	905
361	916
365	939
372	928
354	908
353	947
355	947
343	958
330	924
356	930
334	918
322	922
331	947
337	947
363	937
348	912
368	935
338	915
336	924
334	902
363	928
376	898
370	908
376	928
353	959
352	941
354	916
379	900
370	898
376	927
336	920
356	902
356	958
356	955
360	908
355	906
344	912
341	959
320	935
338	919
334	924
349	934
370	939
363	916
375	945
370	930
323	914
326	958
364	924
371	918
337	946
352	945
357	944
358	908
380	929
355	951
370	930
338	914
330	922
320	923
369	918
338	909
382	927
358	945
320	897
360	941
329	904
373	927
376	930
370	930
344	914
340	927
354	937
368	937
367	925
349	912
321	941
355	908
333	922
320	921
325	950
370	935
335	932
375	929
379	919
382	922
379	942
364	939
358	913
378	929
376	937
375	937
379	937
382	899
350	903
348	906
355	947
356	943
361	914
378	901
321	925
382	912
352	920
371	913
324	905
328	903
349	912
328	911
332	908
352	908
324	923
379	935
380	937
357	949
361	939
372	938
362	939
321	927
361	928
344	950
347	900
360	947
354	903
359	947
376	925
368	924
370	922
369	918
369	941
355	933
338	955
331	952
356	955
357	952
328	919
382	930
363	918
374	902
376	943
357	949
363	898
336	917
334	927
353	896
363	937
365	951
347	901
346	903
341	909
376	931
338	949
328	924
356	910
355	904
335	917
345	911
323	935
323	943
323	941
357	955
382	927
337	904
336	927
342	946
331	927
356	947
326	922
333	939
362	904
369	903
370	905
352	943
360	949
337	927
371	936
352	939
369	930
340	920
376	938
377	931
379	930
363	952
326	916
356	958
359	939
367	907
376	896
322	926
336	911
378	931
356	952
326	916
379	929
377	931
333	920
353	906
343	907
370	907
382	912
375	918
346	907
349	956
372	959
344	906
334	959
332	951
331	915
370	933
373	931
376	934
376	929
361	918
378	931
380	928
325	942
350	902
354	912
352	910
334	945
352	918
354	952
352	949
353	932
375	932
349	897
380	928
356	958
350	904
353	915
346	937
348	903
349	908
349	952
364	902
373	948
376	950
360	943
358	949
381	929
325	951
344	913
368	941
354	902
328	896
365	913
368	939
359	916
329	925
356	948
348	906
356	949
357	958
347	947
378	920
338	914
373	926
363	937
353	947
336	927
329	906
327	897
361	914
369	936
332	926
379	925
368	956
350	906
382	925
358	948
359	944
382	930
373	925
343	956
350	906
320	937
337	919
335	913
369	948
347	905
363	914
365	939
350	904
377	905
356	944
368	948
332	926
355	910
333	909
327	927
375	909
363	937
368	916
363	920
334	927
369	929
321	912
350	906
381	958
352	909
324	924
346	902
327	920
337	927
376	929
356	943
355	897
368	906
335	913
355	959
324	936
329	937
371	924
373	925
336	917
375	897
347	897
334	917
333	922
335	915
354	938
364	944
326	954
349	909
353	943
365	937
328	946
333	948
360	930
337	919
335	920
340	911
359	910
348	903
373	930
347	898
352	951
360	955
348	956
364	941
347	909
346	954
378	904
344	911
332	918
371	920
360	943
333	919
375	920
376	927
331	913
354	908
380	923
376	922
329	958
359	939
322	923
344	914
353	904
351	914
377	931
331	901
345	913
375	931
376	939
374	941
350	906
370	932
372	936
375	931
334	919
328	922
338	922
363	922
360	947
343	945
325	934
374	958
348	915
338	898
321	927
327	956
327	918
320	950
354	912
348	904
373	929
336	918
365	916
334	922
369	921
368	939
359	943
369	951
363	925
354	930
364	925
373	925
347	929
364	943
379	926
322	922
333	919
359	936
332	924
358	943
368	902
359	956
364	946
354	945
320	925
356	945
336	919
333	943
344	920
354	912
379	939
376	937
355	937
356	954
329	909
362	935
330	918
378	931
321	924
333	922
344	902
376	948
373	952
347	905
360	943
357	952
369	939
373	916
370	935
376	907
344	907
375	926
354	947
326	953
381	914
374	928
352	908
338	910
369	914
355	908
382	932
364	943
353	910
348	909
370	907
360	936
354	912
369	930
380	943
327	898
353	897
362	920
358	943
326	936
356	928
341	938
364	909
364	907
370	907
368	916
362	952
337	946
337	943
337	956
368	944
328	922
326	948
351	907
352	939
352	945
341	929
346	916
370	925
376	930
329	905
349	911
333	919
371	927
321	931
332	924
375	926
363	918
344	918
344	917
368	941
366	943
373	929
364	941
368	945
346	907
333	917
342	950
327	915
347	905
333	916
336	912
376	956
357	956
362	939
364	941
358	903
338	911
350	905
348	906
382	951
359	916
362	945
363	916
364	945
357	929
340	911
377	941
337	911
326	922
353	947
345	909
368	906
352	944
359	943
378	937
373	937
356	957
364	916
377	932
320	958
348	897
348	946
346	902
340	914
359	943
376	911
334	937
349	907
334	920
324	924
370	925
363	924
355	945
352	910
337	907
335	908
380	931
324	938
336	921
364	943
333	905
371	917
354	925
321	931
383	929
368	932
366	936
320	933
353	912
340	901
352	945
364	912
334	919
373	932
377	931
375	944
354	945
354	910
329	919
324	919
382	925
374	931
379	898
322	924
352	908
355	908
352	935
373	913
364	939
368	946
366	943
327	923
330	922
331	919
324	922
343	899
340	920
343	913
346	956
336	954
343	926
337	921
370	935
372	938
350	919
330	956
322	927
343	939
369	955
363	939
334	917
347	897
355	958
335	951
376	930
372	932
376	933
352	908
334	920
359	945
354	947
363	941
369	916
359	939
368	908
362	943
321	923
354	908
348	956
350	956
357	950
356	947
349	910
353	904
339	911
359	910
321	922
324	923
334	924
332	898
353	908
368	941
366	899
320	937
321	930
380	929
359	915
344	957
354	908
331	905
344	922
334	927
333	900
333	900
331	922
332	953
327	919
363	913
368	943
345	912
333	952
367	920
350	900
353	906
357	951
356	897
357	947
331	938
355	952
380	911
329	930
354	947
363	920
381	956
367	925
344	913
344	913
382	911
374	911
366	936
341	906
323	948
364	902
341	911
351	907
349	905
358	947
376	937
382	904
373	903
332	906
368	932
335	914
352	908
352	955
332	946
325	950
326	952
373	949
352	947
340	914
373	916
376	928
355	897
368	935
369	907
322	923
336	919
326	913
365	928
339	926
336	917
363	907
330	939
336	937
347	946
325	955
348	905
371	925
357	956
365	918
321	934
328	925
373	921
382	944
327	958
375	951
382	925
340	914
365	918
343	907
363	918
363	941
368	946
337	947
355	897
343	909
354	910
338	934
341	914
338	916
334	896
382	925
347	905
370	935
372	943
353	956
355	928
373	937
368	918
348	901
345	907
357	958
331	950
323	956
327	909
371	941
358	945
352	947
350	912
334	918
375	931
344	911
356	945
344	907
322	912
336	902
343	922
351	923
382	926
353	933
335	903
355	947
359	939
362	945
335	917
337	920
335	946
335	922
365	935
370	943
348	909
379	931
335	950
358	952
382	911
358	904
337	914
332	920
334	917
322	921
324	922
335	919
358	949
327	922
363	920
354	916
325	922
363	948
327	921
330	923
360	955
334	938
328	923
345	956
368	923
366	921
374	919
329	922
360	930
371	924
334	917
341	917
368	939
379	914
349	909
350	912
359	947
368	945
360	945
360	949
362	923
377	932
375	955
370	928
380	958
324	922
329	933
326	921
355	897
335	939
341	935
328	922
330	923
342	909
349	902
363	946
375	929
349	905
368	925
361	932
376	938
324	922
349	906
330	953
375	929
368	939
326	923
326	958
327	945
353	909
339	944
352	947
322	915
341	900
359	941
334	929
342	911
348	912
360	927
344	913
344	920
361	912
363	908
346	905
338	911
332	927
376	930
342	916
372	900
363	937
373	929
339	907
349	943
342	899
352	947
322	927
355	910
353	945
357	947
372	952
368	938
348	912
327	922
330	923
381	931
375	912
379	937
376	925
358	952
336	916
347	907
349	912
364	943
371	925
332	920
321	926
382	927
377	948
368	939
356	916
357	943
328	922
333	938
332	930
344	956
353	906
373	931
370	955
372	928
376	931
328	922
322	940
358	920
337	913
354	898
377	936
333	938
380	949
373	914
321	953
323	932
363	918
369	918
332	927
365	935
368	941
322	942
332	947
362	941
338	930
341	925
324	923
359	916
343	912
333	952
356	948
334	927
333	943
336	946
335	950
372	941
368	941
326	899
337	929
363	937
352	939
341	942
358	945
365	918
336	917
337	919
339	956
342	914
359	945
327	915
338	911
356	943
340	909
373	949
375	952
378	941
358	945
352	959
366	918
368	937
339	919
362	909
350	953
359	916
364	943
336	957
347	902
378	954
371	897
380	934
323	943
331	921
368	939
364	942
366	927
369	938
368	934
361	956
353	922
344	920
343	897
351	959
357	950
322	896
346	917
334	918
359	943
324	933
351	906
343	939
349	910
360	952
341	957
349	897
370	926
361	956
328	913
355	937
350	930
353	930
332	918
338	917
382	926
325	903
363	914
356	958
362	945
359	910
365	943
326	914
373	933
338	902
352	908
344	959
326	948
347	903
329	919
327	942
339	911
369	925
356	949
349	903
351	903
366	918
368	938
330	919
363	901
370	944
382	924
354	945
346	905
380	932
335	933
361	910
356	910
338	922
344	921
320	924
383	949
381	925
357	922
339	943
324	904
324	919
339	940
373	925
337	915
376	897
376	941
337	904
369	928
340	914
349	906
355	951
363	939
339	954
343	907
343	913
329	910
340	910
378	947
334	920
339	897
365	937
377	939
338	913
375	930
381	915
361	943
338	896
373	952
363	916
382	924
348	906
320	941
376	910
343	913
374	896
379	903
369	944
359	932
333	922
333	923
343	913
371	916
355	948
329	922
327	921
327	922
330	923
346	934
351	953
335	911
325	931
359	939
362	934
324	901
345	910
343	912
364	939
324	922
326	923
382	927
327	954
377	931
340	925
326	959
324	912
329	920
361	910
354	939
349	914
372	948
370	943
340	911
376	932
333	950
376	918
367	924
359	939
358	947
368	937
376	928
332	901
373	919
363	942
358	946
376	931
352	939
329	913
350	903
376	935
357	957
366	944
360	896
342	908
363	947
322	920
347	899
379	931
344	913
353	897
322	933
335	919
378	949
380	916
369	954
342	925
357	897
349	908
324	923
343	909
356	947
370	935
374	932
375	926
343	915
335	955
352	947
360	908
338	906
348	906
325	947
326	945
354	904
362	929
371	925
340	917
354	916
376	928
375	929
332	926
350	908
369	903
369	937
368	935
341	913
344	915
359	912
327	929
328	924
344	922
378	910
327	933
373	941
343	925
351	902
337	956
368	938
341	913
370	927
338	917
369	925
343	906
351	908
358	952
369	934
379	937
358	930
339	956
351	941
371	926
341	915
341	916
376	939
373	940
334	919
369	920
338	942
355	943
372	928
346	950
359	915
344	909
362	959
342	896
373	937
377	928
326	899
377	929
327	927
330	959
357	943
337	929
364	941
332	913
365	918
332	927
328	922
379	905
343	907
341	941
336	917
352	941
330	917
351	916
345	926
350	904
375	929
322	922
332	924
369	926
371	958
341	907
353	897
355	958
332	927
336	922
344	909
356	947
339	908
354	908
360	900
354	945
353	906
368	920
349	912
338	917
324	918
329	911
327	913
336	911
335	917
334	930
320	919
366	943
381	929
379	930
359	941
370	954
372	898
363	919
328	923
353	904
324	927
365	898
342	928
324	959
346	918
325	913
330	904
359	916
348	899
322	937
336	930
330	925
372	937
329	909
329	907
345	909
363	922
356	947
376	932
374	936
327	925
359	910
365	944
376	930
360	900
364	943
375	950
365	939
359	910
339	913
338	932
327	951
368	935
368	937
344	911
347	915
365	937
368	939
357	947
342	916
355	945
375	948
333	947
366	918
377	908
376	909
377	931
371	947
368	940
359	945
352	898
352	900
321	924
345	907
363	920
343	912
351	914
342	903
344	909
382	924
365	941
334	917
324	909
328	903
334	918
369	925
340	945
329	937
370	934
372	934
335	919
375	932
331	917
375	905
358	946
351	912
326	922
323	900
334	948
350	909
372	944
358	928
322	934
382	925
327	922
354	910
332	927
320	929
343	934
358	946
353	924
344	906
350	929
373	931
353	914
347	948
322	958
320	959
321	905
341	907
373	926
368	939
339	945
334	913
369	902
377	932
334	930
332	924
343	909
361	918
329	898
338	931
365	939
377	941
333	917
361	943
365	948
322	928
365	938
368	946
335	923
377	928
342	916
342	919
325	922
337	896
373	932
382	926
352	948
334	939
369	937
381	936
382	937
356	901
332	953
353	897
358	943
334	919
363	918
358	917
364	944
356	949
352	936
360	934
362	941
352	908
359	944
345	899
352	910
368	938
357	952
325	926
349	948
362	957
364	952
330	920
320	939
321	910
359	928
368	935
326	949
340	914
356	955
367	919
334	922
364	942
329	922
327	923
342	912
334	927
324	919
368	944
366	946
340	911
338	912
347	903
380	945
377	936
375	928
335	913
355	908
357	945
328	951
324	914
343	925
372	936
335	915
363	916
333	919
335	897
338	948
352	926
325	921
381	949
328	922
368	944
371	918
351	954
343	954
359	939
368	935
333	917
379	904
354	914
369	920
373	925
321	918
367	943
372	931
363	918
368	915
340	916
350	904
320	908
377	947
332	923
327	923
341	907
338	912
373	934
343	913
354	910
352	945
360	943
333	922
370	938
334	950
348	935
323	919
338	905
361	910
376	916
372	899
341	911
377	932
350	920
342	916
360	935
330	922
331	922
383	903
320	951
354	913
375	936
345	913
365	955
327	919
330	907
361	906
360	925
359	930
336	905
347	902
335	935
369	933
371	936
343	942
363	930
361	917
381	954
363	918
356	908
378	926
354	948
352	946
369	937
357	943
362	949
358	943
349	912
372	936
372	940
375	935
359	939
329	922
353	921
376	899
345	916
328	923
367	959
344	903
342	909
321	925
329	921
327	922
352	947
336	917
327	927
369	930
371	918
335	896
334	955
321	951
324	952
328	955
340	922
374	956
361	916
381	939
371	956
337	955
339	952
326	919
357	943
360	952
357	946
373	935
357	955
342	911
338	913
363	918
363	956
370	912
346	907
345	952
343	955
331	943
350	931
337	932
369	927
367	940
327	919
324	922
329	900
326	923
326	927
325	925
349	903
354	945
349	914
352	953
373	922
325	938
348	909
353	947
355	945
342	937
345	909
353	897
365	945
359	945
368	939
362	943
350	905
359	948
371	902
334	921
369	925
327	918
330	920
380	953
338	911
339	899
353	903
327	920
343	903
325	924
326	926
355	916
325	908
328	917
367	935
323	917
347	957
376	921
365	912
375	929
344	909
322	897
348	935
368	937
358	945
357	903
370	937
352	916
334	919
350	899
376	924
376	896
336	942
359	912
376	953
374	951
365	935
363	952
350	900
369	937
368	937
369	925
352	943
356	945
337	915
321	920
350	906
356	896
326	946
324	950
326	946
376	935
375	935
379	935
365	916
348	901
356	939
372	935
339	920
380	922
369	945
346	905
352	939
348	904
345	904
350	904
332	932
368	939
321	904
324	900
323	922
359	939
333	913
356	940
354	906
382	925
363	907
358	903
382	953
328	922
327	921
345	932
320	938
363	916
369	920
359	945
326	922
383	918
320	920
347	958
376	928
373	929
362	935
362	943
346	951
369	906
368	941
366	932
332	919
320	922
383	923
323	931
341	955
354	910
336	940
360	913
371	922
321	904
340	936
349	947
323	936
355	939
325	934
371	925
382	943
373	928
363	914
329	922
334	918
338	911
370	937
370	941
356	940
360	939
355	954
350	903
374	931
370	938
335	952
327	922
330	923
355	912
356	958
364	908
356	947
333	948
334	950
374	954
330	917
363	918
358	943
369	927
358	950
382	926
372	958
372	938
363	955
368	939
352	943
376	928
352	933
334	918
357	952
364	946
323	922
344	942
324	922
353	913
338	915
380	929
358	946
349	958
363	914
341	913
359	912
359	945
358	943
370	929
354	956
375	918
321	930
361	918
343	949
357	954
337	909
347	902
368	957
366	935
383	900
376	928
362	931
358	942
366	950
364	946
362	923
343	900
348	913
371	929
330	929
359	941
320	949
365	913
359	915
363	914
341	907
343	907
371	935
368	922
365	898
376	937
374	935
367	937
374	938
351	909
354	938
322	926
355	908
370	930
332	924
337	911
343	932
344	932
341	932
381	924
368	935
329	921
327	922
357	913
368	947
345	913
334	931
332	927
340	914
334	918
365	941
368	938
327	951
354	896
353	934
340	914
326	929
337	940
376	939
329	922
368	916
370	900
373	905
359	908
343	907
351	905
367	947
369	897
332	919
368	952
328	933
330	938
380	909
370	926
328	924
373	926
382	940
358	957
354	926
353	920
334	918
339	913
376	955
379	943
372	913
356	920
354	909
328	945
382	943
344	909
356	922
355	947
328	922
356	952
338	904
326	907
374	934
369	949
368	909
373	922
375	957
329	945
368	947
342	917
331	917
363	916
332	922
375	923
374	929
375	929
360	949
332	927
360	945
352	947
327	924
344	909
359	939
370	931
343	909
346	907
322	957
359	939
359	943
358	947
337	907
372	940
353	902
355	901
368	939
377	931
348	906
362	945
338	939
334	920
344	930
335	941
348	931
323	919
375	931
353	908
356	959
366	930
343	952
339	907
352	897
329	922
336	921
353	958
365	908
329	911
329	943
330	943
326	919
352	947
331	913
342	907
357	943
351	906
365	941
365	937
321	927
372	937
355	959
352	923
357	896
349	909
348	905
320	925
332	899
373	931
376	931
354	923
356	959
322	931
323	928
343	905
383	949
381	929
360	943
337	915
379	937
373	925
323	922
323	923
373	912
371	903
337	915
357	946
352	910
375	956
370	952
348	900
343	909
354	910
335	915
372	917
326	924
342	912
340	915
327	922
323	926
343	954
348	906
356	908
382	930
340	913
358	938
354	932
352	932
343	911
351	907
344	912
342	914
358	946
351	952
345	907
356	943
329	932
346	920
377	917
336	957
365	928
348	949
370	928
372	938
328	919
320	958
334	954
371	918
322	924
327	937
333	911
323	933
380	930
332	919
382	927
378	928
330	897
327	958
334	918
328	937
331	931
335	932
374	931
332	919
365	903
327	911
331	900
345	913
374	899
343	909
335	917
359	945
381	946
367	952
370	937
355	946
329	934
346	942
341	911
355	896
376	957
353	904
343	957
350	904
380	932
352	947
344	911
328	927
350	916
374	941
373	943
347	902
370	957
329	938
328	923
363	949
377	913
378	932
382	953
365	951
340	911
363	911
356	952
357	953
369	911
363	912
341	912
370	937
376	930
359	916
334	907
374	936
376	938
374	903
373	907
370	909
376	932
348	903
363	906
329	921
336	902
332	951
379	931
373	914
354	941
355	933
344	932
351	905
320	924
358	908
358	943
358	945
357	947
342	927
368	941
348	909
333	915
352	946
353	948
347	907
332	956
356	907
357	939
341	913
330	915
361	912
338	911
353	908
381	909
351	937
376	941
374	941
341	911
323	912
327	925
382	926
337	938
329	940
375	957
358	909
334	920
340	914
352	945
376	896
376	901
330	922
359	919
369	926
367	929
329	922
337	915
320	916
337	953
372	928
367	956
328	915
370	935
349	912
344	916
332	924
340	917
344	908
372	918
340	959
320	955
344	910
369	955
328	955
349	906
339	911
377	943
382	924
328	915
328	922
369	923
326	956
341	951
341	932
353	906
355	941
379	931
375	928
353	908
341	911
334	917
355	913
338	909
348	905
334	956
381	931
378	932
368	928
330	927
381	899
373	956
376	956
359	903
362	900
368	904
374	958
347	907
336	959
353	947
355	958
360	898
334	958
350	932
359	941
374	944
360	939
325	943
326	949
344	901
344	955
335	915
336	897
334	947
338	906
374	958
352	916
332	932
369	933
329	923
332	906
376	931
344	901
347	900
334	919
327	943
350	911
365	905
350	908
377	924
346	907
331	915
354	943
352	945
320	924
360	945
342	914
334	902
338	934
354	910
343	921
342	906
348	958
324	919
360	916
362	945
355	943
340	917
380	903
338	917
344	956
376	935
326	919
369	943
324	919
367	918
365	951
382	943
332	923
358	919
336	913
350	900
350	937
379	916
373	932
376	936
359	945
324	928
325	930
334	942
380	944
378	928
372	936
343	909
354	912
372	933
335	913
322	924
373	925
348	909
375	903
321	899
378	900
342	912
337	906
360	946
370	937
371	918
361	910
363	907
324	922
327	923
354	906
373	918
320	924
373	909
332	906
359	902
363	939
330	920
354	910
360	943
364	943
376	937
370	939
369	941
363	918
381	915
380	921
364	945
326	936
327	928
340	916
328	956
376	945
323	945
353	896
327	922
337	921
359	916
359	916
376	931
355	908
369	939
356	923
349	958
354	959
356	958
378	905
368	944
359	916
377	931
362	943
350	903
350	959
342	948
349	900
372	935
368	907
349	909
346	937
359	945
376	903
358	946
359	945
334	925
353	903
345	933
344	912
347	954
356	913
359	908
359	936
328	949
369	918
331	922
375	921
376	927
325	909
327	919
326	956
365	927
371	927
369	902
364	947
355	942
376	926
369	959
320	923
357	942
369	921
363	918
338	917
338	916
341	914
358	950
362	919
320	902
331	933
321	922
336	919
364	916
335	958
331	904
336	920
320	958
383	958
365	908
359	945
354	922
354	916
354	901
329	901
357	947
375	896
336	911
367	928
346	907
344	918
375	929
364	939
337	919
377	937
356	955
359	947
350	941
327	919
370	946
354	905
331	941
376	925
364	941
376	939
368	924
336	939
343	926
324	927
341	907
367	920
369	922
343	909
373	918
334	914
369	918
359	916
342	914
363	911
338	920
334	921
327	919
323	923
365	941
330	922
380	901
350	906
376	928
365	906
358	943
327	899
375	929
328	899
332	922
346	922
332	919
363	918
368	937
370	931
334	952
340	944
338	943
377	936
352	949
360	958
324	907
369	921
353	897
342	944
334	927
338	920
376	929
350	912
324	896
358	896
369	930
355	897
370	917
336	898
376	935
343	900
350	906
369	918
356	957
365	918
368	941
336	927
327	948
324	944
349	906
341	898
373	912
380	957
324	934
371	907
342	955
334	930
338	908
378	897
379	920
343	924
333	921
343	946
351	909
376	913
364	941
368	949
374	935
380	926
380	931
380	953
369	949
369	916
370	931
322	923
325	947
376	938
358	943
358	945
347	905
344	901
354	909
382	926
364	944
331	913
334	945
369	920
321	948
377	916
348	909
322	923
334	920
357	949
332	896
337	921
350	906
345	945
327	905
334	943
356	952
364	944
365	931
357	948
320	941
356	951
345	948
356	943
357	945
320	916
320	910
347	902
360	943
329	902
363	918
364	945
376	940
338	903
333	920
353	949
360	939
359	928
355	958
355	945
370	936
369	937
360	946
360	950
337	942
343	909
364	903
324	917
349	912
362	957
360	943
328	924
355	920
375	916
379	910
323	919
370	931
372	930
365	939
368	937
350	906
374	934
334	927
380	929
353	908
355	953
324	940
328	934
344	909
345	948
373	930
327	903
348	903
381	943
361	942
338	903
320	913
350	920
369	918
367	911
373	917
355	908
356	906
347	905
345	905
356	916
321	924
329	933
345	906
366	937
338	930
377	919
345	953
347	905
355	896
325	922
334	945
368	943
329	907
359	904
331	915
347	925
320	906
379	910
370	932
372	936
342	928
320	925
343	907
322	899
368	928
348	919
346	897
329	942
327	946
339	903
337	946
335	911
365	949
378	944
355	897
370	931
345	945
332	956
357	949
368	928
368	930
359	945
362	943
368	908
360	947
363	937
322	919
339	956
345	896
349	945
334	913
370	917
330	922
328	921
368	917
320	941
361	926
383	919
336	943
331	952
348	912
326	919
332	954
327	951
376	929
320	924
380	909
342	903
321	925
359	943
368	945
373	901
374	928
382	919
320	946
370	928
375	924
347	903
369	948
367	946
381	943
329	901
332	959
338	899
373	926
353	949
333	919
359	912
344	909
334	919
370	927
369	920
363	918
363	956
376	940
375	916
325	928
363	940
382	929
353	897
336	915
333	922
327	921
360	945
347	903
380	927
376	936
374	940
379	897
364	939
369	944
324	908
332	915
327	898
357	952
358	948
358	946
339	930
375	935
373	939
370	945
347	913
340	946
363	922
369	915
364	899
341	901
368	936
338	915
338	914
338	911
340	956
381	957
382	919
350	900
329	915
329	949
351	911
344	911
374	926
374	923
382	925
369	938
355	947
381	905
356	951
366	941
373	925
377	928
350	940
362	945
320	925
320	939
332	924
355	953
355	955
334	925
373	926
371	947
376	945
358	903
357	943
348	909
352	916
353	911
322	922
354	910
346	905
342	916
356	947
368	941
372	935
353	897
349	903
335	913
337	911
355	945
353	951
373	922
327	921
358	943
333	915
371	926
359	907
354	901
347	959
364	944
372	935
348	942
352	911
350	897
361	914
361	919
329	945
327	916
327	916
332	924
358	955
376	935
382	924
383	924
380	931
340	908
370	937
368	937
338	913
354	906
329	950
364	914
328	925
376	931
353	908
374	932
376	933
375	908
324	945
326	916
363	934
338	914
334	911
382	926
353	898
367	918
322	948
350	906
352	945
352	943
381	937
332	900
363	937
368	898
365	934
363	939
356	958
347	900
329	936
365	918
320	898
368	907
331	953
351	910
377	939
333	921
373	926
356	947
334	917
335	898
370	937
342	943
374	937
370	930
376	930
328	948
368	897
366	959
333	927
376	924
367	937
361	939
327	913
327	911
335	913
358	952
334	927
369	907
321	918
365	938
324	919
326	937
328	925
325	924
356	949
357	939
324	936
371	924
330	919
322	918
382	900
357	955
342	933
342	916
325	922
328	954
327	911
330	905
358	943
357	949
353	958
326	921
326	922
337	921
381	949
370	936
368	952
376	926
356	958
382	918
369	955
373	952
350	903
376	929
331	956
352	937
370	947
329	935
326	920
322	921
356	920
370	941
368	938
369	914
357	949
344	913
362	917
322	930
361	911
383	913
356	937
349	910
344	945
331	936
332	929
376	942
363	956
337	913
340	914
332	949
348	904
349	900
346	909
334	959
346	946
340	918
326	942
364	944
322	922
320	923
323	923
320	923
320	899
335	917
354	923
338	916
336	925
327	922
330	921
352	928
360	936
348	903
349	909
371	934
379	956
356	954
342	906
368	930
364	944
359	918
354	928
372	938
327	917
341	911
328	914
338	911
377	909
370	926
352	943
346	903
358	922
368	937
368	909
363	904
327	919
376	926
373	929
379	910
359	943
368	945
361	916
337	947
372	935
323	913
321	924
337	912
340	916
376	930
363	914
342	956
340	901
337	903
333	898
375	905
372	953
333	952
372	928
381	916
376	928
363	913
332	927
365	924
342	939
322	918
368	943
366	946
331	956
320	953
383	952
335	917
327	932
339	909
324	950
352	951
321	923
332	897
361	914
370	928
349	912
383	959
321	928
345	935
346	937
332	927
327	919
364	944
356	958
327	917
376	935
373	938
354	914
339	924
378	899
360	947
359	908
382	924
337	920
342	911
344	896
334	942
369	946
343	911
346	907
374	940
341	945
349	947
328	922
354	914
358	946
376	953
332	900
360	907
368	956
338	914
324	956
350	906
320	936
338	922
323	900
369	939
367	925
340	920
371	926
327	947
373	954
374	909
364	944
365	930
343	906
344	939
339	907
375	896
327	899
368	935
343	905
368	939
370	930
367	930
337	935
325	918
327	926
321	924
336	906
324	911
323	938
368	930
333	915
335	915
358	943
379	929
378	930
356	947
328	922
323	906
324	898
327	949
374	930
365	916
322	899
348	956
356	943
323	922
356	938
383	944
359	943
377	909
348	925
365	943
368	951
329	938
344	927
339	913
325	922
349	909
338	926
325	899
359	901
364	951
380	903
349	957
322	899
320	926
320	934
348	900
361	912
352	945
340	911
326	951
374	933
364	936
342	914
382	901
358	916
376	950
336	906
380	932
338	911
329	921
371	917
334	919
342	951
338	952
343	913
330	919
334	915
354	908
357	951
364	946
371	926
382	926
370	933
336	909
344	911
344	911
336	958
340	920
343	905
340	947
359	899
368	935
353	904
346	907
324	896
369	954
346	910
338	917
323	938
342	917
335	913
381	929
340	927
336	917
380	929
349	932
356	928
376	898
345	946
359	910
368	902
325	922
368	930
357	937
374	900
323	897
370	896
342	915
379	956
380	957
347	912
354	912
342	911
359	910
373	931
343	914
357	907
333	959
341	956
335	915
348	912
380	931
348	903
345	940
368	896
363	947
354	897
326	918
326	924
366	906
336	919
367	920
363	918
328	919
362	916
347	902
377	933
380	942
376	928
374	932
329	921
371	925
337	941
337	929
358	948
364	950
380	932
378	932
369	918
371	925
347	902
363	916
381	909
372	938
359	908
369	947
359	941
369	937
368	928
376	931
348	906
341	933
366	912
321	924
341	911
353	928
334	951
320	926
333	913
327	917
362	939
334	918
360	942
340	911
328	924
347	956
344	908
382	926
342	918
328	922
354	919
341	913
348	905
350	902
325	941
356	932
374	913
374	932
377	931
360	955
330	921
376	928
383	929
341	907
365	918
373	937
363	952
320	954
343	916
383	903
320	908
325	921
326	923
325	956
356	946
326	922
362	945
359	943
348	902
368	937
350	957
355	953
350	909
376	936
344	903
348	906
336	922
336	925
368	930
355	949
353	939
355	912
343	945
366	938
343	907
346	909
353	909
349	910
354	909
382	910
323	932
359	957
377	942
349	953
350	900
348	903
370	930
376	932
376	928
352	916
380	897
332	927
367	939
370	935
349	943
376	906
349	948
330	932
326	951
378	936
377	931
367	918
334	925
369	924
374	932
333	917
376	928
329	910
369	956
320	948
362	910
358	908
352	938
360	935
331	915
326	952
353	908
360	943
321	924
357	905
340	917
350	937
377	952
375	931
365	955
327	922
373	912
342	906
344	911
356	951
357	947
340	900
338	901
321	926
370	902
347	905
327	918
360	910
370	932
372	936
345	905
327	915
354	905
354	907
341	909
359	946
362	943
363	898
327	926
341	899
349	918
353	929
377	943
359	954
363	954
368	954
365	954
322	924
368	935
339	913
321	924
375	922
351	905
344	902
359	939
368	941
368	941
347	902
375	949
359	943
368	945
364	943
336	921
326	918
329	941
349	904
353	903
328	952
358	931
336	915
343	912
359	945
364	916
334	925
326	906
355	959
362	957
373	903
364	944
353	908
365	910
327	923
320	928
342	909
375	947
363	939
372	935
376	937
375	928
345	912
362	945
343	903
377	943
369	930
367	916
376	922
376	923
375	956
325	916
344	913
338	953
382	930
370	935
372	958
335	913
343	914
353	910
355	947
358	943
373	920
330	900
320	926
365	912
345	916
321	953
334	935
358	943
375	933
379	932
346	909
320	922
342	912
353	906
376	928
342	955
352	955
369	918
370	904
376	908
354	912
359	904
356	914
377	920
372	930
370	938
345	958
324	916
332	927
327	917
346	936
329	912
324	906
324	951
333	911
354	952
369	920
346	902
329	920
321	927
355	958
325	941
326	910
357	955
361	916
352	920
338	913
353	901
356	958
366	905
362	945
344	950
380	929
368	937
352	910
342	911
376	958
361	910
348	910
352	945
376	928
364	957
350	911
363	916
363	930
368	937
327	908
330	903
324	954
354	905
343	943
345	945
344	914
346	922
357	943
321	934
332	942
382	938
336	917
368	940
343	907
379	917
332	927
369	917
382	927
334	925
358	937
363	920
337	909
363	947
359	952
368	943
365	949
323	924
378	932
370	938
339	920
351	906
330	902
344	930
381	953
380	952
334	926
330	922
333	921
322	923
338	905
334	920
353	903
359	933
372	957
356	949
332	927
344	947
343	900
354	897
370	896
331	941
376	918
341	950
344	953
367	916
363	919
346	923
326	946
321	919
347	920
359	916
340	909
334	917
332	923
359	943
364	946
334	927
352	949
382	924
363	941
344	923
354	909
337	922
362	929
326	930
336	920
372	936
370	938
359	928
362	941
370	935
357	909
366	941
353	908
369	916
371	929
369	941
371	916
324	901
354	926
336	915
333	904
327	943
354	899
349	916
354	952
334	918
364	937
361	916
369	924
358	930
354	910
369	927
369	939
371	935
367	930
377	930
341	925
338	908
334	927
323	905
322	923
364	941
350	906
338	905
352	910
353	906
331	915
340	927
380	929
345	911
329	905
368	941
366	935
366	938
326	952
347	911
345	941
382	926
322	931
340	931
361	906
321	927
344	911
376	928
358	945
352	945
365	939
332	924
364	932
338	939
365	953
340	958
356	920
358	897
364	927
373	937
336	920
341	920
359	939
368	933
373	934
376	932
383	907
320	905
320	924
376	928
376	931
358	941
372	936
331	922
343	896
350	954
333	956
381	948
320	951
368	937
352	943
352	946
358	946
368	948
342	958
368	942
361	914
366	956
320	928
372	942
383	946
325	950
374	932
379	932
333	916
329	917
377	928
320	925
351	958
338	912
368	930
334	898
369	959
370	913
324	945
376	929
362	939
368	920
352	936
359	945
373	925
376	925
344	914
368	904
357	907
356	913
345	898
343	899
345	907
338	952
348	912
343	900
378	899
348	913
336	919
355	947
363	907
368	909
365	916
334	913
380	926
369	929
361	914
360	945
356	947
361	931
342	910
336	908
374	928
373	945
370	958
376	947
346	931
348	948
358	948
335	911
383	926
369	927
380	900
372	935
365	939
375	926
350	908
375	926
333	915
331	902
334	918
330	922
359	939
362	957
372	939
325	922
380	937
349	903
362	897
352	916
369	927
367	919
325	947
358	943
358	952
330	935
320	925
346	905
327	924
330	923
330	927
332	920
346	912
336	917
353	906
359	935
324	922
326	923
340	920
368	914
369	903
332	904
326	915
339	911
380	940
352	943
359	944
368	945
364	952
376	935
372	918
353	930
334	941
370	930
367	931
329	956
376	928
374	936
340	920
376	918
358	943
329	915
327	921
330	921
353	951
324	956
353	949
363	943
368	937
370	957
363	918
365	937
353	947
354	947
336	917
373	928
327	918
367	948
365	950
376	899
357	944
361	920
338	911
382	924
376	928
352	911
359	941
342	910
345	930
340	930
329	952
326	948
332	924
362	945
373	925
359	916
353	904
363	937
354	948
352	942
329	919
369	901
357	943
353	949
369	951
329	922
324	908
325	958
323	945
334	947
366	918
367	927
370	957
333	915
353	898
376	931
368	956
359	920
359	942
328	942
334	910
369	918
356	947
326	948
337	899
335	922
348	912
380	932
363	918
370	930
344	947
338	917
369	937
375	926
347	933
375	915
379	928
343	932
351	933
329	930
367	906
365	898
370	932
372	936
350	943
356	945
380	898
361	914
332	927
349	920
335	905
341	907
374	926
345	905
347	905
331	921
332	919
377	903
324	943
376	914
377	951
352	943
364	952
343	939
334	921
359	910
346	900
325	922
382	925
356	950
354	910
328	938
359	904
368	945
339	935
332	920
321	942
324	918
326	925
349	908
380	909
369	937
334	933
320	933
376	933
357	898
339	911
346	908
369	937
367	930
352	910
320	924
370	953
336	900
340	920
337	913
326	921
333	951
342	920
354	918
355	920
355	903
325	898
383	900
363	939
366	935
363	941
327	919
346	905
336	910
323	907
354	905
334	956
350	946
354	910
358	910
329	922
332	922
380	908
334	918
353	939
359	941
370	916
356	938
331	932
340	953
353	929
324	922
340	908
326	935
327	924
362	952
358	946
368	939
363	927
357	934
375	930
327	957
345	906
348	906
340	920
356	944
343	950
322	942
321	924
356	932
357	943
342	911
351	918
376	928
352	896
358	906
356	958
368	941
366	938
358	944
361	916
356	943
328	943
365	935
374	953
343	944
351	937
365	945
320	911
350	950
360	910
353	947
361	918
368	925
364	941
338	907
383	908
320	947
328	956
343	914
340	917
359	916
368	958
338	915
372	930
321	926
372	908
364	912
354	959
377	901
344	911
332	927
369	918
368	932
339	940
382	908
362	903
371	926
361	945
350	929
353	957
327	919
361	912
381	926
364	942
341	906
354	897
344	912
373	922
327	919
320	952
338	918
359	916
327	924
324	922
324	921
335	919
329	932
342	948
364	948
369	920
382	919
356	947
377	932
346	910
361	914
357	943
331	954
361	939
363	937
333	941
355	937
380	936
377	932
364	943
350	922
369	923
336	919
333	910
333	945
344	909
371	929
376	938
369	916
359	943
359	945
376	931
341	922
368	955
361	948
346	907
368	935
376	929
325	922
348	909
368	918
326	921
361	914
320	932
338	926
360	909
357	943
371	910
338	915
348	900
334	896
365	931
345	914
366	935
343	907
343	907
336	927
360	938
335	913
334	911
337	930
332	923
331	910
359	897
358	957
341	905
334	918
327	957
338	916
343	934
341	941
357	923
376	941
374	936
368	928
320	931
383	933
333	915
356	899
331	907
368	904
369	918
344	913
347	907
336	923
357	943
347	907
357	954
370	918
369	926
367	925
353	911
360	945
368	938
322	933
320	922
324	924
321	948
382	926
330	941
354	929
355	908
336	947
363	940
337	913
373	954
369	905
363	935
368	916
352	945
320	924
359	945
368	941
327	915
365	918
369	937
328	903
340	939
378	922
378	923
354	904
373	939
380	916
377	911
340	898
334	896
348	910
359	916
330	925
364	946
369	924
333	910
364	898
358	945
380	946
373	932
331	903
356	947
341	913
345	950
343	907
332	955
382	924
329	931
321	925
350	907
346	907
353	907
336	897
369	959
326	959
363	910
334	938
369	925
335	913
337	907
332	924
334	924
344	909
327	919
332	919
365	939
353	958
320	923
356	955
376	930
374	928
327	923
329	954
375	937
368	939
380	927
363	939
343	953
354	908
352	947
330	922
338	900
363	935
334	919
355	954
374	952
366	943
368	950
355	943
323	958
333	917
365	939
343	903
362	907
321	929
380	931
378	951
349	935
361	906
378	932
324	922
380	931
361	902
334	923
380	911
325	930
369	937
366	930
332	908
336	952
369	941
322	917
320	939
380	921
381	927
340	953
383	898
349	955
340	920
350	902
338	913
322	923
376	958
358	927
373	919
347	902
328	956
353	947
355	908
350	952
356	942
357	937
329	921
352	956
336	900
349	938
341	911
341	927
350	905
359	950
380	918
378	924
359	912
365	929
365	937
322	945
333	919
381	918
369	931
381	956
379	929
341	915
354	910
381	948
333	956
375	931
342	920
357	955
361	909
336	959
375	929
373	932
373	926
354	916
370	937
348	902
323	923
377	928
324	922
379	931
357	903
363	956
341	907
363	918
345	942
380	931
341	938
357	943
360	951
367	945
365	939
334	920
354	947
360	939
364	943
342	911
323	934
354	912
340	914
342	918
354	908
335	915
353	915
341	911
364	944
370	941
369	930
363	906
350	906
348	902
372	907
336	935
378	896
354	899
346	959
359	916
325	930
326	929
327	921
330	922
338	917
353	913
383	930
320	951
374	951
333	919
376	928
325	910
350	914
350	910
369	924
362	941
380	928
370	935
359	945
372	935
381	898
380	904
375	898
381	896
374	932
338	915
354	908
380	957
322	956
377	938
331	900
340	951
354	906
337	915
335	957
346	902
359	907
380	931
365	951
356	945
360	958
370	956
348	906
350	959
372	944
352	941
365	939
369	910
358	915
339	910
368	928
347	958
353	959
371	927
369	920
373	918
363	916
370	937
371	918
377	945
376	920
381	914
327	922
338	903
321	958
368	938
345	912
361	916
352	952
344	917
381	957
377	948
341	905
367	935
327	937
375	956
379	955
326	953
325	926
356	950
349	906
381	951
339	900
344	952
336	924
334	920
349	908
339	955
337	946
328	914
358	910
364	912
353	907
356	943
371	925
353	912
361	914
342	914
363	916
345	905
364	942
356	942
357	898
353	910
353	906
327	922
345	956
326	905
342	908
379	920
374	928
373	947
364	946
334	907
363	939
353	904
355	947
322	924
382	926
353	897
326	924
353	943
365	898
325	955
351	904
353	900
382	934
324	919
353	947
357	923
349	949
376	936
357	943
343	909
352	943
343	905
382	931
343	909
330	920
331	947
338	924
327	928
334	920
371	925
375	940
343	937
345	938
356	900
337	912
376	925
364	932
355	912
349	932
366	924
336	919
332	902
370	935
327	919
356	933
369	920
334	917
376	928
324	923
334	917
369	920
366	946
334	920
348	900
354	910
321	920
343	900
320	929
333	929
341	898
363	904
368	938
373	918
322	949
372	928
356	949
358	952
323	922
364	910
380	935
357	949
334	920
329	918
353	951
334	918
369	916
367	923
333	921
369	922
320	924
330	947
354	910
360	941
355	945
370	925
353	947
342	920
356	955
338	914
341	929
338	917
333	916
375	920
326	902
322	923
334	912
371	924
332	927
380	932
378	933
380	932
353	897
370	902
343	914
322	957
376	931
348	922
337	948
358	898
340	914
374	923
379	924
382	954
364	926
333	932
336	933
332	896
324	898
369	904
333	922
369	921
370	938
344	909
368	946
369	937
353	908
355	945
365	912
344	912
321	897
347	902
368	939
371	938
372	936
368	905
382	949
359	919
357	948
328	924
342	914
326	929
369	905
360	945
339	937
372	951
341	911
369	939
367	910
329	903
326	902
382	924
330	922
328	921
353	919
365	935
368	930
376	938
375	928
379	925
345	935
334	922
341	951
344	909
341	914
368	935
373	937
349	904
350	946
358	947
321	926
356	958
345	948
327	920
326	946
349	948
372	896
349	912
373	925
368	929
332	921
334	917
348	903
335	909
327	911
325	955
334	956
359	932
347	903
371	935
353	951
359	910
330	919
365	932
375	929
379	928
320	938
324	918
324	927
327	937
371	925
368	937
336	919
368	939
352	947
360	945
330	926
330	924
377	932
349	916
345	905
343	903
369	930
376	928
332	926
334	924
376	936
340	934
339	909
342	918
378	952
323	949
321	908
320	896
328	930
376	930
375	919
365	952
323	959
360	945
324	924
328	922
337	917
335	926
326	941
339	913
365	937
368	925
379	921
380	910
368	941
344	913
378	931
352	952
360	943
337	913
350	903
366	935
334	919
331	922
379	957
373	956
360	937
363	904
332	927
320	929
363	939
320	922
351	923
347	955
370	919
327	944
354	943
352	949
359	948
342	943
352	932
360	936
357	929
369	939
363	939
367	939
369	937
382	918
342	927
349	904
356	947
354	910
361	926
327	922
369	954
360	922
334	919
326	917
368	928
370	935
382	924
321	923
332	918
372	928
327	919
365	923
356	952
360	945
368	943
363	939
368	918
338	909
352	929
365	933
331	924
358	944
363	918
363	929
343	949
341	908
353	906
374	951
359	922
352	910
378	927
374	903
366	899
370	900
326	912
372	936
339	924
346	933
337	934
354	910
373	926
377	931
363	899
357	940
326	931
344	918
344	913
373	926
370	930
340	920
354	910
335	956
344	912
352	908
376	940
374	934
369	928
377	943
359	937
349	939
369	927
382	926
355	906
348	930
346	925
377	931
327	946
321	959
363	918
327	924
375	950
363	941
326	951
358	950
342	921
326	922
329	919
350	903
358	948
345	905
346	915
368	936
366	941
338	896
363	956
343	938
365	918
368	930
335	907
337	929
367	898
341	911
343	906
338	941
353	951
348	907
321	908
327	921
334	920
360	935
349	941
359	943
362	946
339	900
320	932
370	935
372	899
365	945
376	929
344	916
347	905
322	948
370	931
368	916
354	908
338	927
342	912
333	913
363	952
334	955
331	948
340	925
361	950
332	932
344	941
378	957
368	922
352	943
355	949
356	947
357	945
360	956
375	907
379	905
345	907
340	946
344	913
380	929
378	929
340	917
352	911
323	947
336	905
333	900
360	949
349	914
332	918
334	920
325	908
342	939
363	918
359	912
368	916
345	909
334	918
369	927
368	911
370	913
352	912
354	906
368	941
343	957
351	912
366	897
334	930
348	902
372	935
328	922
334	922
369	914
352	904
364	916
330	917
364	950
356	951
352	958
358	941
320	927
338	911
354	956
359	957
362	958
334	918
369	934
367	931
369	930
379	925
348	899
372	933
367	934
349	920
379	900
368	957
380	953
373	906
364	941
379	944
353	904
344	911
361	916
340	914
344	912
352	917
376	939
345	912
368	929
370	935
358	946
340	897
334	920
349	897
368	931
334	913
382	908
373	903
362	957
368	928
352	945
341	913
345	911
371	919
369	918
353	916
364	943
376	931
364	943
371	929
357	939
346	922
349	915
327	919
348	903
333	917
336	922
329	916
352	945
332	920
330	920
342	916
349	903
362	938
382	919
353	932
340	896
380	925
320	926
328	922
334	920
359	910
341	911
326	912
353	944
368	955
361	910
334	958
354	954
334	918
328	923
378	934
332	922
336	918
337	911
344	914
381	937
335	908
348	904
336	917
342	919
369	918
367	920
359	908
368	935
366	941
382	927
381	924
340	920
327	917
368	956
320	915
350	902
352	917
340	948
342	913
344	914
358	904
373	954
345	897
322	924
327	904
373	944
365	936
368	932
356	935
336	918
334	939
342	907
338	911
371	925
322	927
354	912
375	903
333	917
339	924
376	946
373	930
377	900
334	930
332	908
332	930
328	930
369	916
370	948
374	942
336	911
368	942
376	900
346	940
373	930
322	932
333	940
347	900
327	922
330	923
354	947
327	919
332	924
353	897
376	937
335	955
360	910
326	899
342	906
359	919
362	915
334	918
359	932
364	903
368	909
322	924
349	912
360	924
335	914
341	909
348	909
371	926
366	934
370	932
365	933
327	925
332	927
342	941
362	958
373	929
363	953
370	953
372	935
369	920
379	929
328	937
320	935
364	900
340	918
360	941
368	932
366	933
356	951
360	957
342	955
373	941
361	939
376	917
382	925
351	903
352	941
360	943
353	910
355	958
352	919
360	925
368	938
357	936
377	931
352	952
364	948
359	943
362	951
368	947
342	910
354	910
359	910
361	916
370	911
379	926
346	903
360	947
361	912
361	945
368	938
324	919
342	912
369	951
373	928
356	905
332	924
349	906
380	929
329	941
353	945
373	925
370	928
320	943
343	909
382	926
369	956
343	900
361	916
328	902
327	931
334	925
342	912
371	938
371	926
382	929
344	909
344	934
373	929
376	942
330	917
357	944
358	943
370	937
355	911
363	941
334	938
363	916
374	955
330	918
336	924
383	952
357	955
343	907
352	945
321	915
364	935
335	919
343	907
356	943
338	913
349	917
343	898
363	951
375	926
336	910
335	918
348	898
358	952
356	905
361	947
357	951
332	956
378	920
334	927
358	943
355	896
337	908
368	932
366	922
369	930
359	951
338	920
370	902
362	939
372	939
322	935
340	935
370	925
364	944
346	947
343	949
347	943
379	911
380	924
353	928
358	899
332	959
340	925
356	952
377	928
321	921
340	950
325	927
333	941
337	941
335	941
345	913
382	957
375	920
349	943
366	941
360	940
369	918
323	927
344	904
322	927
356	957
328	911
351	956
370	946
372	952
354	914
366	937
353	939
353	945
368	941
366	936
343	913
358	943
338	917
353	939
353	920
336	924
320	959
340	914
363	920
337	951
354	943
357	958
363	920
381	931
338	911
359	955
362	954
352	939
336	956
376	928
348	899
364	946
353	909
352	941
355	959
363	919
352	912
375	929
376	933
365	935
367	925
371	931
343	903
324	922
326	923
321	936
334	917
328	922
375	929
369	930
347	906
345	900
371	922
338	917
376	935
374	938
336	915
334	925
369	932
379	943
355	949
356	946
344	912
332	919
362	943
353	903
380	955
378	958
375	926
379	929
365	942
359	939
362	941
355	903
347	953
352	919
320	950
330	937
382	924
320	936
338	903
381	948
341	908
378	950
374	917
378	950
326	937
362	904
358	897
381	926
344	911
356	943
361	937
332	922
337	940
349	910
352	947
324	922
324	913
380	938
343	901
341	907
328	920
362	911
343	903
356	947
363	920
345	907
336	943
354	905
338	914
322	922
348	900
374	932
327	899
365	906
349	956
326	909
353	931
376	931
372	938
334	944
352	943
335	943
377	931
357	949
365	939
379	932
320	916
322	914
330	948
322	926
326	920
358	943
369	930
338	923
339	907
363	912
332	927
349	903
363	914
382	924
360	956
375	928
371	926
375	931
327	907
339	956
359	940
370	935
353	906
380	956
335	913
383	932
320	933
336	927
320	922
336	910
368	955
352	901
332	924
323	951
348	903
344	911
375	931
328	938
334	925
336	927
353	908
368	946
331	918
334	907
365	932
369	929
376	931
352	904
354	935
332	950
375	930
377	959
364	918
363	945
354	916
340	917
357	951
334	897
322	928
361	912
341	928
370	901
370	939
369	939
370	933
360	955
378	956
357	952
364	939
376	928
369	950
373	950
358	908
343	909
347	902
356	944
337	942
370	925
331	917
352	932
360	933
356	958
326	935
381	941
330	943
334	920
368	928
366	936
356	906
336	920
336	947
327	919
330	919
327	931
333	930
377	916
349	912
359	939
362	947
333	921
353	955
355	959
366	920
355	904
337	953
341	901
378	909
329	921
376	901
364	948
382	951
350	906
335	925
370	912
359	935
364	941
329	922
353	896
373	896
341	913
380	955
374	926
338	913
359	918
354	910
359	906
363	949
350	949
362	943
354	925
368	904
352	959
342	903
334	925
376	916
339	956
353	912
320	912
357	949
343	915
341	911
341	899
362	955
376	928
327	922
333	921
327	922
365	937
368	930
363	936
365	932
363	916
381	926
352	910
361	945
345	902
377	932
321	926
376	928
325	938
327	921
338	920
334	927
368	937
370	939
338	920
347	943
374	933
320	904
348	918
359	941
336	959
358	947
364	945
338	908
369	902
375	941
331	928
357	896
340	914
368	943
365	945
327	917
330	919
358	943
365	941
352	947
333	917
324	917
374	928
359	939
354	908
347	905
334	920
362	945
352	913
325	934
360	959
346	905
369	941
367	938
342	952
363	946
333	926
359	937
353	906
369	916
334	920
354	947
348	958
350	900
370	935
345	907
381	954
327	919
355	947
382	926
333	922
370	939
377	931
348	905
321	928
349	912
348	905
350	932
363	918
374	928
328	936
354	935
336	938
368	939
334	924
373	929
360	910
359	916
336	913
327	913
353	904
343	909
320	956
338	917
335	911
322	923
324	922
334	927
379	908
344	913
331	909
363	927
369	918
370	932
372	936
372	937
370	930
327	927
334	918
363	914
344	915
373	935
348	937
337	919
370	941
370	910
335	922
364	923
370	925
370	920
363	913
326	906
379	929
341	919
357	923
338	915
336	915
353	926
373	900
380	929
337	915
323	922
371	912
362	924
359	958
357	943
349	909
350	904
327	944
327	909
326	919
359	916
352	908
375	896
376	928
379	936
345	946
376	931
374	933
320	928
378	958
330	919
324	940
335	906
325	928
359	956
326	924
382	924
343	954
363	939
368	946
366	948
345	958
354	947
369	907
327	922
367	955
330	947
323	953
371	925
334	910
334	907
372	920
364	941
334	925
336	911
341	944
338	945
345	923
343	922
333	906
329	940
374	928
354	906
320	926
350	906
377	938
326	919
352	908
334	911
343	907
339	923
326	924
352	945
361	912
328	922
346	943
343	953
349	914
363	914
330	907
333	919
382	898
370	951
334	925
323	916
329	913
346	930
354	908
330	908
356	947
368	937
359	938
373	922
376	928
320	928
383	937
350	918
349	908
340	913
341	903
332	919
367	937
365	937
353	947
373	902
382	925
371	912
363	920
361	937
368	916
334	927
368	913
326	936
336	935
350	902
357	898
356	908
365	898
375	899
356	949
357	959
356	952
377	932
363	947
320	942
346	954
376	933
350	927
342	951
359	953
369	930
333	921
337	916
343	909
353	904
343	929
359	947
368	939
353	908
334	914
360	927
355	924
376	953
371	924
373	930
373	909
330	915
375	930
349	906
360	943
357	947
326	929
356	908
334	919
369	924
363	916
359	941
368	951
354	908
365	916
377	932
356	953
357	916
336	910
370	928
344	907
376	928
376	929
333	915
334	926
329	952
370	935
352	916
359	945
353	951
363	937
368	898
334	947
326	922
343	909
365	898
325	907
359	937
375	930
339	957
376	947
327	922
329	921
356	939
372	936
332	906
377	896
380	959
369	914
334	927
327	952
358	908
365	941
336	899
343	917
382	937
372	936
337	913
373	929
320	924
368	942
335	921
337	921
333	921
361	943
344	936
381	932
320	928
360	929
321	934
357	951
326	954
339	922
347	925
356	912
347	904
342	910
354	945
352	929
380	932
364	930
360	925
373	926
366	948
334	946
333	957
324	922
358	908
326	932
370	938
345	923
349	938
357	942
357	946
357	938
357	944
334	944
369	940
321	950
352	925
328	956
366	935
368	940
363	918
328	944
320	946
328	922
360	945
356	947
328	919
345	949
328	912
349	955
354	945
369	925
352	939
369	923
363	925
349	906
359	932
369	930
363	917
373	920
339	912
354	932
368	936
354	954
349	952
379	935
343	945
320	927
365	910
359	947
337	930
377	929
373	928
321	924
329	918
337	915
334	918
369	925
337	913
337	937
368	944
355	903
376	932
355	931
365	954
329	907
344	909
362	945
366	935
375	926
333	915
363	916
363	932
355	908
353	906
367	941
368	935
333	920
376	931
370	939
368	947
373	930
338	917
379	902
348	932
347	900
345	932
371	927
373	899
353	915
330	913
363	937
370	938
369	930
367	933
363	918
346	908
338	959
326	921
329	946
377	903
376	952
343	913
379	959
356	903
343	907
358	943
370	936
355	908
344	907
382	929
370	915
347	905
370	946
372	942
374	936
376	934
368	935
366	938
331	950
372	935
345	959
378	944
373	901
333	912
333	910
329	912
352	899
348	904
353	959
323	910
341	917
364	939
376	931
345	907
361	943
359	903
353	952
355	897
332	927
326	934
333	941
369	959
342	909
328	908
380	924
373	916
357	949
370	957
377	923
329	928
329	933
348	905
370	937
372	940
370	909
364	907
332	919
375	930
324	923
326	923
373	920
375	950
328	897
347	906
369	956
356	943
342	916
356	937
372	938
361	925
325	925
373	922
367	898
365	898
342	912
344	910
350	906
327	922
342	919
353	910
371	934
331	913
369	925
367	930
382	953
356	949
342	911
332	924
359	898
334	909
364	941
349	927
340	912
327	947
327	945
327	943
380	929
329	955
329	952
358	941
375	925
377	930
375	929
371	926
332	927
353	908
380	956
329	922
327	921
376	931
350	939
375	930
327	919
330	930
335	925
344	911
330	927
370	944
380	927
375	926
367	901
359	945
320	922
383	923
324	922
334	925
361	898
330	927
343	919
370	941
335	931
368	908
371	897
376	944
375	958
380	929
343	911
345	913
343	907
371	939
369	911
338	939
338	920
342	930
349	900
375	929
369	930
320	924
355	953
356	950
361	956
331	921
358	925
371	925
331	958
337	954
331	919
347	909
326	919
334	919
348	906
334	925
370	957
347	917
359	939
359	900
362	903
350	912
354	916
361	912
336	920
364	944
368	952
370	950
363	944
362	907
346	919
346	907
356	943
353	945
355	917
359	952
368	950
370	944
373	927
331	915
376	931
343	909
372	938
327	930
322	899
320	922
322	921
322	898
324	900
325	899
348	905
333	921
327	922
330	921
334	924
344	926
320	922
354	910
345	905
371	918
360	941
352	938
366	896
343	920
352	939
345	956
377	924
380	916
378	918
376	918
374	930
376	929
382	926
369	918
339	902
336	919
377	948
340	920
324	922
336	917
325	945
375	931
321	927
352	945
348	904
365	939
373	941
368	939
374	908
349	914
354	911
328	910
320	952
356	949
371	905
363	939
348	906
356	947
376	955
336	923
360	943
334	939
332	908
359	941
369	904
365	925
365	935
368	928
368	908
332	919
324	927
328	923
320	924
336	903
344	902
324	922
361	906
360	913
356	920
337	955
353	906
327	915
330	921
379	958
378	897
333	918
339	918
371	920
369	920
379	935
351	914
363	918
378	919
324	919
382	926
382	934
328	927
365	946
336	948
364	898
358	949
376	930
360	910
357	918
342	916
353	908
327	918
374	931
370	937
357	902
339	905
331	915
330	919
382	926
381	918
360	897
354	908
352	916
340	920
376	935
330	915
334	917
350	950
370	930
363	918
365	912
365	937
365	934
368	938
320	909
336	915
359	945
365	939
368	941
378	940
352	943
336	920
363	928
374	931
354	897
339	913
382	955
322	956
355	943
359	946
344	907
344	913
365	941
338	909
354	949
359	939
381	943
365	939
327	897
375	899
334	927
373	931
334	918
378	933
375	929
354	934
321	930
321	940
363	938
322	943
373	926
354	947
345	907
334	919
354	952
362	941
373	925
340	951
333	955
375	929
365	905
339	929
352	944
363	918
320	943
368	951
364	957
324	930
356	949
341	907
377	931
354	913
355	908
349	953
334	952
343	905
351	907
353	903
376	928
334	920
320	924
350	957
359	941
375	926
364	941
369	926
367	930
344	896
356	947
357	958
350	906
349	916
349	920
349	914
349	920
334	920
380	929
344	935
336	920
334	904
332	898
358	913
363	918
328	930
369	917
382	897
367	911
340	909
355	902
356	936
322	957
320	926
336	919
372	931
360	945
363	916
336	959
353	943
356	947
348	930
349	900
340	918
371	925
360	910
364	945
358	916
330	927
361	937
370	932
375	949
368	937
340	916
376	935
350	930
346	959
341	919
339	920
340	919
347	905
353	904
337	948
321	927
364	944
354	910
358	911
373	936
379	937
347	901
352	947
365	912
368	916
363	945
376	928
374	931
349	906
342	947
375	929
379	910
320	923
341	914
356	949
377	948
376	947
327	903
359	920
353	899
325	922
324	916
325	920
369	930
324	904
359	936
363	933
368	931
375	932
321	947
380	929
353	935
333	921
365	904
364	951
362	945
364	897
334	939
369	939
329	947
329	949
329	916
358	941
359	901
341	907
342	909
374	898
358	934
352	953
364	897
358	949
380	921
343	912
354	908
351	909
343	918
350	904
365	938
342	911
337	915
333	922
350	909
363	908
375	897
373	918
354	927
332	904
377	928
363	943
343	950
368	937
363	899
347	918
360	952
365	946
334	916
363	945
368	951
327	954
327	922
349	912
332	920
347	905
321	925
368	937
358	952
333	921
334	924
349	956
325	959
326	901
340	958
327	921
378	943
338	924
338	923
359	916
324	922
329	899
351	905
338	920
338	944
344	909
320	924
362	944
328	923
323	959
365	944
335	954
363	916
368	924
340	910
332	919
337	928
370	935
364	958
375	954
379	950
361	950
321	917
345	907
362	936
364	957
356	951
332	953
344	907
380	929
356	947
359	941
371	930
373	928
380	898
378	900
363	954
327	922
356	919
382	937
361	914
336	921
364	943
373	925
358	908
375	922
382	922
373	922
353	908
328	921
369	919
359	945
382	914
352	947
350	944
356	949
357	951
353	904
355	947
332	944
346	913
358	956
374	937
371	918
345	907
363	916
348	910
326	930
378	918
350	904
350	949
375	926
373	930
340	911
354	925
326	908
370	905
326	933
368	899
347	911
380	930
381	915
366	944
343	907
377	902
365	955
363	916
336	917
343	907
351	903
359	939
349	918
352	910
359	908
370	940
358	943
356	952
321	927
356	949
357	947
324	922
326	921
372	938
368	941
349	959
368	907
364	944
341	914
354	939
379	930
348	903
327	927
376	935
360	943
333	910
359	910
322	943
341	913
355	897
376	926
326	909
350	904
367	939
341	907
373	926
324	922
363	953
368	955
365	908
339	918
366	954
355	917
340	913
334	920
336	915
328	900
347	905
326	900
364	938
367	931
376	928
359	948
369	943
369	925
320	937
344	911
352	942
369	925
345	898
365	917
338	914
375	932
341	909
365	937
361	914
332	950
364	952
353	906
334	954
380	956
357	920
325	930
328	917
381	928
375	937
371	930
369	918
374	934
381	926
381	924
327	919
380	947
370	932
372	932
370	944
337	917
358	944
364	938
372	940
349	953
360	932
345	930
338	926
365	918
344	914
322	924
354	945
382	926
340	898
369	922
367	921
372	928
338	917
368	936
343	905
333	917
366	941
374	948
350	904
348	958
355	952
352	955
334	948
338	950
340	952
381	938
354	908
352	947
342	908
321	923
325	959
344	909
377	933
334	940
380	943
378	949
356	904
320	927
321	920
353	900
377	928
320	924
376	930
327	922
330	921
367	896
327	955
327	946
330	917
343	936
336	912
378	898
344	911
329	945
327	949
355	923
382	936
342	920
367	917
354	935
349	941
352	939
345	943
363	926
325	901
376	935
374	936
324	910
336	908
342	914
361	916
340	920
354	912
363	920
369	925
375	930
379	926
373	928
376	928
332	924
369	930
323	930
377	945
373	902
369	949
352	908
382	912
324	923
370	942
365	931
359	897
334	916
353	908
344	911
378	931
364	939
356	945
348	905
370	905
335	917
368	937
343	929
381	927
328	923
380	931
354	957
335	916
337	920
363	952
361	948
365	949
359	943
369	946
327	953
355	929
368	941
348	900
382	925
368	937
378	950
359	945
363	939
342	912
368	940
370	940
361	940
327	916
348	900
330	951
320	932
366	938
374	937
370	935
327	904
326	916
363	916
329	912
327	908
372	951
327	899
353	911
325	906
376	918
354	947
333	915
341	907
343	903
354	940
365	918
359	958
359	921
368	925
370	937
356	947
368	913
366	911
354	902
368	941
366	943
383	907
320	925
336	914
337	919
344	917
368	948
366	946
345	945
356	946
365	948
367	937
363	939
324	922
326	923
368	954
366	953
325	913
382	925
333	919
356	910
362	944
328	919
336	915
324	922
346	908
337	903
339	935
320	947
326	909
359	906
372	956
336	917
346	911
375	943
368	944
366	944
339	954
359	942
342	913
343	944
336	929
360	947
374	934
370	938
341	907
324	954
343	919
328	929
370	935
352	908
349	910
368	925
370	930
371	932
382	913
352	942
350	922
368	952
369	921
373	930
376	930
367	935
334	903
373	928
379	931
342	914
320	950
322	946
379	926
373	930
335	915
371	918
369	937
343	905
363	918
371	925
355	947
359	941
337	917
375	898
371	926
368	934
334	940
381	956
345	932
377	932
369	898
368	939
338	911
333	921
361	916
327	913
360	947
338	920
358	952
367	937
353	910
360	945
357	958
349	914
368	914
342	911
361	916
320	926
342	915
332	956
352	908
376	955
374	930
353	896
334	919
338	914
328	919
321	923
322	924
344	911
343	952
340	901
334	902
342	935
344	941
371	913
352	953
364	939
355	958
356	947
343	905
326	903
336	915
336	936
354	923
328	899
332	903
355	919
341	947
334	921
369	919
332	946
382	944
351	912
353	922
345	907
364	946
327	945
334	947
336	918
369	935
373	910
373	905
352	906
327	919
330	946
324	917
369	914
352	917
360	947
371	926
377	931
381	938
334	925
377	956
345	920
338	908
343	958
344	896
329	908
380	946
352	949
360	959
352	907
369	925
324	941
326	935
375	931
379	929
360	937
358	948
360	945
363	913
368	916
365	929
357	937
344	919
353	898
341	936
355	908
368	937
371	953
360	896
328	911
340	927
350	904
374	918
374	934
339	938
323	930
361	912
366	938
350	935
341	911
349	915
346	905
364	941
326	945
363	916
336	924
368	937
345	907
370	930
372	951
344	933
323	920
363	947
370	932
372	932
332	920
343	909
322	905
332	958
338	899
352	910
349	912
356	951
334	927
359	911
326	951
359	932
356	959
353	906
342	919
380	929
339	901
343	903
339	912
342	911
324	928
337	920
383	955
376	902
375	903
358	941
347	909
338	936
380	930
351	905
358	949
333	912
339	907
359	945
363	914
329	919
326	917
372	926
326	940
350	908
336	921
356	899
360	956
324	923
375	922
379	918
336	922
362	941
360	950
356	952
357	951
360	906
365	904
363	932
368	931
324	919
331	952
326	902
366	908
349	906
350	956
336	908
337	956
350	935
327	924
337	939
347	907
373	947
329	910
369	899
368	918
370	938
356	952
379	936
368	950
323	952
362	912
371	922
328	956
358	945
376	929
362	928
358	952
360	949
358	957
340	947
354	903
373	897
377	933
327	923
330	919
373	937
326	924
327	938
326	922
339	958
349	906
349	912
359	909
369	908
367	908
382	926
348	900
369	918
367	937
333	913
374	932
346	949
343	918
363	956
356	941
355	935
332	942
356	947
330	926
364	909
338	911
359	914
383	900
320	900
362	943
376	931
324	921
376	930
373	930
323	907
350	904
343	936
332	918
349	957
354	949
321	918
371	930
376	912
324	938
371	921
375	925
363	914
376	931
350	912
369	907
336	915
340	910
322	899
362	919
356	958
364	945
359	907
342	909
379	916
343	922
376	932
354	897
342	923
349	912
327	922
336	921
364	944
359	913
380	914
354	916
342	916
328	927
333	958
365	951
374	958
373	926
334	941
335	917
333	922
334	921
337	919
356	955
355	955
354	907
373	916
352	954
321	956
321	909
382	906
341	918
349	927
347	903
345	908
380	926
343	914
368	941
342	938
323	919
382	939
368	946
348	906
320	926
368	953
342	896
329	934
363	914
373	926
326	914
345	902
321	924
336	950
341	948
329	913
367	929
331	917
336	901
369	929
367	930
338	919
368	935
359	939
348	905
326	951
368	927
381	915
369	921
335	917
361	910
369	917
365	935
369	925
328	911
330	919
377	931
350	947
365	937
352	952
368	918
368	936
343	905
351	903
337	915
339	909
332	924
338	914
356	910
383	926
320	953
348	902
359	914
333	926
341	909
378	947
328	927
329	934
380	933
378	932
359	916
338	915
363	911
334	917
351	899
322	931
340	916
340	914
327	941
324	937
362	944
341	918
344	952
356	945
348	905
356	958
371	925
359	916
382	908
354	904
326	900
375	931
371	920
367	941
360	943
338	915
367	925
325	904
375	929
330	927
322	904
353	907
357	956
368	935
382	916
340	903
382	926
370	928
362	931
349	912
377	931
371	902
365	941
370	925
376	930
352	949
360	943
375	942
381	926
359	939
362	943
332	953
341	911
333	925
375	938
357	910
349	951
327	915
332	896
350	941
363	937
321	926
374	896
371	918
376	920
357	951
370	934
342	918
350	903
363	935
325	922
367	928
340	915
374	927
334	952
323	909
382	924
338	920
339	916
368	929
336	917
327	927
354	908
331	917
359	939
361	923
366	939
369	952
363	936
353	906
374	928
376	931
363	918
352	947
368	939
365	943
345	907
372	936
362	920
341	901
346	907
373	930
358	946
352	946
363	943
363	949
347	907
359	944
342	930
362	906
364	943
365	935
368	930
358	933
335	919
369	958
354	931
348	953
329	914
327	942
341	914
334	946
358	949
334	917
369	939
367	920
342	909
354	915
354	951
349	914
354	916
338	923
352	945
376	928
368	939
370	941
358	951
353	947
382	924
375	911
363	943
345	959
323	956
334	913
340	903
343	905
324	940
327	907
339	900
367	939
370	945
336	911
381	912
375	929
363	932
374	936
349	933
379	948
331	956
354	914
338	926
375	933
376	928
322	924
350	906
358	913
337	945
335	916
353	897
374	941
320	922
370	937
338	911
321	924
338	914
334	920
340	917
326	932
345	931
373	929
321	949
332	919
333	920
354	943
366	931
364	946
356	904
334	931
346	916
352	914
359	930
371	956
374	931
348	903
332	901
329	921
383	926
320	929
334	931
377	932
369	918
320	916
369	926
376	952
342	910
373	926
363	916
345	920
364	906
326	920
364	908
354	908
353	940
336	920
353	905
355	905
381	942
368	930
370	916
363	900
334	898
369	901
359	896
377	933
327	921
340	914
382	927
380	935
370	935
323	922
377	896
321	927
352	910
373	925
321	924
360	944
365	924
355	908
375	955
360	945
358	947
343	909
350	903
370	934
383	905
375	937
379	919
376	944
374	917
332	925
349	906
363	950
367	924
369	926
358	916
344	915
337	911
335	938
368	939
348	905
371	929
356	948
376	930
352	959
360	943
372	935
328	926
375	926
380	920
369	954
358	941
365	937
352	945
360	939
326	922
325	923
338	912
370	935
372	931
359	939
374	934
348	909
370	939
334	954
380	934
373	936
329	929
359	939
333	904
349	912
336	914
341	910
337	929
372	935
338	901
359	926
342	919
362	916
350	912
366	918
360	945
376	927
379	930
355	930
340	941
372	932
342	906
357	943
352	912
327	922
332	918
369	916
327	920
359	942
350	903
363	896
368	902
355	943
364	904
375	938
369	927
338	920
372	938
332	928
323	935
355	949
370	951
365	911
371	943
359	919
349	945
353	902
365	903
355	899
368	934
345	898
331	948
363	925
344	913
326	958
348	909
354	908
346	956
365	939
341	931
322	956
323	914
370	952
380	927
323	923
326	925
370	942
351	921
378	907
360	946
335	915
356	949
336	917
343	909
337	917
361	918
349	901
321	945
376	929
379	899
336	940
347	912
323	910
369	918
320	924
367	958
365	958
343	899
330	932
343	909
328	923
337	943
326	943
343	905
349	909
362	935
366	942
368	950
362	939
349	919
357	947
340	915
376	930
352	916
379	945
321	926
356	949
349	914
368	935
354	908
352	932
359	936
365	935
359	935
356	952
365	935
350	900
377	927
378	950
331	915
325	937
328	941
355	955
381	930
373	925
359	950
347	907
354	916
352	945
376	944
338	915
336	921
343	903
324	919
348	906
377	931
379	912
378	928
334	952
337	913
335	917
324	916
379	932
382	924
372	939
368	941
327	915
351	897
331	921
359	945
368	938
373	910
327	922
374	946
383	953
320	955
358	924
335	913
339	902
373	945
334	927
362	902
332	935
321	922
358	956
343	912
351	939
376	937
363	938
324	922
328	921
369	946
353	939
361	939
362	939
364	916
352	943
360	949
356	945
367	918
358	925
363	927
334	920
345	920
356	927
333	913
376	944
346	903
359	949
342	939
347	903
349	935
370	922
372	935
333	922
327	921
327	922
361	916
371	931
340	930
372	909
330	919
331	931
333	933
326	932
363	916
350	935
368	938
352	907
340	914
365	935
365	919
341	911
361	918
340	911
366	935
342	901
342	914
376	956
345	953
343	959
363	910
345	923
356	934
352	938
324	940
369	918
379	930
363	912
334	941
344	907
357	951
324	922
326	923
364	942
342	912
348	932
343	932
364	944
356	951
344	911
352	945
361	910
342	943
328	923
338	917
335	913
349	906
332	911
347	945
378	938
324	898
356	949
352	949
360	905
346	896
345	959
320	924
349	911
368	938
369	918
343	937
379	911
377	913
329	936
359	918
363	926
321	938
322	944
329	922
363	918
369	945
356	947
352	908
332	923
363	916
323	904
373	930
355	897
376	931
346	902
320	922
366	941
364	944
368	938
373	930
344	903
340	911
334	915
326	952
329	908
339	916
340	911
352	945
328	922
327	921
361	914
365	935
359	910
345	897
350	905
334	945
361	910
377	938
338	913
326	911
340	920
364	941
338	919
348	940
364	945
330	900
368	944
343	909
321	936
335	950
327	930
383	929
379	930
326	950
324	948
372	933
376	929
344	896
376	928
330	921
349	912
345	951
378	922
366	941
368	941
368	937
370	930
368	951
370	947
354	914
357	943
333	896
349	916
344	941
363	933
371	945
363	939
370	959
359	928
361	930
353	939
337	913
335	943
325	899
373	926
363	945
358	916
340	951
376	936
376	902
364	949
359	939
329	919
320	954
354	915
334	920
341	913
377	948
380	941
378	943
375	930
334	896
369	959
382	959
370	926
372	935
370	905
370	938
320	949
381	951
345	946
369	942
334	946
375	957
346	918
359	950
362	908
368	943
326	922
333	933
353	958
320	918
368	944
366	946
348	899
329	921
327	913
377	932
368	935
324	919
379	930
373	931
375	930
359	945
331	921
344	911
347	901
377	932
369	936
355	911
355	907
358	907
343	906
329	959
368	910
370	939
368	918
370	942
375	925
352	958
326	945
336	944
357	917
328	933
324	932
369	935
370	939
353	897
373	926
382	936
367	898
348	904
348	904
337	925
324	913
342	912
349	951
329	905
337	943
381	917
357	897
375	928
340	912
359	956
363	914
368	916
347	905
336	919
321	905
368	912
371	907
336	903
346	923
343	922
334	919
343	907
342	908
368	937
334	916
373	942
327	920
363	937
356	903
351	959
360	934
380	932
372	935
378	931
358	906
353	924
356	897
382	926
365	916
338	914
340	947
359	933
365	916
358	946
328	919
364	926
368	929
337	942
345	913
337	913
380	951
372	902
355	908
338	911
371	941
332	937
356	912
370	936
360	945
368	935
333	921
326	924
380	933
364	938
370	928
368	913
323	942
368	930
369	918
373	947
362	939
376	935
367	923
343	913
357	952
358	955
331	915
367	918
376	908
329	922
328	917
355	919
376	935
338	913
338	923
338	911
367	918
369	940
353	909
343	949
349	912
328	954
348	942
326	956
335	911
361	925
374	933
325	951
342	909
350	904
370	930
349	945
352	930
352	939
369	925
331	923
333	911
380	947
356	956
336	932
367	927
334	912
344	909
334	920
354	912
343	912
352	912
334	917
368	944
366	938
355	947
351	951
343	948
371	925
332	927
327	922
380	931
338	911
349	919
345	907
344	912
359	916
364	944
360	948
371	927
371	919
336	914
369	916
350	904
375	937
381	937
383	959
340	914
363	920
320	924
361	914
333	919
366	938
336	917
336	915
348	905
356	947
353	910
348	900
347	905
350	948
320	929
370	937
350	912
348	903
354	908
371	930
334	927
361	918
382	925
349	914
340	920
374	921
336	917
322	923
320	902
333	913
363	952
376	928
370	944
365	941
327	917
364	948
380	919
378	922
339	925
331	934
376	940
346	905
374	941
354	912
371	925
334	930
333	917
337	919
332	924
342	926
354	912
358	941
370	932
335	922
337	921
364	899
361	907
329	916
362	932
358	934
366	933
364	924
333	921
368	935
366	938
337	937
369	898
353	912
352	939
360	945
352	920
364	935
356	930
326	902
359	922
368	919
359	904
360	897
377	939
342	909
338	919
366	935
332	926
325	922
368	913
356	955
365	930
335	909
357	938
332	926
343	899
379	914
375	958
362	937
330	919
341	919
353	903
352	900
352	916
356	949
373	937
370	930
359	935
352	938
352	948
356	902
358	957
332	926
370	950
356	923
354	910
353	903
357	947
375	929
375	929
353	908
320	932
371	927
335	899
338	901
332	925
336	930
358	949
383	914
320	914
365	937
356	951
352	910
360	945
377	929
334	918
353	937
379	938
373	932
377	934
341	925
356	905
352	913
341	943
366	915
375	956
331	938
372	954
374	901
340	947
342	910
381	953
361	939
350	910
336	913
328	929
376	935
348	900
348	901
370	937
344	906
333	909
321	925
373	956
381	924
343	910
375	936
378	946
331	940
379	902
361	912
366	928
359	937
369	905
334	920
321	946
362	952
362	946
345	922
377	932
374	931
332	920
354	897
365	953
352	910
380	932
378	936
366	935
364	935
322	922
379	948
354	946
376	943
352	955
358	947
337	896
357	926
365	911
379	930
325	955
359	938
364	935
345	909
341	937
362	943
344	935
370	945
363	914
332	917
335	959
381	929
340	920
322	932
338	917
345	913
320	924
365	896
369	930
353	904
348	912
352	909
333	915
382	918
321	905
339	909
361	930
359	929
343	901
339	909
343	947
373	939
329	897
359	943
361	916
363	917
355	896
334	918
381	946
362	948
321	957
372	922
322	943
325	949
338	911
344	911
337	946
355	897
364	941
348	906
333	937
321	898
367	937
322	917
340	920
320	922
364	909
368	957
354	939
335	906
369	938
341	907
353	947
332	927
321	927
373	957
345	942
336	935
356	954
343	913
332	919
364	944
354	920
343	898
334	919
340	924
338	927
369	937
346	937
335	913
359	939
359	939
346	957
368	933
366	944
328	957
338	941
354	947
382	932
333	916
328	956
353	957
365	945
347	930
368	944
365	939
368	930
356	958
357	944
350	903
361	909
364	946
358	939
353	912
334	925
352	908
341	911
372	936
382	935
335	934
363	925
373	928
328	922
342	939
358	952
352	947
333	922
375	931
379	929
371	939
374	935
356	947
360	945
362	943
376	928
374	934
349	912
356	958
343	907
351	913
358	943
380	921
343	912
363	916
333	919
341	911
371	926
332	927
332	932
369	933
351	903
327	922
368	941
348	945
343	900
321	924
328	924
332	917
324	906
355	908
356	947
376	935
324	932
371	944
375	942
322	946
320	952
348	911
326	942
344	913
320	952
376	936
323	922
376	913
330	919
334	923
368	938
372	936
352	959
346	952
364	939
353	897
379	935
368	938
359	940
321	906
336	924
360	929
371	924
365	910
344	913
358	949
336	925
333	925
345	930
365	939
368	937
376	928
371	925
327	936
330	940
334	946
353	910
334	902
378	916
363	957
335	911
325	957
367	930
360	926
359	941
334	942
369	946
348	903
329	935
359	920
367	930
332	896
368	928
329	933
368	908
326	924
327	946
330	904
342	950
352	900
360	939
362	947
370	935
361	913
327	916
331	932
358	943
342	922
328	912
342	914
351	904
344	904
353	947
378	902
334	899
380	901
370	946
372	942
368	938
328	942
328	924
336	917
370	956
371	932
348	902
357	931
365	946
333	917
376	930
322	929
368	917
320	926
343	901
354	910
359	943
359	939
369	931
367	930
336	916
327	958
321	917
324	930
346	954
358	942
359	939
343	909
359	910
358	949
364	943
366	916
334	939
369	935
349	912
349	902
332	937
354	951
353	903
346	913
348	903
338	916
367	937
371	926
369	925
322	958
340	920
332	913
354	958
353	945
355	940
360	939
360	947
355	946
343	909
342	909
383	927
356	945
341	913
323	951
335	907
336	938
355	906
356	910
356	952
368	938
350	912
341	907
343	909
353	926
342	914
359	937
352	916
341	909
375	922
375	926
369	959
345	938
342	900
371	926
367	913
323	918
320	916
340	916
338	921
339	907
348	909
340	930
382	926
359	936
333	919
347	909
347	909
353	898
342	907
369	930
363	916
371	906
376	936
374	929
359	949
362	947
353	944
333	919
368	937
323	916
343	900
329	921
370	928
376	935
372	918
348	916
356	920
358	914
368	940
336	919
373	920
382	928
321	955
370	956
352	955
350	912
343	903
322	896
369	926
371	937
335	932
337	933
382	925
359	937
382	930
337	899
329	922
349	911
382	926
348	902
361	913
373	925
368	901
321	913
338	930
360	931
368	947
348	914
333	915
374	928
363	919
324	919
322	926
357	909
326	922
371	924
354	949
373	926
340	911
376	937
326	957
322	925
371	924
323	922
328	923
380	929
364	944
381	925
338	956
356	943
354	908
321	956
334	916
340	945
349	903
341	909
375	930
380	933
350	919
360	950
334	927
369	923
343	905
329	952
359	945
364	912
368	898
353	899
326	915
329	915
347	923
358	943
382	922
321	927
358	945
320	958
335	959
337	896
377	952
380	950
334	910
369	920
361	912
365	954
353	916
347	905
361	900
364	944
337	922
331	921
370	958
339	915
363	912
368	928
326	915
366	947
329	927
324	922
333	915
347	901
351	937
361	914
359	896
360	947
369	906
368	930
326	922
329	921
350	906
332	923
376	932
374	936
382	929
323	922
351	907
344	902
368	937
330	918
334	920
376	922
333	919
350	930
353	900
348	902
346	905
363	916
321	908
322	945
320	916
347	920
358	946
364	952
369	937
375	906
354	945
355	943
361	948
363	930
359	910
338	921
373	926
334	918
340	920
374	917
363	916
379	952
374	950
336	954
360	949
326	950
374	930
364	934
331	897
353	908
328	925
359	914
336	920
320	898
358	943
335	907
368	941
340	915
364	924
375	929
379	922
338	919
339	897
337	911
358	914
368	922
350	900
352	947
337	906
335	916
355	959
343	933
363	946
338	917
350	911
358	943
340	927
342	918
337	930
369	918
344	905
359	916
352	943
360	945
327	929
368	943
359	941
370	928
372	938
327	917
333	915
343	905
368	942
370	937
382	930
329	939
349	906
348	904
354	916
365	937
338	953
342	953
352	910
336	913
331	915
371	903
382	910
322	907
324	943
381	907
337	915
372	948
338	913
340	956
337	945
370	928
372	937
359	949
343	927
336	921
368	951
366	957
381	936
337	911
329	922
345	913
373	927
367	916
348	944
374	936
382	937
339	927
365	941
373	928
327	947
368	942
366	944
350	906
379	951
358	949
368	909
341	932
375	956
325	907
368	947
335	930
375	898
361	916
361	939
356	943
354	949
333	897
370	947
375	953
365	916
336	919
353	945
349	941
368	943
364	943
366	943
352	902
347	908
369	937
358	939
358	950
320	898
355	932
321	901
344	924
361	916
373	931
354	908
355	912
332	923
332	927
323	921
365	925
377	929
373	901
332	924
371	926
324	930
349	903
360	915
356	906
344	935
353	945
380	930
369	909
336	913
347	905
382	935
340	910
342	945
333	902
349	906
340	912
337	915
343	907
321	925
334	920
382	957
330	897
372	947
369	943
344	918
322	952
369	911
331	935
366	938
328	939
365	937
366	931
383	924
377	956
345	957
334	913
358	946
358	939
344	909
368	941
366	941
343	907
360	949
353	908
364	917
352	937
376	928
374	934
336	927
380	903
381	929
359	959
362	949
356	947
368	918
374	916
370	937
360	944
359	943
329	922
327	921
320	921
349	919
329	902
365	903
370	907
376	905
378	904
327	946
345	939
327	959
380	905
331	917
369	918
320	919
352	947
354	910
369	924
371	939
322	949
320	951
338	929
356	913
337	927
332	959
327	934
352	957
376	929
376	931
369	925
376	928
350	930
364	941
335	915
361	921
367	944
365	946
323	925
329	903
331	907
352	945
355	897
328	922
332	944
321	950
372	935
344	917
329	902
334	920
358	943
328	924
374	938
354	910
358	943
346	905
335	913
365	916
358	949
340	914
348	912
321	922
356	901
362	946
372	939
363	910
323	922
327	913
366	935
363	917
328	922
352	947
329	914
374	913
348	906
361	916
357	955
363	920
348	897
359	903
359	941
368	946
328	911
355	958
356	959
353	897
334	952
333	953
349	906
366	916
383	951
383	926
351	907
329	921
376	955
356	958
371	959
348	908
342	909
352	908
325	921
337	919
324	922
370	956
356	946
344	914
342	897
330	940
364	914
323	922
376	917
334	923
354	910
370	936
375	931
369	925
334	908
352	903
379	924
332	927
375	931
354	943
359	943
338	959
337	907
334	917
347	907
345	907
320	898
333	948
345	941
364	945
338	911
322	937
370	928
370	946
372	904
334	925
369	927
368	935
370	945
337	913
359	903
362	908
361	907
360	937
379	914
360	947
320	911
332	916
358	955
362	937
367	930
367	920
352	945
356	947
353	904
359	945
333	929
328	922
361	912
344	915
338	909
338	917
372	897
321	939
320	909
360	943
327	915
330	919
344	946
356	932
365	916
370	938
343	913
351	917
338	909
369	930
332	911
363	916
340	911
349	949
373	929
354	948
342	942
341	907
338	927
334	920
360	926
358	938
354	932
332	933
341	911
365	925
368	925
341	915
328	927
336	911
322	912
343	934
355	908
334	920
369	916
370	936
382	920
341	907
349	909
333	951
354	908
356	958
361	905
375	926
379	930
327	929
355	901
334	945
323	922
359	941
362	937
368	945
343	903
351	905
380	940
359	916
342	916
353	953
379	930
349	941
337	942
353	909
334	927
336	922
354	952
331	921
341	923
360	942
368	944
344	909
377	931
376	930
359	957
334	920
333	920
321	950
349	912
342	943
320	927
335	916
336	937
338	917
344	915
334	956
369	928
370	956
322	957
359	951
373	902
349	930
349	956
347	905
359	941
362	920
348	924
368	915
363	916
336	912
368	943
365	947
380	912
346	927
357	951
358	920
354	949
352	947
362	935
366	916
369	916
369	930
342	939
365	939
361	912
328	905
334	919
337	903
325	922
368	928
355	958
334	916
331	921
360	945
348	902
352	939
369	928
374	928
367	928
376	938
354	938
323	943
353	920
374	926
351	909
363	939
368	937
320	920
383	916
375	951
361	916
335	924
364	928
344	955
365	903
369	901
370	930
322	953
380	943
324	936
346	907
357	951
321	929
327	922
327	907
370	904
372	907
343	903
340	912
327	954
370	955
365	939
369	930
363	955
332	930
367	921
330	920
327	919
379	922
343	905
332	923
380	931
334	914
341	915
382	924
356	943
329	949
373	926
372	914
370	935
353	947
373	914
353	948
364	946
321	927
347	910
345	924
349	930
368	930
370	930
360	908
381	929
362	935
354	947
353	947
349	906
379	920
324	922
379	937
341	932
328	915
326	900
359	941
362	916
343	911
381	926
349	909
327	950
352	947
360	949
376	935
374	928
359	945
353	947
344	958
354	910
348	913
344	938
346	959
349	898
322	922
329	920
327	916
382	926
336	919
349	907
343	905
369	930
324	919
322	911
328	923
358	941
339	897
331	922
366	943
376	928
361	939
363	900
327	905
332	921
336	919
368	928
370	929
356	943
332	920
337	915
368	928
352	947
374	951
326	939
364	938
338	910
349	907
373	937
370	935
374	930
320	924
375	936
375	926
365	935
368	916
358	943
366	941
368	923
380	930
370	901
324	912
320	913
371	927
360	939
323	923
324	922
326	954
327	923
349	908
333	904
338	919
334	919
369	920
381	910
355	953
383	933
370	928
372	936
360	952
382	939
351	902
340	919
365	918
337	913
333	947
341	925
362	941
337	917
365	941
364	942
375	937
381	945
334	919
376	931
334	904
324	922
345	944
348	938
369	925
358	930
379	928
376	940
364	943
349	900
365	948
359	950
341	909
363	930
353	902
342	923
336	920
338	943
363	914
361	920
363	916
343	914
351	906
379	930
354	910
376	927
358	943
344	915
331	898
337	913
343	943
351	946
355	938
366	935
368	906
327	922
352	932
365	933
365	911
368	937
372	942
381	925
352	945
378	947
381	915
341	909
355	900
361	914
369	920
348	912
364	955
343	913
332	947
327	947
330	947
370	937
368	905
341	907
336	921
376	916
375	920
379	905
382	924
326	922
356	948
347	909
370	935
340	914
356	902
373	934
375	932
320	922
332	918
337	899
381	929
320	926
373	905
370	905
374	905
376	905
370	938
330	919
343	924
367	925
377	931
367	931
380	931
341	913
354	914
330	915
320	923
369	934
338	913
360	957
334	920
369	917
321	924
379	931
361	910
341	918
356	957
342	908
338	911
348	940
359	952
369	930
361	956
365	910
375	942
348	912
329	919
365	918
349	931
368	941
322	923
365	946
381	900
330	922
371	925
335	917
330	913
369	931
359	945
364	935
354	924
320	931
345	905
360	904
346	937
345	945
360	958
347	907
380	908
377	945
360	952
365	911
364	943
335	920
336	917
336	927
376	903
374	906
363	922
376	928
360	936
377	935
345	909
368	939
343	905
369	896
320	908
382	926
380	936
328	922
334	923
324	941
332	923
352	908
353	899
343	931
351	922
338	917
353	910
356	952
355	916
359	939
378	928
375	931
377	924
334	920
370	937
357	908
371	956
346	945
349	903
343	913
352	902
332	927
354	912
368	923
349	905
352	899
356	947
367	917
347	907
350	904
355	956
369	930
322	913
338	956
353	910
367	941
365	938
327	943
323	897
322	926
383	926
320	926
353	897
370	928
372	928
367	909
373	906
356	953
331	915
332	926
349	919
334	939
369	937
333	938
352	918
347	911
331	922
335	913
330	901
363	935
368	944
321	923
325	922
332	919
321	911
352	916
328	923
332	924
352	916
368	906
321	924
369	937
340	919
362	949
331	943
373	925
372	935
370	931
382	946
359	922
379	930
320	957
321	951
363	916
335	917
336	945
353	936
374	933
376	932
366	936
364	904
332	917
331	922
355	950
352	953
325	957
370	932
372	936
364	938
382	946
375	950
368	928
348	912
377	932
363	918
369	937
342	916
359	955
375	904
381	903
376	945
325	954
358	956
364	943
355	904
326	948
324	938
370	944
378	937
374	904
376	940
368	935
342	912
349	956
329	913
338	913
376	928
374	928
366	935
369	954
343	905
354	906
355	902
349	912
340	920
352	939
326	922
324	921
364	944
356	947
338	909
350	951
376	954
331	944
356	900
376	926
346	905
368	920
352	943
360	949
343	907
340	914
336	915
380	954
356	922
334	915
320	930
321	956
377	931
359	916
342	958
371	930
373	932
371	936
352	898
344	929
379	926
359	943
327	922
322	923
362	935
370	931
372	935
371	918
359	916
323	922
343	903
320	951
338	915
383	932
320	928
334	917
376	912
374	945
371	927
332	924
324	919
380	918
338	914
340	911
342	914
358	908
330	917
377	943
358	943
360	923
321	906
382	898
379	901
328	936
328	945
363	937
362	943
358	943
355	952
373	926
373	959
343	905
364	942
374	932
358	906
380	948
354	950
349	914
345	907
321	927
368	956
375	925
345	913
340	911
334	923
366	937
375	932
370	930
376	928
365	918
328	913
379	929
380	924
369	923
345	954
352	916
334	920
350	906
341	910
380	929
370	929
332	926
358	952
381	929
365	897
323	922
349	906
348	909
366	939
356	947
368	897
367	906
369	905
321	906
369	925
376	937
336	919
338	922
323	923
324	922
352	959
354	900
352	908
321	927
326	903
367	935
371	937
372	931
352	945
342	914
345	907
365	916
330	903
327	907
332	924
357	943
320	929
334	919
383	916
346	903
342	911
334	920
322	922
377	930
348	909
357	896
365	915
358	933
370	938
338	927
355	911
378	905
321	913
320	956
321	907
365	904
375	926
334	919
343	913
350	953
382	922
343	927
338	912
354	953
363	946
333	906
338	917
358	945
382	930
363	925
337	918
358	934
342	948
373	925
353	915
341	959
321	924
321	920
340	921
346	949
343	903
326	921
343	900
334	917
371	920
338	919
381	947
360	947
358	949
380	938
378	944
375	906
353	922
341	913
328	924
335	956
339	930
321	932
329	921
327	919
369	929
363	926
347	905
334	927
374	916
326	952
373	929
371	926
369	929
356	951
323	938
352	947
370	898
352	909
353	912
323	922
334	933
331	915
340	914
363	920
377	932
382	926
327	922
342	916
343	905
321	911
354	945
365	897
369	928
367	930
342	922
377	932
375	930
382	950
363	922
334	923
359	910
324	937
334	918
344	914
369	927
320	953
382	925
351	904
346	930
354	908
353	908
321	926
335	915
367	937
367	930
370	936
334	920
320	913
337	929
347	930
368	897
368	926
344	920
332	926
377	931
374	913
352	919
360	921
375	930
369	927
337	913
366	935
368	936
340	926
350	898
376	930
375	930
326	940
351	943
376	945
364	921
338	928
366	931
370	930
374	912
336	925
371	945
359	911
332	927
327	922
340	926
359	939
358	902
327	922
343	903
328	923
336	923
333	911
325	922
361	916
370	942
320	946
383	938
372	944
346	907
347	911
349	896
365	916
341	925
334	918
320	927
327	947
327	902
368	943
366	949
325	948
378	953
381	952
380	929
363	898
334	905
369	930
367	931
336	918
338	945
320	920
354	916
341	911
352	947
352	920
353	948
354	950
354	913
352	915
381	953
363	940
377	928
347	922
341	911
368	943
376	924
379	920
354	903
354	947
339	943
376	931
374	932
369	931
372	953
354	947
374	932
332	919
332	924
324	922
326	923
343	909
326	940
357	939
368	916
329	917
359	957
353	906
338	913
365	944
359	935
364	948
382	925
353	935
376	928
374	932
334	926
332	949
359	910
382	919
329	919
327	917
330	911
358	946
333	956
332	935
350	939
372	933
364	943
369	935
335	897
326	922
350	904
352	916
326	934
337	911
352	943
368	920
353	900
326	953
356	939
370	899
372	898
327	949
333	919
371	926
340	937
369	925
327	922
364	946
327	927
330	913
355	905
325	925
364	949
356	900
376	928
354	910
344	908
371	921
335	911
337	915
341	913
359	911
327	915
343	909
333	942
348	951
358	929
377	936
373	925
370	929
328	936
350	920
355	945
343	909
346	905
364	899
338	945
360	941
360	943
364	943
342	946
326	910
324	916
369	918
333	915
375	929
369	925
336	916
359	951
363	945
343	907
341	940
324	927
327	933
330	932
353	956
327	956
375	947
321	913
367	930
369	926
349	934
350	906
372	935
374	938
356	949
357	955
356	909
327	918
330	927
376	930
375	930
360	949
363	937
329	943
350	948
324	932
326	929
343	905
351	905
329	936
376	908
320	919
382	930
358	941
344	909
376	916
343	902
361	914
321	956
344	911
382	924
377	906
335	915
320	926
326	922
321	919
330	915
330	916
332	939
334	945
354	945
320	924
343	924
344	936
342	942
339	944
334	925
378	932
328	922
324	913
371	921
338	917
352	947
349	914
335	953
352	899
338	923
355	908
349	906
369	923
357	941
363	942
356	916
352	910
367	918
369	952
336	949
334	943
342	903
368	937
369	906
375	929
356	908
367	940
365	937
353	908
368	930
365	937
339	915
349	896
342	916
373	928
360	955
379	930
370	928
354	952
363	918
326	921
365	915
368	916
363	916
361	924
375	937
379	930
347	905
322	948
350	896
372	938
370	935
370	932
372	933
363	935
334	924
377	927
328	922
321	923
364	909
380	931
381	936
333	911
362	939
367	937
356	938
371	926
352	910
376	951
338	913
376	936
326	952
345	919
373	947
340	910
363	920
368	937
357	953
374	928
353	952
363	937
367	937
326	919
336	920
322	919
365	939
348	910
327	922
379	930
361	945
374	941
351	916
342	914
351	912
349	957
371	927
321	924
371	926
370	948
322	923
323	922
372	935
353	908
340	904
338	956
368	956
324	921
326	922
364	911
373	931
348	903
353	904
365	943
370	935
372	932
342	919
339	935
334	950
336	917
356	951
363	914
348	900
353	902
341	911
351	922
348	954
374	947
344	903
368	941
373	926
353	908
355	897
341	959
354	932
382	925
349	945
348	936
344	956
341	907
339	909
345	911
357	913
380	929
363	936
353	903
376	934
374	932
380	929
335	913
380	958
378	897
361	916
355	947
365	958
329	948
327	916
330	920
331	905
356	955
349	956
378	911
352	908
349	917
369	930
340	914
375	926
359	906
371	920
356	952
327	897
333	917
326	919
370	928
353	910
380	938
378	940
370	930
356	953
373	959
382	951
322	957
328	922
334	923
362	899
376	941
381	929
373	929
353	912
349	912
360	914
368	943
353	897
347	909
377	923
368	940
366	942
346	938
320	931
366	935
368	937
343	910
327	931
329	930
350	942
350	905
343	907
356	945
372	930
375	942
369	905
336	909
345	903
370	940
380	919
359	937
373	937
337	938
335	934
329	913
327	913
321	922
356	952
363	951
334	937
330	949
366	939
379	952
343	948
359	959
334	936
368	937
343	905
364	958
356	899
349	943
345	903
343	909
324	926
326	922
353	904
335	930
354	908
364	943
370	927
372	919
328	911
365	926
368	935
378	903
352	910
367	938
368	944
368	930
353	897
355	906
362	944
338	913
340	905
344	907
323	939
361	920
344	911
382	940
369	931
338	913
365	910
368	909
382	926
370	935
368	948
370	918
326	942
356	958
356	944
368	941
346	943
344	909
337	956
321	924
334	951
331	899
347	912
349	914
340	956
359	910
362	957
370	959
336	930
326	945
336	920
331	933
349	943
355	903
353	910
356	947
357	949
346	918
336	920
371	929
352	947
348	909
355	958
369	956
352	958
343	922
381	929
380	925
334	927
367	920
362	911
358	934
371	927
340	914
371	936
358	943
359	945
360	945
343	899
350	906
366	938
368	936
338	897
340	909
373	914
377	930
350	912
350	933
348	898
361	946
368	939
348	954
353	908
322	923
336	919
338	911
376	951
374	952
338	915
376	949
334	943
338	949
380	953
326	903
352	943
371	927
351	925
358	951
330	915
368	939
364	911
344	913
322	956
338	921
344	899
364	941
327	940
380	931
358	943
324	955
368	938
366	919
363	959
329	911
337	910
357	915
376	956
382	954
377	932
353	912
328	924
374	948
359	920
363	928
377	950
356	930
329	948
334	917
347	953
372	928
372	936
326	915
328	922
350	906
348	911
359	928
370	903
352	910
353	906
349	949
349	945
349	943
351	912
336	911
348	899
352	906
353	900
372	933
337	904
335	899
375	900
333	959
338	917
341	915
380	901
349	910
332	922
334	920
368	930
329	899
350	897
348	938
344	913
371	926
333	927
381	935
382	928
362	939
359	945
361	945
359	947
373	930
375	926
354	912
354	909
358	946
343	922
333	941
382	924
343	896
337	918
353	955
363	937
364	901
379	930
379	937
368	925
358	906
383	944
368	930
370	935
342	917
344	916
334	918
348	908
376	932
374	936
352	947
332	919
364	939
329	930
327	949
348	924
334	906
365	938
373	917
370	936
372	932
358	946
320	924
371	927
332	923
344	907
377	949
353	904
376	928
356	955
357	946
328	922
359	945
356	953
370	932
364	948
328	926
376	922
352	910
376	932
340	906
377	929
369	956
353	912
379	934
373	934
349	903
347	905
368	916
359	945
337	950
358	943
364	944
368	913
333	927
327	919
327	919
375	934
363	950
333	922
344	911
338	917
375	938
376	934
354	916
333	915
352	913
334	944
374	933
379	932
354	904
359	927
368	941
362	946
356	955
383	898
383	904
365	898
350	956
326	953
370	938
334	939
341	901
330	923
359	937
327	931
361	916
340	907
328	928
337	935
327	923
324	923
351	913
376	931
344	907
343	913
334	919
341	957
329	936
338	911
373	928
346	905
369	942
367	941
381	906
336	911
321	916
372	956
343	907
332	946
326	930
324	918
329	897
368	935
366	938
327	896
349	951
375	907
369	937
367	936
357	946
329	938
321	924
359	950
366	935
360	926
334	913
321	924
356	951
349	909
370	900
331	922
333	921
383	929
350	906
341	907
345	918
343	930
354	914
338	909
326	906
355	909
372	932
354	911
376	899
331	898
348	903
357	898
360	918
354	949
339	911
375	899
336	915
360	947
334	920
371	926
368	930
323	927
324	937
370	928
370	918
377	938
354	901
331	899
375	934
320	934
369	920
337	911
366	941
342	943
331	936
382	926
335	924
380	956
329	943
382	909
352	934
333	940
371	931
376	930
320	924
338	913
334	916
340	920
370	947
372	938
382	927
332	924
369	945
363	918
369	916
358	949
324	919
341	958
323	956
324	956
340	937
334	950
381	906
346	957
321	930
349	923
376	928
349	912
361	914
345	911
359	917
369	920
348	912
348	924
347	907
321	925
352	941
337	898
363	906
361	914
336	954
370	899
373	900
356	905
340	911
336	917
353	912
351	905
344	911
332	919
347	903
369	908
363	916
332	923
368	937
365	941
324	922
334	925
381	918
354	912
327	958
358	932
322	926
320	903
360	896
365	945
359	945
372	944
368	938
369	920
367	918
382	936
321	905
363	918
368	925
328	956
368	945
357	955
329	902
342	911
383	945
327	916
341	910
336	948
334	942
365	937
370	929
381	956
380	954
349	914
337	949
354	945
352	945
380	902
378	900
345	918
343	937
337	911
334	927
373	937
367	916
376	920
370	914
368	904
356	915
374	909
366	944
368	916
366	935
354	906
375	929
328	913
322	913
356	898
357	896
336	917
330	922
334	927
329	955
327	952
359	910
336	922
369	925
332	952
334	948
376	925
367	937
370	917
364	928
370	935
372	935
376	936
369	905
369	937
337	938
357	910
372	940
371	935
356	919
357	923
343	909
359	945
325	944
326	948
351	906
344	940
344	909
340	958
334	952
354	904
363	897
359	897
358	943
351	948
348	948
339	923
372	949
355	947
358	949
366	907
340	925
338	915
325	922
338	911
346	905
326	955
334	896
371	929
360	928
330	905
325	915
329	955
376	925
341	919
379	929
361	916
351	908
328	903
320	907
321	909
338	920
363	901
369	925
336	913
346	900
338	919
327	938
373	925
329	919
358	949
328	924
375	925
341	913
338	911
360	910
352	908
348	902
377	932
354	900
328	919
363	926
320	930
365	937
336	928
327	920
363	939
382	926
345	940
358	945
360	947
354	945
332	946
353	954
355	955
342	911
327	921
345	907
379	896
373	956
347	922
346	923
324	919
326	923
332	916
337	959
380	948
327	940
321	924
363	939
373	942
334	919
363	919
323	919
352	912
362	931
372	932
338	932
369	956
342	914
349	903
344	940
382	951
321	954
357	950
356	903
338	916
355	907
353	907
360	908
320	899
364	941
364	941
331	915
351	917
372	957
362	931
382	924
363	914
371	919
370	928
378	951
365	935
369	935
372	926
372	934
329	922
375	935
335	955
366	941
342	918
343	916
343	909
321	927
322	922
368	936
374	932
337	915
363	923
337	951
364	943
328	919
378	913
368	907
356	945
370	956
341	907
328	925
348	903
322	924
353	947
375	929
365	941
370	937
354	909
353	912
334	918
350	955
324	935
326	922
373	936
338	920
324	903
326	907
325	905
372	938
346	930
365	925
350	897
331	913
330	925
371	904
331	942
358	898
343	912
372	940
366	942
382	926
338	957
368	903
333	913
324	915
356	914
358	943
334	949
376	930
375	931
362	943
369	906
363	914
362	943
354	949
338	897
329	899
353	904
352	900
368	910
338	913
338	917
382	911
366	938
365	931
349	920
338	941
365	905
369	934
330	952
364	925
323	953
350	903
376	930
338	917
342	903
365	916
348	907
375	931
350	914
369	916
335	911
330	927
378	932
341	917
359	920
354	920
334	957
340	939
344	909
375	918
353	904
320	926
366	941
380	954
356	955
322	921
335	917
353	904
359	910
341	913
382	928
331	898
354	906
378	932
363	925
359	945
353	899
355	945
343	913
338	911
382	930
354	924
374	950
376	928
368	928
341	911
335	915
376	917
372	940
357	949
330	931
320	947
344	912
353	947
355	945
359	945
376	932
334	920
324	922
341	955
352	945
323	897
338	917
324	922
342	912
324	922
330	940
370	935
359	916
370	929
339	952
356	951
357	909
353	938
370	935
326	916
360	955
352	951
330	909
363	936
365	939
377	931
380	929
343	917
337	920
354	943
378	935
356	955
357	955
364	946
363	937
350	904
343	945
342	911
359	916
343	946
358	939
322	900
341	909
346	905
359	942
376	929
381	932
380	931
348	935
353	925
358	949
330	922
383	930
353	911
352	908
371	926
358	955
372	935
353	943
355	949
373	933
382	936
332	932
352	908
323	905
349	926
368	910
334	919
338	917
329	956
366	935
360	897
334	943
352	946
360	952
352	924
352	949
326	913
356	930
357	929
363	934
340	920
377	918
380	930
378	937
373	941
348	912
368	938
354	910
345	957
359	939
368	941
374	924
325	904
324	926
326	929
380	942
338	920
373	925
352	943
350	903
358	939
331	905
341	945
333	958
338	952
359	948
332	917
369	918
370	937
347	908
368	930
337	913
371	932
377	933
380	955
332	927
328	912
370	928
344	936
337	928
323	900
358	943
363	918
376	955
351	910
330	919
326	926
331	913
321	924
347	907
338	920
368	935
322	941
365	943
334	928
346	905
368	909
370	912
351	921
372	939
366	952
374	932
321	923
359	916
347	903
361	906
343	905
347	900
348	905
358	943
349	916
337	913
335	920
379	929
341	913
377	915
369	930
371	941
337	946
353	911
359	955
349	909
354	945
382	926
354	953
363	951
368	959
337	945
326	945
369	939
372	943
343	919
371	945
362	937
344	917
337	938
365	938
343	956
328	922
331	934
375	942
372	935
356	943
340	944
327	925
375	944
353	902
327	901
354	897
343	954
360	947
375	925
355	947
357	908
333	915
326	916
370	928
372	944
330	914
347	909
376	903
381	929
373	926
341	911
376	910
363	940
328	925
333	915
370	934
340	949
324	945
370	933
372	933
320	931
334	912
342	910
334	927
368	941
366	944
349	912
368	939
373	956
382	921
357	934
337	934
356	954
346	957
327	911
363	945
329	923
369	908
359	946
352	947
363	918
356	920
343	954
376	931
371	925
370	936
328	922
325	914
339	950
371	937
338	942
376	945
348	912
340	907
360	913
355	911
330	919
336	921
343	909
341	949
335	943
363	937
379	926
323	922
355	959
380	930
332	939
382	929
370	937
320	927
376	925
359	927
368	927
362	927
327	929
334	954
324	939
359	913
368	905
362	945
341	917
344	920
334	920
332	926
377	933
327	919
327	922
331	924
344	914
351	905
364	932
342	912
342	912
323	905
332	925
326	959
360	902
350	906
359	945
348	900
344	914
358	958
376	929
363	937
334	927
332	920
347	909
368	935
368	928
366	920
374	936
336	917
334	919
340	920
335	927
370	936
326	913
344	911
343	917
374	943
374	932
366	933
364	944
359	946
323	943
375	929
364	940
368	934
327	936
329	938
373	930
371	924
335	927
380	947
357	954
361	925
356	953
340	917
360	908
324	919
364	911
352	922
334	914
347	903
348	902
339	958
363	910
334	897
344	911
342	912
327	916
326	907
366	919
370	899
379	935
339	932
376	952
368	941
322	935
357	943
363	914
382	943
336	917
342	911
350	951
345	909
369	937
367	916
374	936
359	939
363	916
352	939
359	943
368	949
340	958
359	910
327	921
345	957
336	917
365	932
368	935
329	903
329	899
335	933
338	906
381	918
363	909
355	958
360	953
367	896
357	930
354	944
340	900
353	904
340	941
363	945
342	909
373	905
324	900
328	899
326	938
327	919
330	920
369	930
326	922
349	911
377	932
359	954
362	955
345	939
363	920
362	945
348	943
340	920
375	948
327	927
355	943
359	945
369	937
334	918
354	953
352	953
380	897
339	959
355	908
366	935
349	934
335	942
337	938
345	914
356	953
329	918
376	923
337	915
382	926
352	934
348	898
369	938
376	908
375	947
334	911
365	928
369	936
349	909
321	934
375	946
379	948
364	946
363	932
327	906
330	947
331	915
327	922
331	913
346	956
331	915
350	903
382	945
338	911
350	908
382	926
350	912
328	919
321	936
326	908
370	923
334	930
324	954
370	913
376	911
360	943
377	929
352	916
359	946
374	947
365	945
340	916
340	911
340	943
340	920
363	948
342	914
363	916
330	919
376	938
368	935
380	931
363	935
338	924
362	943
365	910
368	938
348	953
371	928
375	929
365	939
321	927
343	909
370	935
368	927
366	924
375	920
325	904
368	954
366	944
348	903
350	916
348	920
356	913
363	916
345	899
326	904
333	919
380	903
324	938
352	945
371	945
343	919
345	925
333	910
381	916
359	945
332	947
361	910
359	910
345	952
366	924
326	952
368	946
336	914
333	914
320	911
379	928
323	944
328	935
326	956
335	898
343	911
360	950
352	953
324	898
327	922
324	951
326	947
334	920
352	949
360	940
350	909
373	938
363	928
363	926
362	923
348	939
364	941
363	923
359	932
382	931
338	911
362	902
368	904
352	931
376	941
377	956
334	918
369	930
360	943
360	945
325	922
352	933
352	947
382	924
355	947
329	917
345	913
372	948
324	952
377	931
370	948
372	933
340	920
343	942
359	950
333	927
334	927
370	932
376	910
341	913
335	917
337	911
350	957
372	911
330	923
349	912
357	951
332	927
332	920
375	924
368	927
371	925
371	925
382	927
368	940
360	945
371	920
381	949
350	908
368	941
366	935
374	932
371	925
321	930
350	903
350	912
342	928
344	907
347	903
373	937
377	932
344	899
334	914
365	936
379	916
358	943
354	912
367	930
377	932
363	916
336	919
343	899
344	905
374	945
355	910
352	926
359	916
346	905
377	900
350	908
339	951
352	906
352	908
352	912
334	918
328	899
343	946
350	908
330	922
326	923
349	918
343	923
364	925
370	953
340	917
352	958
349	910
330	924
376	932
373	925
369	930
346	907
369	956
354	953
350	905
356	951
358	958
334	930
324	909
368	928
368	906
369	903
382	942
375	902
349	956
376	932
374	936
380	915
327	920
370	928
344	914
372	912
329	921
328	951
364	952
341	907
373	918
344	898
343	920
351	925
328	924
353	904
324	922
361	916
334	928
352	911
338	922
347	912
356	949
363	939
353	910
358	939
340	926
380	932
341	907
379	924
362	949
342	911
338	920
365	911
375	931
331	910
331	945
370	899
353	908
331	945
331	916
331	939
353	908
320	897
334	924
336	927
341	911
345	913
360	945
370	939
341	903
379	924
358	941
376	939
370	941
349	912
356	900
344	907
335	915
333	909
333	901
362	939
327	914
373	899
352	947
355	942
376	930
324	924
369	925
367	932
351	909
343	920
356	912
320	926
362	933
339	945
356	936
355	933
332	919
353	908
345	925
343	920
351	903
352	908
338	943
368	937
326	922
348	904
341	899
341	910
373	904
376	932
363	916
376	950
374	952
362	938
383	951
326	902
320	934
357	955
354	910
350	908
376	937
353	945
369	925
334	918
327	903
330	907
349	946
327	922
330	923
336	942
368	948
370	942
376	952
375	950
323	909
326	907
381	935
376	929
371	925
365	935
373	918
357	948
358	950
353	906
354	900
348	935
351	907
375	929
336	917
363	930
363	914
328	903
341	917
339	915
379	931
363	912
359	939
356	898
353	904
352	939
359	916
374	938
368	957
329	907
353	908
355	947
382	938
362	943
353	908
327	957
330	947
379	941
324	927
359	943
362	938
363	918
334	918
370	937
381	947
380	906
328	899
343	905
351	913
350	912
359	939
323	955
352	951
352	943
320	934
350	916
362	938
358	935
365	939
365	937
382	938
327	917
337	958
368	938
377	933
332	957
341	903
379	931
346	910
354	910
374	928
335	914
351	907
375	929
323	919
359	941
368	930
362	937
327	923
352	947
352	899
365	943
359	945
329	916
325	924
337	915
373	929
343	909
362	939
368	939
329	957
321	923
336	917
370	944
336	918
334	916
321	924
356	958
365	939
332	918
323	906
375	905
362	939
375	957
345	947
375	944
377	897
356	906
355	947
358	908
376	929
322	923
375	931
322	922
338	911
352	902
335	956
357	958
341	906
375	931
375	948
379	950
324	932
333	922
334	927
352	947
360	949
365	900
321	896
334	904
370	939
361	918
322	926
333	929
354	911
352	908
379	929
355	930
376	931
377	936
348	909
341	915
343	914
361	958
351	911
371	937
334	918
340	933
343	900
341	954
376	929
355	958
356	910
368	935
370	931
372	930
342	914
342	929
356	946
379	929
380	952
378	934
363	934
368	935
361	912
327	959
330	899
376	932
368	938
377	931
336	959
350	903
363	920
332	919
358	927
364	946
334	929
370	908
372	947
359	910
373	930
378	901
370	928
376	943
370	938
333	924
351	897
333	917
328	930
361	916
345	934
343	938
341	911
378	929
363	924
375	939
332	951
378	945
333	915
328	950
382	924
354	932
349	939
347	915
335	912
361	916
358	952
337	915
334	925
355	910
382	928
367	919
343	897
365	916
320	924
340	903
337	942
368	941
370	939
349	900
369	918
367	930
377	932
376	933
354	906
350	912
373	925
359	945
360	903
344	911
363	914
375	941
345	909
354	912
382	956
348	899
353	908
328	919
334	938
368	928
343	903
322	901
375	931
350	937
380	935
325	914
347	906
329	919
322	930
345	907
331	938
382	925
330	918
375	906
331	917
352	945
320	897
341	942
379	912
375	929
344	956
357	946
377	913
363	916
368	945
382	938
380	926
357	937
349	943
363	916
339	913
379	930
327	919
340	951
372	917
367	918
342	903
326	956
364	935
359	941
370	925
368	935
342	914
339	914
335	911
332	924
344	916
337	913
341	907
353	904
332	914
376	932
370	906
374	912
377	943
350	906
356	943
364	954
345	931
362	927
331	916
365	918
369	930
341	943
343	935
351	938
358	943
339	941
374	932
347	904
345	904
376	928
336	922
325	921
354	898
336	922
357	947
324	922
328	923
381	926
379	897
321	924
323	944
337	913
337	938
337	900
342	908
343	907
355	909
355	908
333	913
337	954
359	914
339	916
377	905
337	958
359	956
349	914
360	941
363	920
340	920
375	932
339	913
341	908
332	927
327	920
330	910
380	898
378	952
375	935
328	924
356	945
329	923
327	922
341	911
372	927
373	925
326	954
328	924
347	905
360	939
342	916
350	942
337	948
321	942
346	903
370	938
372	958
366	937
346	934
344	924
354	943
339	910
340	939
359	910
371	927
363	918
363	920
365	939
347	900
353	919
366	941
364	915
368	945
383	938
364	941
358	946
365	943
378	904
327	921
353	910
365	939
374	937
376	930
358	952
377	936
360	945
358	943
331	936
338	938
378	910
381	916
365	943
365	916
368	918
348	906
382	923
360	935
345	907
344	907
344	901
326	939
348	904
371	943
368	945
331	905
344	907
368	936
373	929
367	918
382	925
358	901
340	920
329	956
340	912
344	911
325	922
334	925
376	928
333	907
321	924
344	912
342	912
373	925
361	958
339	924
346	907
370	928
343	940
359	941
332	896
334	919
359	939
362	941
320	932
347	905
375	929
344	924
359	941
373	925
336	922
321	943
369	926
328	945
334	919
332	921
371	922
330	924
373	926
367	938
381	930
369	922
327	958
346	943
348	903
334	920
369	927
382	933
375	931
336	920
329	922
349	942
365	934
343	907
360	943
358	951
347	905
346	903
322	923
374	924
375	931
345	902
367	918
344	911
353	905
357	951
368	918
323	934
358	946
379	929
348	906
337	915
324	924
379	929
354	958
332	905
382	905
359	914
359	943
368	949
344	939
349	914
363	918
344	922
338	923
379	930
367	925
347	905
373	952
356	900
368	944
368	938
349	940
368	930
325	947
333	952
361	910
370	900
369	918
361	939
352	910
374	934
376	940
383	913
358	943
383	898
327	904
322	899
370	938
376	906
368	901
328	924
323	925
326	923
343	934
361	912
355	908
323	908
344	914
370	930
333	924
334	946
349	956
349	932
380	929
336	917
365	935
368	919
376	931
329	954
330	899
342	904
353	906
335	935
327	905
339	924
381	932
374	913
376	945
374	958
356	907
345	909
371	959
373	897
363	945
353	935
360	908
374	928
368	941
337	935
335	916
352	943
334	919
379	928
348	903
346	913
327	924
327	921
372	907
364	958
331	914
331	937
374	932
353	910
324	949
327	908
359	941
362	930
352	927
370	943
329	921
358	946
357	954
347	945
362	939
364	929
345	927
382	926
378	901
326	922
374	916
329	917
343	905
368	928
334	909
338	914
343	955
368	936
366	938
344	951
373	927
332	920
320	919
321	937
379	931
363	929
348	902
341	909
371	927
343	922
359	898
332	925
321	945
363	911
369	918
367	920
374	928
369	937
370	936
334	927
325	956
350	910
352	928
327	935
348	906
326	923
333	952
375	931
320	930
359	937
362	941
325	934
344	908
321	916
321	923
353	947
337	918
322	903
354	908
348	903
350	906
325	930
326	937
367	928
363	939
356	922
375	921
374	937
376	940
359	939
362	923
326	938
368	938
366	938
381	940
371	937
373	930
334	943
342	920
376	950
364	917
376	932
374	936
340	920
360	899
356	952
380	931
334	930
376	930
322	924
336	925
360	943
347	905
332	920
327	921
324	922
320	913
361	903
360	951
346	949
351	945
339	947
361	923
342	919
360	938
354	935
376	958
377	929
356	945
357	943
373	929
359	910
381	919
327	915
352	947
373	922
376	921
347	899
382	926
376	942
321	954
380	945
374	947
369	937
367	947
325	908
360	942
352	946
336	904
327	917
334	919
336	943
364	941
342	950
375	926
351	909
340	920
356	952
348	905
353	947
369	918
340	943
344	911
366	930
379	896
363	937
357	955
356	916
346	897
373	944
358	944
368	944
366	944
376	944
376	931
358	916
365	918
346	907
328	922
324	923
373	925
335	945
324	937
326	916
358	950
365	940
342	920
369	925
367	931
324	921
326	922
371	899
344	909
376	930
374	938
350	953
369	918
332	927
332	930
382	912
349	903
352	903
360	907
343	909
366	911
332	925
343	949
346	910
368	941
356	908
372	940
374	958
369	906
375	925
344	932
342	933
321	919
376	930
358	943
342	946
322	922
329	951
335	926
372	936
370	933
356	943
353	910
373	926
334	923
375	944
330	920
345	907
368	935
361	933
328	920
348	958
358	946
337	914
372	928
368	937
363	920
327	919
343	896
351	907
328	919
330	922
357	952
359	939
337	915
333	946
348	904
335	923
373	929
376	931
337	911
333	911
335	911
337	915
326	902
363	920
348	903
369	912
335	937
344	914
354	911
365	941
369	937
357	941
322	896
349	910
321	909
370	912
359	920
320	956
369	916
376	929
334	927
344	912
340	908
360	955
361	910
321	919
381	930
359	914
336	905
382	924
359	941
358	899
350	898
369	920
350	906
350	908
364	905
344	922
348	908
354	905
370	939
327	945
363	939
320	924
356	953
327	935
348	903
358	930
338	915
333	908
354	952
347	953
342	956
358	946
373	939
369	937
365	923
326	950
381	949
377	909
336	950
356	922
332	921
327	922
330	923
361	909
355	945
359	939
349	912
345	907
353	956
365	908
368	947
363	913
368	900
366	904
324	924
353	904
356	951
321	938
322	943
320	944
354	938
379	929
367	916
359	913
352	906
376	950
353	910
363	918
352	954
365	950
359	953
352	908
360	932
327	922
345	907
359	917
362	943
356	949
369	925
374	938
376	928
359	941
362	943
365	917
360	919
368	956
365	937
326	902
382	930
359	955
328	921
330	921
334	956
370	937
369	923
328	951
330	919
381	929
371	943
326	901
359	910
352	945
329	919
359	933
323	947
343	905
347	907
322	927
320	920
341	905
324	927
356	930
329	926
336	922
376	931
379	938
342	956
329	956
332	906
360	943
374	928
382	930
324	922
327	922
352	906
336	914
332	919
381	950
329	921
362	939
376	956
360	945
378	928
331	915
327	922
330	923
363	950
321	929
365	916
321	923
342	914
341	913
324	938
364	948
334	928
353	935
352	948
349	956
359	953
375	925
343	935
353	906
376	939
331	922
382	924
324	904
333	958
370	930
365	938
368	930
373	958
359	939
351	920
335	919
358	950
353	904
335	922
352	916
372	911
377	931
374	944
340	920
379	925
341	959
353	958
328	922
325	923
355	920
352	934
356	943
342	949
354	945
350	942
320	923
321	922
322	923
356	943
335	915
367	930
344	920
347	902
349	920
353	908
355	904
373	954
368	911
362	912
370	914
377	926
379	957
374	955
377	930
350	956
353	908
355	955
355	952
353	904
355	908
352	928
375	929
320	918
363	925
368	925
365	925
324	919
367	920
343	907
321	923
352	947
345	909
347	905
333	942
380	938
338	918
334	920
369	945
325	922
326	921
327	955
365	941
342	914
342	911
370	937
345	945
363	916
360	916
368	928
382	927
368	930
378	955
343	915
359	947
380	902
357	921
371	923
334	917
377	958
334	920
324	919
320	934
325	904
326	902
338	916
373	951
327	906
375	904
328	927
320	917
337	908
367	926
349	925
369	904
343	919
365	932
369	933
361	946
382	896
379	943
350	906
368	907
320	898
383	951
373	952
383	930
324	940
334	925
340	914
326	916
340	903
352	950
362	952
325	937
359	916
365	943
345	917
327	923
380	931
354	945
341	913
370	954
332	896
369	943
371	906
328	917
327	923
336	922
373	930
349	900
365	937
379	938
333	923
346	905
342	911
341	919
359	945
344	949
323	901
329	902
373	929
376	930
354	945
355	945
350	908
345	915
344	911
340	916
342	920
333	922
365	921
356	947
327	920
349	931
337	911
346	935
362	935
326	919
376	931
350	904
363	937
322	923
373	925
351	910
327	914
324	920
322	923
346	951
360	947
358	939
368	914
366	916
371	927
365	935
340	904
366	951
326	898
338	917
377	933
325	897
350	903
363	916
372	930
345	902
350	904
359	910
368	939
329	950
351	938
359	954
363	950
361	918
369	927
339	932
333	957
336	911
375	930
349	903
350	953
364	944
348	950
352	910
350	924
338	921
353	920
334	937
337	909
335	917
369	956
322	954
320	955
343	953
320	958
353	906
334	924
360	951
350	900
354	903
337	913
363	937
354	912
349	903
369	906
367	927
382	947
346	914
377	932
341	913
360	943
382	925
354	949
352	908
337	928
365	947
327	920
362	945
371	906
349	910
341	913
373	927
332	922
335	915
337	958
356	950
382	938
334	927
320	924
341	935
338	917
350	947
353	951
349	957
360	945
358	943
373	904
366	942
338	914
321	901
332	920
379	901
353	920
337	897
340	914
344	900
376	928
344	909
328	954
374	932
335	958
369	896
367	897
336	958
351	911
382	934
320	924
338	955
329	904
349	912
353	912
346	918
369	920
367	956
333	911
368	939
369	939
354	901
361	937
337	958
335	958
372	944
350	906
363	930
365	929
382	954
363	935
350	916
365	945
370	931
324	935
326	930
376	922
336	920
341	911
331	955
362	959
374	918
382	924
348	906
382	925
380	956
321	925
340	945
365	916
347	905
324	919
334	927
370	935
326	956
368	913
329	922
326	900
371	924
376	931
350	956
342	903
331	904
354	947
352	945
327	917
323	940
321	927
363	924
368	927
365	926
356	911
355	897
381	934
359	910
359	941
322	958
320	913
363	959
363	954
343	907
345	905
343	907
343	912
352	933
357	920
376	935
374	929
330	945
325	922
352	947
354	910
367	937
326	924
323	924
322	923
341	907
359	898
331	953
373	940
382	940
368	937
350	903
328	939
358	930
374	928
333	915
372	935
339	912
341	915
333	915
358	943
354	947
352	945
359	926
370	903
372	906
346	956
344	911
358	949
346	905
345	904
370	938
370	935
352	910
329	911
337	938
352	910
371	925
326	948
344	916
359	942
368	939
362	922
326	946
349	942
334	906
353	896
329	908
327	897
332	926
382	924
357	955
340	917
349	908
325	920
353	915
349	899
364	946
324	930
370	931
359	945
342	910
349	945
329	922
327	921
379	929
359	943
356	949
377	938
369	925
336	959
359	897
341	911
373	952
373	948
373	950
375	930
379	904
337	913
335	913
328	922
380	931
380	899
365	935
368	951
371	903
383	922
320	901
342	912
349	930
369	918
370	911
372	899
373	930
356	951
376	928
376	930
372	928
366	938
361	945
355	916
375	938
379	942
376	933
329	928
327	917
349	906
353	924
358	942
336	914
367	930
374	928
373	948
372	935
373	938
338	911
377	930
369	926
330	924
356	953
357	946
328	919
382	926
325	948
378	941
342	909
364	935
354	908
324	922
356	948
326	922
328	943
354	897
375	926
326	927
325	909
336	897
373	902
370	905
349	906
372	949
345	909
356	948
328	919
327	923
330	923
362	900
364	903
364	941
381	941
366	937
365	910
368	945
334	927
360	941
323	923
364	943
358	948
360	946
380	952
369	937
364	946
332	952
370	957
340	918
356	909
324	927
337	955
322	906
356	955
381	916
348	900
365	928
359	936
352	949
368	938
366	935
336	956
376	937
336	921
348	916
338	914
369	918
344	929
371	918
343	938
324	900
376	908
369	927
343	903
373	930
333	936
354	941
352	904
324	946
342	912
321	924
327	927
369	917
380	956
340	914
351	906
342	934
343	902
334	919
379	929
378	936
381	948
360	941
360	947
337	929
338	911
354	916
372	928
370	929
324	902
325	947
365	941
328	935
363	918
333	906
321	910
376	902
345	912
365	918
368	916
363	938
368	938
361	920
373	931
365	937
355	901
326	897
359	956
369	925
367	914
344	909
340	947
340	945
340	943
383	921
383	938
381	952
360	944
362	946
365	918
368	916
335	929
326	956
353	904
358	943
340	914
352	908
344	896
352	910
364	916
341	913
379	931
354	939
352	945
327	925
333	913
343	916
350	906
334	906
338	914
322	924
358	949
369	918
327	917
342	954
349	912
353	920
342	914
328	916
324	908
372	934
352	947
343	942
339	948
382	945
358	938
382	924
376	899
370	934
372	936
380	931
364	942
361	920
371	948
336	904
362	946
341	956
348	917
375	956
353	908
343	907
335	913
328	923
322	923
350	903
327	916
341	909
363	924
365	935
337	958
363	918
342	908
348	900
334	914
323	904
338	908
343	913
351	905
356	923
375	911
338	952
382	926
326	910
359	910
363	918
353	910
328	919
350	900
364	910
362	908
342	930
334	920
355	947
325	922
342	908
368	938
344	912
364	920
330	924
321	922
347	903
375	905
369	925
349	933
368	937
366	939
363	912
359	939
370	938
332	926
359	916
345	905
346	911
352	910
363	918
354	945
343	912
349	942
370	905
344	913
368	944
368	935
362	911
352	941
347	947
352	947
362	944
344	927
370	941
346	905
359	941
362	943
350	923
327	959
349	901
328	954
368	946
327	918
327	925
355	925
369	916
356	922
350	906
347	905
376	935
373	939
368	939
333	921
370	954
373	906
337	922
347	937
348	938
335	915
327	922
343	909
368	939
357	942
327	919
330	919
332	922
344	912
363	939
360	910
327	914
327	916
342	920
322	929
348	900
334	914
342	912
352	911
359	959
329	915
333	922
380	945
336	928
365	904
336	917
368	915
363	944
334	903
320	922
321	923
336	920
324	922
361	906
377	951
340	914
363	917
347	903
321	924
382	926
363	959
382	924
336	907
372	928
370	944
341	911
367	915
370	909
378	945
330	917
353	897
359	945
358	943
358	906
338	920
360	901
352	901
369	947
321	943
364	952
344	904
382	927
341	913
356	958
347	901
340	899
336	906
343	903
367	935
354	910
339	921
347	901
344	913
344	913
367	930
332	932
327	923
326	940
376	937
341	952
353	946
344	955
373	930
358	956
374	931
362	904
355	905
327	917
334	915
358	945
368	943
331	930
365	937
358	952
329	938
371	930
370	937
369	906
368	934
362	920
350	930
377	932
332	927
340	898
367	899
334	920
341	913
371	919
346	913
377	950
369	916
321	931
339	913
376	932
382	930
350	958
358	943
329	922
336	957
322	918
345	907
369	911
367	911
359	958
352	945
380	929
376	941
320	956
361	908
354	910
352	908
379	951
377	957
382	932
379	932
373	925
374	928
372	935
328	953
379	941
349	904
367	937
358	935
323	924
363	953
368	935
354	941
364	945
348	912
369	937
367	930
339	951
361	927
334	918
358	943
357	949
338	914
361	906
352	947
362	897
358	953
326	945
351	930
342	944
357	943
353	951
323	919
370	937
368	940
350	956
360	945
369	918
371	927
350	904
350	906
357	949
373	925
373	929
353	910
359	947
341	922
334	920
351	924
340	920
321	944
353	908
364	940
378	931
359	945
368	922
366	921
333	917
331	911
368	931
366	936
336	917
365	910
364	958
347	909
359	939
368	936
324	920
330	938
349	912
334	919
363	918
364	916
345	915
338	911
352	945
353	908
344	909
341	901
333	954
368	938
364	898
379	939
376	929
381	936
321	922
353	956
364	948
354	916
347	958
356	951
341	907
361	950
359	943
362	945
354	940
344	928
340	924
364	943
337	950
333	915
330	922
371	923
352	918
336	919
362	941
368	912
344	913
363	937
336	901
356	941
352	947
344	934
367	935
349	920
366	949
368	941
372	935
340	914
346	913
356	925
331	912
334	947
355	945
364	945
356	945
365	933
322	927
359	941
374	898
364	897
373	934
378	938
376	940
376	932
347	905
359	943
354	927
352	908
349	943
377	910
370	912
320	951
334	945
334	939
331	898
379	937
331	898
356	939
373	928
345	909
364	907
358	907
360	955
357	952
380	929
330	922
377	949
376	939
346	896
344	913
359	954
360	903
375	930
358	956
336	917
334	919
332	918
326	919
331	948
332	945
331	903
338	911
334	902
321	904
365	902
361	910
383	929
353	907
344	920
365	933
375	944
345	909
336	915
370	928
364	944
336	931
337	896
382	922
349	947
348	906
343	912
326	913
361	910
360	916
380	942
333	907
352	945
360	911
326	959
352	920
358	908
368	938
352	945
359	910
335	916
349	898
338	911
350	945
327	927
330	923
362	916
358	952
369	912
359	939
343	905
370	937
350	903
380	919
381	930
359	952
382	918
371	925
356	943
376	932
374	907
352	910
321	926
343	909
373	929
359	941
362	945
383	903
323	903
341	913
369	930
348	903
357	952
356	951
334	916
333	922
326	935
325	957
344	930
340	916
344	909
354	912
356	941
379	929
334	917
332	915
334	913
369	923
327	917
360	909
347	905
356	929
357	929
375	927
337	911
334	956
335	919
350	912
357	920
341	913
368	930
380	932
378	936
362	952
365	932
368	933
363	927
368	918
343	903
359	945
353	957
383	924
353	906
376	905
352	949
338	911
359	910
329	921
347	899
334	918
352	955
341	912
343	918
357	927
358	946
364	910
338	914
360	901
367	922
354	937
371	955
330	919
343	940
367	918
352	955
356	947
332	954
324	956
327	926
350	958
350	909
376	931
369	944
379	937
379	918
368	896
377	930
336	926
375	938
364	944
380	902
364	941
348	915
336	913
327	922
353	908
339	907
379	929
332	945
346	940
332	950
368	930
341	911
359	944
333	913
336	915
333	917
369	934
353	906
366	941
368	901
327	922
360	908
321	902
371	955
324	932
325	922
382	902
358	947
351	912
343	909
352	899
368	954
370	943
378	922
382	938
346	908
361	945
338	920
360	945
356	947
355	947
356	945
322	955
338	914
352	947
344	911
369	918
338	953
339	910
359	910
354	911
372	932
377	934
344	897
352	910
329	915
327	913
364	943
380	944
368	939
359	932
354	931
336	916
320	904
342	929
373	926
344	947
339	958
353	947
353	896
356	926
330	919
361	914
326	913
329	907
346	946
348	935
334	936
329	922
337	956
364	942
376	929
373	930
376	928
343	907
363	910
334	937
378	931
324	919
359	927
336	943
355	957
354	916
356	908
343	908
363	914
345	905
376	930
356	947
354	904
373	914
369	916
347	905
352	916
382	929
363	914
377	940
320	900
383	899
352	947
376	930
358	956
324	948
370	930
368	935
381	911
337	903
378	948
377	945
365	918
333	919
334	952
382	929
370	932
376	936
347	956
327	906
329	924
335	915
334	931
360	945
354	944
354	948
379	929
351	905
349	945
368	944
370	928
377	937
329	896
377	928
370	937
363	916
363	945
350	903
342	912
345	915
327	945
332	917
379	932
346	909
377	906
322	933
347	903
352	910
327	919
371	931
377	931
371	916
382	914
377	931
369	915
376	915
370	915
367	915
372	915
373	915
375	932
357	952
368	931
379	924
370	908
369	906
367	930
364	942
320	921
383	922
373	907
336	919
336	907
321	955
320	946
340	917
325	923
377	928
343	916
321	929
322	922
352	896
356	951
379	929
343	952
360	952
367	943
379	926
375	929
364	944
326	922
324	919
346	913
354	934
323	914
354	916
364	941
325	952
356	945
357	943
334	905
369	925
356	951
342	918
349	909
340	920
344	932
365	918
349	910
371	923
375	922
372	930
370	925
337	917
335	911
359	900
368	935
332	927
326	958
326	921
358	922
367	945
358	925
368	946
354	951
352	943
360	949
363	920
321	943
326	922
349	916
374	904
345	907
363	919
343	942
320	909
335	917
321	925
348	952
381	937
382	926
370	937
372	935
380	933
327	921
330	927
353	958
368	935
353	953
380	917
329	920
332	910
359	927
320	944
329	945
380	925
347	911
350	912
358	945
350	912
349	911
365	935
326	896
361	914
336	946
323	943
335	953
360	945
352	945
363	944
368	916
341	933
353	945
338	956
376	928
375	928
373	928
338	917
341	911
349	914
321	907
338	911
336	937
338	945
335	896
337	946
368	916
366	939
364	944
344	954
365	952
340	920
368	910
366	906
363	935
368	937
365	934
368	930
364	909
338	921
324	901
334	937
338	915
350	935
364	943
368	946
354	911
342	915
356	943
354	912
362	910
341	921
342	914
353	916
355	943
333	919
373	931
362	955
377	941
362	946
336	913
334	925
342	911
368	941
369	905
363	914
342	924
379	929
356	943
322	917
363	916
366	933
324	922
321	905
320	917
363	920
353	896
359	939
321	930
349	906
373	925
324	947
326	905
321	923
382	924
343	900
321	924
379	931
360	943
329	922
364	943
344	949
343	914
356	954
383	916
371	934
348	909
344	959
375	952
329	922
343	937
379	928
377	939
331	950
374	928
322	958
378	931
377	923
365	907
349	930
352	958
350	906
329	906
324	904
351	937
378	920
360	941
360	943
359	916
365	944
343	906
375	930
336	917
329	921
352	915
360	943
351	932
371	906
375	900
362	939
368	937
380	952
344	951
355	938
352	947
383	946
320	942
334	917
376	943
332	956
348	955
343	905
357	947
340	946
365	945
348	899
323	940
323	922
356	947
340	906
353	912
363	941
375	928
376	930
376	928
366	937
321	905
382	913
346	931
334	927
324	922
328	923
350	900
359	947
327	922
376	907
364	933
368	933
366	933
337	921
365	939
328	924
368	942
331	930
349	941
378	947
334	920
359	945
347	922
363	941
340	903
365	903
369	903
363	903
320	948
353	912
344	913
338	911
358	949
376	931
347	905
370	928
367	918
365	916
367	957
382	902
361	916
336	952
337	909
324	923
344	905
336	917
333	922
343	904
353	916
329	926
320	942
358	905
368	928
368	946
361	916
342	923
347	915
343	919
372	935
354	906
352	916
344	917
369	943
340	920
355	906
362	939
368	945
329	942
345	922
328	923
376	959
335	915
334	959
370	944
377	941
348	900
361	937
345	943
337	911
334	925
353	910
366	908
369	937
371	916
351	907
362	944
341	931
339	896
341	897
322	927
383	924
372	897
356	947
340	927
351	900
333	922
327	921
366	931
352	930
370	928
342	913
346	907
323	899
336	953
365	914
332	916
361	903
359	943
379	928
327	899
345	907
382	926
327	933
332	934
348	912
341	907
358	928
357	946
327	919
353	947
361	912
355	948
369	927
330	926
358	943
341	911
349	909
327	919
340	919
335	915
360	955
321	925
327	924
330	935
370	936
372	929
349	914
339	922
333	925
379	924
376	896
344	913
357	947
348	900
343	905
349	907
379	906
332	920
339	913
376	931
333	919
363	941
368	943
345	934
322	944
338	924
368	937
376	903
342	912
352	945
360	909
349	908
344	909
364	934
369	937
375	929
360	901
327	933
324	918
326	939
353	903
327	927
330	944
373	926
343	951
339	957
341	955
338	947
341	957
328	956
352	910
325	958
373	897
321	900
336	919
322	927
346	905
364	943
337	924
353	908
323	957
324	959
326	944
342	903
320	942
364	946
321	926
365	910
354	916
329	913
327	911
382	926
362	947
379	943
329	929
380	929
350	900
369	915
338	917
334	919
351	907
359	945
321	921
320	922
327	923
330	919
371	927
343	943
344	917
342	911
322	920
349	903
371	947
349	912
351	909
382	955
329	903
371	958
358	914
377	943
325	954
343	930
324	957
368	939
370	937
340	930
353	908
346	916
374	906
366	903
352	914
334	920
370	926
356	949
357	951
355	956
360	900
352	899
352	928
337	902
368	938
358	958
356	959
382	925
373	930
353	908
324	923
370	936
365	938
338	928
343	905
333	919
344	909
348	925
363	905
366	941
334	929
366	941
336	909
365	937
369	937
361	906
363	918
334	912
373	904
345	907
353	908
363	939
332	941
334	897
369	908
352	948
350	909
321	927
323	922
359	945
362	943
368	932
323	944
344	940
365	930
334	914
332	933
334	910
334	946
358	929
352	937
346	929
366	919
363	937
368	916
344	903
348	909
369	918
367	930
375	932
359	945
363	916
368	910
359	943
342	916
359	941
330	956
368	949
346	920
374	935
349	908
341	912
353	907
355	913
331	953
348	923
328	927
326	930
353	897
348	912
365	952
377	951
323	923
323	923
376	922
374	931
340	906
324	922
370	954
349	912
325	956
372	924
358	938
368	944
359	944
320	949
321	947
343	913
329	954
373	929
378	935
352	950
363	941
334	923
352	948
369	918
334	912
370	939
346	913
352	947
356	947
359	943
368	943
362	943
358	951
333	922
320	925
322	927
379	928
352	910
375	934
349	905
329	929
344	912
333	922
382	899
337	915
344	907
346	905
352	958
371	925
373	926
365	936
341	907
338	952
375	948
340	950
365	925
377	930
340	909
338	910
334	939
382	920
383	916
320	918
369	923
371	924
331	919
380	955
380	945
376	931
321	910
375	928
361	910
360	920
332	927
325	927
365	940
359	938
369	897
349	909
348	902
352	947
343	900
335	925
373	920
341	912
341	940
333	957
323	946
331	944
343	939
321	908
368	947
366	945
338	907
328	919
327	955
343	905
336	919
382	926
350	900
324	913
376	907
355	956
332	949
359	939
354	947
373	958
350	908
358	946
330	920
366	928
346	928
335	913
369	918
367	925
347	940
337	911
350	909
357	943
370	916
343	909
349	910
322	908
341	932
351	943
352	904
333	916
345	920
370	918
373	909
335	915
337	913
334	943
365	956
332	957
324	919
360	896
380	901
376	930
369	930
376	936
372	936
331	914
360	939
353	955
362	946
359	952
337	906
343	907
368	930
351	932
363	944
351	912
370	902
357	915
355	904
376	928
364	948
368	937
359	941
336	910
344	909
343	912
344	914
357	958
357	952
358	946
368	935
372	938
320	897
380	918
336	917
336	915
334	920
359	937
323	954
373	946
371	924
359	942
373	933
345	905
359	916
351	903
365	909
368	937
382	926
368	938
334	925
365	928
350	898
331	917
380	925
375	937
375	952
377	950
351	923
322	953
376	905
329	952
363	918
373	920
360	947
341	957
354	910
332	907
356	912
379	929
365	898
360	908
348	924
340	911
353	900
354	946
332	956
345	942
369	905
358	903
368	912
361	956
332	914
369	943
380	901
352	942
376	945
359	932
332	929
342	944
355	958
354	908
332	927
342	912
320	924
356	955
353	949
323	922
364	943
359	935
330	919
370	903
368	944
366	938
320	929
373	930
344	907
360	947
370	899
350	908
345	923
377	918
334	900
369	942
343	917
326	932
369	920
375	954
364	941
343	909
351	931
369	916
334	920
359	959
365	911
322	927
361	924
344	933
335	932
352	898
356	940
363	918
327	907
377	932
371	928
352	956
360	957
372	942
372	912
368	935
376	932
361	912
328	922
363	914
375	940
342	897
364	952
323	910
354	915
365	930
348	909
339	907
352	943
359	916
381	905
344	904
335	907
378	931
354	910
353	925
363	910
333	922
343	905
343	903
348	941
344	901
330	904
349	951
371	943
330	953
369	930
340	917
375	906
380	907
376	931
343	919
359	939
376	928
365	928
340	919
360	943
355	947
333	939
348	934
332	919
364	941
338	901
350	942
359	946
320	926
354	917
349	907
346	910
332	922
334	923
363	939
365	916
359	907
345	913
349	912
321	959
363	920
358	922
357	945
352	910
358	916
352	945
334	918
362	943
364	950
324	916
341	924
349	910
334	919
352	908
343	927
342	934
355	938
350	956
360	945
380	932
334	920
329	899
363	926
368	924
358	941
365	934
380	944
333	947
352	910
321	935
358	904
351	917
357	943
369	925
382	921
380	906
321	902
334	901
375	929
355	952
359	910
361	945
329	945
333	909
373	956
382	929
363	941
374	931
376	928
374	937
373	925
362	942
334	919
344	896
341	942
383	922
320	923
361	920
340	920
381	957
377	932
336	927
352	945
323	955
339	948
357	922
336	915
351	905
349	907
327	937
328	923
362	944
339	909
375	929
337	912
335	907
373	935
337	919
335	902
371	909
341	917
370	937
324	913
352	947
360	904
358	943
364	949
372	935
367	948
367	948
342	945
359	939
374	902
368	941
364	941
366	941
370	938
330	917
364	955
363	945
371	904
327	920
344	909
327	915
334	936
369	936
362	943
334	917
323	951
375	959
379	896
358	943
381	929
381	931
368	938
361	912
377	932
335	915
336	931
381	913
347	929
342	910
340	905
347	956
360	945
377	932
365	945
368	910
331	913
335	900
375	929
368	937
364	939
338	911
349	906
365	939
366	941
328	902
335	950
337	953
358	903
338	913
329	931
375	931
358	926
365	945
326	928
352	939
373	928
357	943
362	902
353	957
376	935
364	954
368	939
329	930
351	942
343	955
354	900
380	901
381	931
381	945
327	922
329	921
328	922
321	943
377	936
334	941
335	919
336	922
334	947
352	951
323	950
353	910
332	920
338	943
345	909
327	915
324	917
334	896
371	949
325	945
377	931
360	941
380	919
378	922
334	914
325	916
343	915
321	927
336	905
328	922
360	952
364	941
382	924
320	924
336	920
382	916
346	907
338	923
336	922
376	949
367	945
340	932
347	907
361	916
362	956
374	929
336	917
344	945
350	904
352	943
360	943
335	915
337	917
333	921
323	923
325	946
337	935
360	952
371	926
336	915
368	938
357	952
360	936
326	919
329	921
329	906
323	922
341	899
381	912
363	922
334	919
374	935
375	929
372	908
351	909
320	933
327	915
379	928
376	930
324	922
331	915
329	902
370	958
339	907
321	927
324	935
367	925
370	935
339	930
345	910
335	914
373	941
376	932
346	909
375	926
325	922
354	912
359	911
349	905
348	903
327	899
363	916
365	916
363	916
332	896
365	912
327	897
359	912
376	907
365	912
373	909
359	916
349	939
379	928
328	924
369	930
343	910
353	947
370	915
372	911
338	896
364	941
359	939
365	941
325	945
324	910
369	930
322	922
323	922
361	914
332	948
345	953
368	941
379	931
371	926
364	944
363	945
368	916
325	914
326	916
349	944
358	945
333	921
352	933
328	906
328	908
370	937
368	918
364	941
336	921
363	932
363	914
357	952
344	906
344	913
363	927
352	910
372	933
338	913
354	912
353	904
343	909
328	922
336	918
369	922
371	923
321	958
376	929
357	921
359	922
361	898
368	930
363	930
368	920
326	906
346	905
333	917
334	927
370	918
370	920
370	916
354	930
338	915
335	921
353	947
346	905
337	917
333	919
349	942
329	915
327	903
381	929
381	951
365	916
322	927
361	939
349	910
354	946
350	912
350	908
376	903
371	896
343	909
327	952
330	948
363	914
368	899
334	920
324	919
359	910
365	925
360	957
378	918
371	918
343	907
354	910
343	954
355	906
383	936
320	932
341	919
323	928
358	898
344	907
341	948
343	950
372	900
322	939
350	900
324	957
335	913
363	916
345	936
346	918
370	938
324	917
352	931
337	921
368	941
331	925
329	956
382	945
354	918
353	896
370	935
358	917
358	913
363	930
322	924
343	937
321	931
333	951
327	952
352	931
328	924
381	956
342	906
349	950
369	924
343	911
365	940
362	937
381	931
332	924
334	919
376	912
344	909
382	943
330	897
359	923
365	923
323	921
354	904
358	934
372	925
353	958
335	915
338	898
341	913
334	909
369	943
338	917
347	903
348	905
342	906
343	907
367	930
339	904
344	913
324	933
326	932
342	924
368	939
334	927
374	936
369	925
359	945
344	899
327	936
376	928
347	934
368	945
329	958
348	906
365	939
340	913
357	904
342	925
369	920
375	929
381	913
349	899
359	914
327	900
352	910
337	928
320	912
321	903
348	923
348	946
349	943
336	933
334	923
352	898
382	920
321	927
338	925
331	943
323	924
382	930
375	932
381	950
323	948
327	919
363	952
368	948
365	950
321	937
322	920
364	948
366	956
369	905
334	905
338	920
368	944
321	922
363	920
359	939
362	943
361	914
359	916
363	916
353	958
363	901
370	897
343	909
362	939
341	946
365	918
334	902
342	914
368	941
340	914
328	909
375	927
365	928
372	928
370	928
376	942
352	910
358	952
352	958
374	924
364	944
350	957
358	946
349	947
371	925
369	959
352	941
358	943
336	913
365	916
326	922
328	946
344	913
326	931
329	922
382	930
336	922
353	902
342	910
344	920
363	928
333	917
333	921
337	938
375	922
379	923
321	927
383	924
343	909
329	921
357	951
364	941
364	906
368	898
366	904
321	916
334	916
346	907
354	916
325	908
363	910
365	928
326	940
354	912
375	926
382	925
329	937
334	916
359	945
362	943
324	959
368	939
367	935
360	896
359	900
369	930
368	937
362	899
377	917
344	911
363	942
334	918
325	927
363	927
341	903
337	907
349	914
353	909
368	944
349	920
369	938
330	927
363	921
376	920
368	945
380	934
375	938
381	932
358	952
381	897
344	909
342	909
375	926
328	919
380	946
320	926
340	914
344	914
371	915
376	934
337	906
339	930
364	900
333	943
347	903
321	915
327	919
365	930
348	903
327	938
331	912
375	926
346	923
338	939
343	907
353	951
371	949
332	935
374	935
339	915
359	945
362	947
383	908
320	905
342	924
375	929
368	936
359	933
362	934
356	898
337	956
365	939
368	954
356	919
356	949
365	939
341	915
353	907
380	948
376	954
343	956
326	951
331	951
354	897
337	955
341	905
367	937
361	910
349	916
322	946
360	943
352	945
370	951
372	945
358	943
352	941
321	924
380	923
358	948
352	943
360	945
362	896
332	915
321	919
364	946
328	922
336	919
328	921
336	922
326	922
340	914
338	922
333	915
365	935
346	905
343	949
351	946
342	914
352	947
368	938
366	940
368	949
327	912
349	906
373	928
353	948
355	942
349	906
350	897
363	916
320	912
350	909
359	939
334	918
373	958
325	905
370	937
340	924
339	919
359	959
329	947
380	922
378	921
352	945
372	938
348	905
362	935
335	915
350	909
338	916
362	916
344	916
342	913
372	936
357	944
354	906
348	899
350	903
358	958
352	945
328	934
330	923
334	927
369	907
336	918
377	901
343	924
344	916
342	956
336	917
376	900
353	908
333	923
349	908
337	903
375	929
377	912
334	927
381	920
342	959
343	900
336	919
345	913
369	937
367	935
373	931
371	913
356	907
376	928
379	930
352	945
362	939
355	958
356	943
358	946
355	943
363	898
331	922
333	921
371	918
369	930
373	937
357	955
324	941
341	906
376	937
320	924
320	926
383	936
356	908
368	941
329	913
327	917
370	919
342	914
358	943
332	947
377	900
380	956
329	919
331	932
334	916
353	896
370	901
331	896
344	940
348	909
375	929
327	919
368	935
356	908
342	912
350	906
335	915
335	919
320	901
357	949
373	950
333	917
364	932
320	957
349	912
373	925
343	905
338	932
351	933
336	898
327	917
356	957
367	918
381	926
383	951
370	916
353	904
338	927
321	937
324	936
328	935
321	940
327	906
348	951
335	938
372	954
322	952
320	924
329	956
324	934
339	933
321	952
381	956
360	945
363	947
343	907
354	954
352	951
344	912
370	928
322	896
341	897
373	930
346	911
353	896
382	925
343	951
341	949
333	906
376	932
374	938
370	930
370	932
372	936
377	928
323	920
346	933
367	903
320	941
358	910
354	916
373	925
382	926
343	905
380	906
322	919
354	912
383	924
353	923
326	922
377	922
341	932
382	920
346	924
323	923
356	932
373	926
334	959
344	907
329	945
333	922
343	922
343	930
373	915
378	913
323	924
356	943
324	923
326	902
334	925
369	926
343	909
363	924
346	899
344	915
328	924
352	943
377	910
343	909
353	929
365	939
354	947
366	944
322	926
376	932
370	936
364	947
344	926
364	926
353	957
379	912
349	907
368	938
338	911
360	943
355	949
379	928
345	943
365	916
362	942
380	951
378	958
368	935
338	920
358	939
358	943
352	913
338	909
372	948
329	958
327	959
358	914
382	927
367	926
371	900
373	902
375	940
363	924
376	922
374	923
342	939
354	900
378	930
363	918
365	937
368	946
375	926
382	926
380	931
323	922
368	913
337	930
374	933
326	909
343	907
321	940
359	945
375	926
348	906
355	936
348	907
334	939
333	917
356	901
344	906
342	916
345	905
323	924
335	915
323	922
342	911
327	947
329	927
359	916
332	918
334	918
357	949
362	924
333	954
365	909
341	947
361	911
343	943
343	949
363	935
351	911
345	907
345	929
343	907
334	914
336	911
358	908
335	913
342	948
336	922
371	925
333	958
363	920
360	948
353	906
364	941
352	910
359	920
352	941
360	945
375	930
343	958
359	918
362	920
322	922
320	923
369	925
371	928
374	930
324	938
363	928
368	942
336	919
358	922
371	927
342	903
343	903
343	907
333	920
377	903
363	918
321	912
357	943
322	948
369	921
334	898
354	899
369	925
365	916
359	946
345	900
367	941
342	914
338	909
364	939
337	911
327	900
366	941
378	930
377	930
362	949
360	959
356	943
345	909
334	927
369	924
356	957
370	938
343	911
373	918
376	936
361	902
344	905
331	951
363	909
360	944
344	914
363	916
368	945
365	916
375	929
373	926
333	921
382	924
334	923
332	924
338	940
332	922
352	910
326	919
372	928
327	922
365	910
368	918
363	925
368	937
326	957
342	913
331	911
373	926
328	899
336	920
373	930
382	925
364	928
348	899
355	947
377	931
354	958
343	947
376	928
349	900
356	951
327	922
330	922
340	911
374	925
344	908
330	920
353	905
322	917
365	951
368	958
343	912
353	900
345	905
321	922
323	924
343	899
326	902
323	923
370	944
356	949
359	939
356	921
334	921
327	917
326	911
341	948
354	904
368	920
366	910
335	938
337	942
339	916
343	953
358	941
368	935
331	910
337	915
362	939
368	935
381	938
356	952
357	955
354	949
353	903
376	897
374	958
343	907
370	937
359	939
370	930
368	925
370	937
337	913
338	902
337	913
337	959
337	897
335	898
343	896
345	927
350	912
370	937
376	933
374	932
336	906
323	943
320	918
343	947
348	912
355	897
368	935
369	925
367	930
321	927
339	929
369	949
367	946
352	910
369	937
369	918
334	918
320	926
364	943
334	919
356	934
357	947
359	947
368	945
322	936
377	928
329	919
327	945
330	907
334	924
326	924
338	920
332	907
382	913
361	951
363	935
336	954
342	916
374	938
368	935
347	900
327	913
348	909
344	936
342	914
370	928
370	932
366	933
340	914
320	924
337	905
335	903
378	920
381	918
370	898
372	935
370	937
372	923
334	916
359	925
352	930
382	905
357	947
361	903
382	925
368	935
339	910
363	914
354	943
352	916
375	926
332	930
332	915
343	912
334	918
326	926
382	924
340	911
343	953
375	897
361	916
338	911
367	930
323	939
345	943
383	919
380	929
375	926
379	930
354	906
327	941
330	955
343	935
321	923
357	951
332	927
370	940
372	938
321	924
342	909
376	932
374	936
341	909
343	936
344	898
369	939
330	930
336	899
349	912
347	907
353	908
371	930
340	917
376	940
380	931
378	944
344	909
338	913
335	915
371	924
376	934
331	915
334	925
347	905
334	897
353	908
360	941
372	930
374	928
359	910
368	936
372	936
368	936
335	905
336	942
339	909
329	913
352	949
376	929
364	941
330	952
338	951
352	939
320	929
356	947
334	927
338	911
356	942
367	900
321	926
377	929
366	938
343	907
325	948
327	925
330	924
359	916
373	930
332	919
337	943
320	931
338	911
369	934
345	905
377	904
376	931
324	955
338	911
377	931
331	915
369	959
367	951
359	957
380	950
339	911
381	941
379	932
378	896
361	910
359	943
365	916
337	902
356	924
343	909
365	918
368	930
323	934
358	943
354	897
368	940
335	920
337	913
377	930
378	902
343	902
370	930
377	931
326	922
376	922
367	923
338	914
381	926
343	911
343	905
330	937
341	917
351	913
364	952
327	919
330	945
354	945
344	913
365	920
323	924
374	936
352	908
361	900
363	916
374	930
348	909
370	941
368	937
353	920
369	918
368	939
366	935
328	919
323	938
359	913
368	907
350	902
368	937
368	938
368	935
355	951
322	947
354	908
330	922
372	931
334	923
349	917
348	905
366	954
376	928
349	901
335	911
376	948
373	901
338	909
331	896
361	916
335	935
360	955
374	935
333	922
337	921
333	938
343	907
354	912
368	940
366	938
342	942
321	923
359	910
340	918
340	920
350	907
338	951
356	943
363	920
362	935
350	912
328	927
320	923
342	915
361	906
383	924
363	937
368	905
341	945
363	930
370	901
372	901
334	917
370	923
364	942
368	944
331	933
326	945
348	900
380	936
345	905
339	922
363	941
369	943
335	935
368	939
332	911
338	920
340	916
334	914
359	902
362	899
334	918
355	958
327	923
376	917
326	908
383	926
337	927
363	916
350	912
352	906
341	905
342	906
343	930
373	937
351	903
366	938
327	938
338	947
343	905
358	931
324	956
352	953
338	927
368	938
334	916
336	954
364	951
373	930
322	924
362	945
368	945
375	896
363	925
334	927
369	925
353	919
355	950
329	959
344	915
339	913
354	958
364	946
334	952
342	952
376	931
382	942
344	909
332	919
339	899
335	913
365	937
358	945
337	924
356	950
380	933
321	922
355	923
379	959
377	958
340	942
369	917
359	941
368	939
336	922
368	921
361	909
374	928
347	902
358	948
378	906
353	958
327	922
330	923
351	903
326	901
328	922
356	947
361	935
376	936
374	936
373	904
338	945
336	919
362	941
373	909
370	930
383	947
343	911
350	906
329	919
359	939
368	941
356	959
326	925
375	932
353	943
338	930
337	956
372	935
380	933
359	939
368	939
362	939
353	929
377	913
378	911
348	905
356	947
353	906
359	946
383	917
320	915
375	926
357	954
329	924
348	903
334	916
376	899
344	911
352	941
368	930
344	920
354	931
334	917
342	912
340	917
328	923
343	905
343	909
368	935
340	914
344	909
331	958
334	914
364	944
344	906
359	954
324	901
326	946
381	946
350	907
372	937
344	916
370	935
344	909
336	929
349	920
332	945
336	939
339	940
338	941
336	917
341	907
330	919
366	939
320	924
329	928
335	916
338	914
324	919
379	929
375	931
326	954
343	957
345	947
364	939
347	898
371	899
333	900
333	917
322	906
323	935
363	937
333	927
336	919
364	908
361	910
325	936
332	913
336	907
338	921
336	915
365	897
354	955
362	941
368	941
373	957
346	905
359	935
332	946
382	924
321	943
327	938
341	904
363	937
330	927
328	919
358	931
332	918
354	912
368	928
375	931
374	955
354	955
381	929
327	927
344	911
339	917
337	902
326	932
324	956
345	957
368	939
344	959
368	942
366	940
354	907
365	925
363	916
370	941
368	954
346	902
359	910
356	908
338	915
368	935
370	930
343	905
341	907
359	937
360	946
358	941
363	899
358	896
346	902
339	913
329	922
329	921
373	904
344	909
327	948
359	945
326	929
366	938
368	913
334	920
379	931
365	920
373	925
339	908
354	915
359	941
363	914
368	918
382	925
376	928
331	922
371	959
369	922
369	918
349	959
379	955
380	952
334	941
369	943
324	917
344	929
359	958
336	915
346	905
363	920
340	917
361	899
379	929
354	912
376	931
345	926
343	913
374	958
379	951
345	913
329	947
324	940
338	912
365	918
365	937
368	945
373	925
371	918
371	952
339	913
374	910
353	908
328	911
332	920
343	958
349	948
348	936
340	932
356	947
356	899
321	907
369	905
327	920
330	927
334	930
344	907
356	913
375	930
355	907
354	954
345	909
322	948
338	912
356	914
358	955
330	923
381	924
342	899
356	900
369	896
323	922
325	924
341	920
359	932
352	952
360	943
350	907
324	917
329	919
326	920
324	922
379	930
358	949
337	913
348	906
337	913
358	949
356	914
340	916
338	914
353	906
350	948
364	910
368	916
334	919
337	899
375	959
373	932
375	933
336	943
353	947
382	897
353	912
363	914
350	912
349	912
368	903
345	902
382	930
350	948
327	904
330	947
331	915
328	942
365	918
380	931
359	906
329	935
359	936
333	917
366	944
350	897
353	908
344	902
375	929
362	930
324	898
380	948
373	924
339	905
344	911
353	958
327	917
349	903
333	911
339	913
352	945
376	931
362	911
342	912
328	927
369	942
367	942
348	942
356	922
357	923
339	928
320	941
338	911
367	918
370	937
375	909
334	925
359	945
328	943
374	937
326	923
355	897
329	905
335	933
337	956
370	924
355	925
358	957
362	955
369	897
363	918
358	945
373	926
352	947
327	922
328	956
369	899
373	929
352	908
321	958
359	943
334	918
332	927
331	957
374	918
376	949
340	896
382	929
373	945
357	955
347	918
363	918
357	938
353	942
355	946
374	950
377	948
352	910
326	922
382	926
337	933
320	940
383	938
377	952
343	909
373	925
347	905
322	924
380	941
327	919
353	945
372	928
379	907
353	897
356	918
359	949
368	943
340	920
359	910
355	908
356	901
377	903
323	922
366	916
371	937
336	917
350	918
320	946
372	942
378	914
339	923
333	920
342	906
369	925
367	930
363	900
337	901
352	945
373	905
373	932
380	931
363	916
377	931
370	928
321	945
322	912
320	939
374	902
377	943
370	936
372	932
336	917
327	921
368	944
343	911
331	915
332	918
374	931
346	909
338	916
350	900
334	922
332	923
349	957
358	935
347	910
359	914
358	943
371	923
358	943
357	949
369	908
367	909
344	937
360	940
370	930
337	945
321	923
346	900
330	927
328	919
345	910
376	930
374	928
356	910
330	943
320	946
331	919
327	897
336	952
370	928
372	952
368	930
320	942
355	896
339	915
333	938
340	920
376	930
362	952
368	946
369	930
328	943
322	949
382	930
327	919
336	956
356	916
338	917
339	929
326	925
354	929
353	897
368	935
370	937
356	941
357	952
361	937
367	957
347	905
342	918
342	939
350	906
379	926
348	901
365	916
342	911
327	922
375	931
337	900
381	922
348	921
370	898
368	939
329	921
365	939
334	959
382	929
373	929
320	926
365	912
355	908
329	913
327	920
376	929
355	947
354	905
334	922
355	907
354	908
382	927
336	929
331	942
344	901
376	932
374	936
341	909
325	922
372	917
342	929
358	941
324	931
337	913
354	916
328	927
373	918
321	919
327	919
369	924
366	939
364	943
370	931
327	938
356	947
347	907
375	952
326	943
357	950
376	931
376	923
321	923
337	911
329	917
369	924
370	940
372	936
356	934
365	913
369	937
382	931
328	930
369	937
374	930
335	904
320	931
376	937
343	903
359	916
370	918
320	925
358	946
363	943
341	907
351	916
371	909
355	947
344	911
370	935
370	957
343	903
334	927
382	924
334	928
362	945
326	943
376	929
367	918
374	916
368	937
357	948
349	905
374	899
348	906
371	956
348	904
363	898
361	925
336	916
330	912
365	917
334	942
321	926
348	905
354	910
382	897
327	917
320	929
338	920
345	905
370	936
372	937
357	947
343	912
351	909
353	949
330	950
382	924
364	928
359	945
361	945
347	902
369	937
367	938
332	924
357	954
360	898
359	909
333	927
325	908
373	944
350	913
369	937
345	936
368	939
365	937
354	956
365	941
376	928
347	932
352	910
353	912
335	896
370	906
363	916
365	939
331	899
368	941
356	951
359	939
330	907
371	953
342	910
363	908
343	907
353	951
365	947
359	908
369	925
373	915
370	922
374	921
376	913
383	926
342	911
320	909
383	903
366	932
337	911
375	926
364	952
368	955
366	943
355	935
368	956
372	947
346	909
321	924
369	956
341	959
370	937
364	947
371	930
369	916
355	904
355	908
357	952
352	896
356	928
329	910
348	941
368	923
352	922
334	925
353	954
333	913
326	907
341	911
321	922
370	933
342	897
372	932
380	931
350	903
363	918
368	918
365	918
331	915
327	942
382	925
347	912
344	954
348	918
361	947
372	938
356	930
328	901
362	944
320	949
381	904
322	910
363	946
372	930
361	910
340	917
368	941
355	942
334	952
321	924
369	905
382	937
346	926
381	930
340	920
374	902
364	900
349	912
336	935
343	903
334	920
380	931
322	921
338	913
336	925
327	929
330	925
358	932
340	906
321	924
348	904
335	953
374	900
356	947
334	946
379	921
362	918
376	930
326	924
354	908
340	911
343	905
376	928
378	931
373	952
333	915
321	954
382	948
368	941
356	941
365	939
368	937
366	938
380	929
355	910
335	911
342	910
373	906
344	914
342	920
324	922
324	925
328	927
375	930
330	927
353	910
338	942
322	912
320	909
380	901
381	930
370	935
346	912
337	913
369	924
381	926
369	918
375	918
338	913
343	958
358	931
364	941
371	925
352	954
376	935
343	911
344	913
327	927
330	924
369	937
359	937
354	945
352	937
371	901
338	906
344	911
329	922
327	921
358	951
332	924
326	922
370	937
372	944
348	919
369	939
367	937
354	910
340	927
353	920
350	904
349	902
365	941
348	909
377	952
359	930
375	930
343	907
379	958
328	927
328	923
373	935
356	947
363	911
372	937
353	896
369	958
363	949
349	958
335	911
350	906
356	945
340	911
375	903
370	918
349	906
350	903
332	927
376	901
333	915
382	926
375	942
344	909
334	935
327	923
374	931
362	947
340	917
327	924
330	918
374	900
342	922
343	907
379	919
362	936
369	947
367	943
329	935
371	943
342	916
345	897
376	929
374	930
320	919
333	910
356	949
358	950
352	945
344	906
342	912
359	927
368	905
366	900
371	925
380	916
365	937
373	926
320	922
323	940
325	921
368	937
370	942
329	923
346	905
334	916
369	920
370	928
372	957
353	952
343	907
336	922
368	918
367	937
325	951
326	948
368	952
366	950
348	902
359	945
373	930
378	932
377	932
353	908
338	956
359	941
343	909
327	905
334	910
332	908
354	932
327	922
330	923
343	943
363	914
373	931
365	916
342	930
369	902
333	911
332	933
352	943
360	943
353	943
366	938
356	952
360	905
375	933
376	936
327	922
350	912
336	920
321	926
359	932
378	898
334	935
327	922
332	945
326	945
382	955
370	917
372	920
370	935
374	911
375	926
376	911
363	948
341	911
334	930
369	943
357	938
371	939
352	948
360	898
354	941
365	939
334	941
352	898
352	939
380	955
350	905
358	952
334	937
369	939
367	922
321	927
349	914
372	937
374	928
348	909
376	937
330	919
338	908
334	925
327	900
368	941
328	923
359	930
376	901
327	953
368	937
344	905
344	906
336	922
330	956
369	952
354	909
343	912
346	905
370	948
368	943
360	945
348	907
356	951
364	897
334	917
379	927
358	946
364	944
326	958
369	930
352	896
359	947
327	933
373	916
324	922
326	923
336	936
364	944
345	915
340	920
343	907
368	958
337	912
335	909
382	899
360	943
332	924
379	945
324	917
368	928
327	906
333	904
355	904
322	923
332	956
376	933
368	928
377	930
334	927
376	936
361	916
354	939
328	927
348	933
343	909
345	909
353	947
349	925
375	904
321	905
368	958
336	919
334	927
332	907
355	920
352	945
320	923
383	919
331	915
328	918
337	913
358	958
326	899
355	900
361	912
321	927
320	956
348	905
359	949
369	925
367	918
370	928
332	931
376	944
368	941
362	942
358	939
341	907
356	905
370	924
363	916
343	905
369	946
323	917
327	919
358	946
370	904
347	909
370	935
381	934
322	932
377	938
376	956
376	903
348	899
352	940
368	941
343	906
356	949
369	927
371	924
344	938
342	938
324	908
363	943
353	938
353	935
383	943
320	941
331	924
328	922
324	919
367	930
324	922
374	945
366	910
370	937
366	935
372	928
349	947
354	945
382	929
376	936
376	932
341	909
369	948
337	939
341	934
359	939
370	916
324	945
325	946
354	930
353	906
376	935
345	905
352	947
375	910
321	912
326	907
360	955
348	956
327	937
370	930
366	933
362	928
359	937
354	912
373	929
345	896
362	939
367	937
367	921
363	918
363	916
346	898
345	907
341	913
337	941
353	958
376	936
356	913
334	919
354	911
353	951
355	958
370	939
336	922
360	945
371	925
370	937
376	930
366	920
356	941
368	911
361	896
373	897
355	958
342	916
352	943
360	949
324	922
352	958
350	906
350	906
339	924
373	913
343	912
350	904
366	941
368	938
343	910
351	947
339	946
322	922
356	907
357	905
368	939
338	922
338	923
338	933
359	947
334	946
338	950
363	948
340	952
327	922
330	923
353	896
363	915
356	956
342	911
364	953
324	908
333	935
356	926
358	943
343	949
330	922
381	896
332	939
334	937
377	937
337	915
357	911
336	911
375	946
368	896
377	931
334	918
369	925
362	955
359	958
374	912
320	899
383	953
325	905
358	902
345	910
349	910
338	916
371	936
336	911
349	903
377	932
362	952
365	916
374	922
379	921
377	912
346	905
341	915
378	950
346	906
370	926
352	908
356	908
336	917
333	917
334	945
327	933
328	933
356	951
331	915
334	932
369	933
356	905
357	902
358	950
364	948
334	926
375	929
363	955
359	946
364	916
360	951
364	942
367	926
380	951
331	920
326	919
321	940
324	955
332	924
353	908
355	908
344	919
372	959
370	930
358	927
360	945
323	911
343	905
344	929
343	930
322	931
334	927
328	924
335	909
348	909
356	948
357	950
371	925
334	915
339	913
368	927
320	898
341	909
374	932
335	915
358	956
328	944
372	948
347	908
357	958
332	917
354	908
371	924
353	943
342	918
375	926
354	913
376	931
330	922
342	943
376	931
359	898
371	925
368	900
320	939
349	917
371	944
343	905
326	922
333	922
349	896
372	936
373	925
370	937
327	927
372	937
336	923
367	897
333	944
332	919
344	905
338	915
352	899
334	919
364	946
352	947
341	913
373	929
338	915
329	919
334	920
346	913
350	906
326	913
365	917
332	907
336	917
335	917
369	942
365	944
367	939
324	922
363	916
375	931
368	938
366	897
344	919
322	946
363	920
334	925
333	915
380	931
375	931
352	945
323	924
338	938
371	927
376	946
363	939
332	920
344	920
369	937
353	957
355	945
359	922
369	918
332	927
353	912
365	952
381	911
363	918
364	943
373	924
375	926
369	939
367	942
330	924
334	925
371	925
332	925
342	914
382	926
327	919
327	929
325	943
333	922
344	909
380	949
327	924
330	924
329	903
327	930
356	955
346	931
373	925
371	924
352	947
376	928
355	908
374	948
372	898
323	911
325	907
362	945
368	925
338	917
353	897
327	934
375	920
336	920
379	926
343	903
356	945
327	922
354	938
324	927
332	924
369	937
348	900
380	949
343	927
355	951
376	930
368	941
340	897
359	916
365	945
380	921
378	929
357	951
363	939
377	899
374	898
353	955
374	932
343	905
353	896
350	909
368	928
376	928
370	928
362	942
358	943
350	916
365	941
342	949
359	945
362	943
348	911
320	907
342	911
359	916
368	942
376	899
356	949
365	951
375	926
357	926
350	906
327	922
374	924
335	917
337	922
327	922
383	956
353	943
372	922
364	921
368	913
350	906
370	905
368	930
374	933
358	946
358	948
359	922
363	923
375	950
363	936
337	956
360	958
354	945
327	906
353	938
365	941
380	929
376	942
334	916
378	932
358	955
365	941
373	956
354	906
355	900
363	918
356	918
336	898
322	939
320	935
321	943
350	899
372	935
338	920
363	953
354	912
380	954
349	903
352	958
327	945
326	943
335	913
359	943
335	906
380	897
356	946
332	906
354	910
352	945
349	902
375	911
371	919
369	930
321	924
370	926
369	925
329	902
340	923
333	897
334	917
355	897
347	905
320	932
344	914
362	926
355	916
355	958
355	908
343	909
365	935
368	943
370	918
354	906
362	903
336	936
371	942
382	952
382	928
375	935
365	912
368	916
377	931
373	937
382	940
354	912
356	941
333	917
376	935
374	935
325	904
380	897
378	948
338	925
380	940
336	917
342	949
340	929
345	937
338	917
350	912
332	923
345	907
364	941
358	943
343	909
345	953
356	934
355	902
350	905
324	950
330	950
326	950
327	950
338	917
372	930
369	956
375	898
368	905
336	897
376	948
329	935
334	952
361	926
365	937
368	937
329	955
363	914
368	916
328	922
376	930
364	943
371	918
364	917
370	935
368	935
366	935
356	943
357	949
380	932
331	922
377	929
356	908
354	947
340	930
347	937
368	930
355	908
370	937
352	897
370	932
323	923
324	922
374	928
356	915
325	913
347	907
353	947
361	939
337	917
335	911
340	911
375	925
379	932
380	930
349	903
382	943
329	950
344	907
365	937
359	937
362	916
382	921
375	913
336	949
373	941
370	951
376	916
343	933
359	927
349	906
349	912
356	897
327	913
336	927
332	951
376	926
347	954
341	911
366	941
355	896
334	923
369	896
352	944
360	949
330	920
347	916
323	948
348	914
383	907
320	898
353	944
330	909
354	956
376	946
329	919
369	909
382	942
320	940
338	917
376	930
375	907
381	905
336	946
334	945
326	948
325	942
352	901
363	918
352	958
342	918
363	930
377	950
352	945
360	910
328	922
370	928
373	929
326	922
356	943
369	918
373	942
361	900
356	952
343	930
348	917
354	906
356	908
324	919
328	907
333	905
369	942
332	928
363	948
368	918
320	924
343	915
340	941
337	955
335	908
368	944
347	907
359	928
365	928
364	941
353	948
320	924
342	920
323	941
381	927
334	919
353	897
343	950
343	903
367	909
344	953
332	956
359	943
361	951
337	919
333	928
327	930
353	914
365	937
331	946
343	896
364	911
345	898
327	927
321	932
369	920
366	939
370	938
371	910
369	910
363	910
368	916
365	939
328	920
335	911
354	912
349	949
349	898
334	918
368	941
374	932
359	944
368	946
372	935
349	900
342	911
332	908
343	907
342	909
350	916
337	910
344	909
363	914
330	922
334	931
349	912
363	916
356	947
340	941
324	923
353	908
348	903
382	925
336	913
332	927
354	912
373	917
337	902
349	943
368	937
354	916
344	917
379	931
380	940
382	928
353	935
355	938
333	919
380	922
355	945
353	908
355	897
349	909
335	919
343	905
332	921
320	924
329	943
372	941
381	928
334	920
340	908
363	920
374	935
354	956
366	942
330	915
357	949
370	930
347	901
328	952
370	935
372	930
348	902
330	919
340	925
346	903
368	912
366	914
349	912
334	956
353	904
320	922
356	908
327	922
330	921
342	949
336	924
324	909
335	917
334	916
336	947
369	949
349	903
366	935
334	952
332	924
334	945
368	937
380	927
368	956
375	949
330	949
377	915
324	914
326	904
358	943
352	949
372	941
383	908
335	911
375	926
354	908
355	908
370	934
379	926
359	910
368	918
362	945
378	931
325	942
320	924
330	922
363	914
336	947
373	929
339	947
375	908
336	919
359	939
368	945
354	912
327	922
330	921
356	937
380	917
350	906
363	937
368	939
365	943
361	914
369	904
363	908
352	945
347	913
370	928
340	913
375	929
374	956
359	912
353	900
339	932
361	953
352	945
327	927
365	920
350	928
374	942
359	922
343	899
363	918
368	949
361	938
373	925
364	943
347	905
331	922
334	925
377	932
320	896
343	906
351	898
342	932
334	933
336	920
332	924
349	903
382	897
334	898
375	916
341	912
347	902
324	939
373	926
375	926
333	915
346	942
326	927
373	930
373	930
337	903
373	931
338	915
342	911
347	905
358	945
368	918
370	930
371	925
383	943
320	949
351	946
342	943
376	916
370	909
357	943
364	944
334	917
358	928
327	896
352	918
377	932
368	944
354	943
320	920
322	926
321	924
326	915
327	954
345	958
378	937
368	928
363	916
375	907
373	951
368	939
359	955
344	911
324	922
320	924
343	900
369	930
359	935
356	947
338	945
326	953
352	910
375	925
350	900
359	929
362	926
368	954
327	923
326	922
334	923
382	927
364	908
334	958
333	920
343	943
341	911
358	958
359	919
359	939
362	937
368	932
370	936
368	918
360	928
350	912
359	905
354	903
382	924
333	947
324	919
337	938
383	954
368	899
328	898
341	950
337	952
333	938
342	926
368	946
376	934
356	947
352	937
332	937
357	947
338	913
329	938
345	899
354	907
364	942
376	946
320	944
373	936
355	901
371	933
344	936
375	898
374	905
367	933
343	926
326	932
369	930
333	953
369	902
349	908
321	929
348	902
376	904
342	911
349	899
368	941
325	923
359	939
320	903
374	938
382	943
376	917
367	919
346	946
339	924
335	924
383	908
332	920
353	896
373	940
331	920
348	905
377	959
356	943
377	929
376	928
363	947
341	907
326	905
329	915
368	910
366	899
367	944
348	903
321	939
340	950
337	921
329	920
347	907
334	959
342	947
364	943
333	911
373	926
350	908
341	900
348	956
325	899
369	903
381	954
347	916
321	922
327	923
376	931
343	905
360	945
358	939
359	935
370	931
372	932
338	896
361	910
373	918
370	916
324	927
343	909
336	911
340	897
334	914
364	939
352	951
370	913
320	954
371	918
334	938
364	955
377	928
367	959
373	931
376	930
363	914
344	956
370	943
372	936
343	905
377	950
378	932
342	930
335	915
372	952
375	945
329	920
337	923
353	896
380	956
365	956
352	939
324	920
375	926
340	918
336	957
321	926
374	930
382	926
359	941
357	931
368	933
370	932
348	909
353	959
337	917
335	917
326	946
368	930
343	903
370	940
372	938
370	939
367	927
376	928
350	940
349	912
329	940
359	921
351	930
367	930
376	932
374	936
370	938
332	926
329	951
369	897
366	937
365	910
359	930
361	910
349	925
376	938
342	949
375	926
345	907
381	930
370	932
372	936
354	912
326	954
341	931
374	912
337	937
333	908
340	921
336	927
334	923
349	904
365	910
369	910
377	936
343	907
349	904
350	906
342	917
357	946
358	946
381	929
331	915
338	913
348	903
329	899
343	912
345	914
336	917
368	941
327	919
348	906
367	950
343	900
373	925
358	943
364	923
344	912
359	918
352	908
376	929
360	908
348	899
372	941
380	945
369	909
373	925
369	939
380	950
332	920
376	932
374	936
327	922
336	921
342	922
369	918
334	917
350	903
364	898
321	952
373	946
358	923
354	940
342	956
361	945
357	954
325	919
326	923
367	953
355	953
358	914
348	938
338	929
377	931
340	912
380	931
331	901
376	959
336	927
345	907
348	912
370	935
372	944
355	908
370	934
362	918
368	937
356	943
359	943
381	936
370	918
327	919
352	948
376	930
350	908
376	913
342	914
361	911
377	954
362	908
351	909
340	914
324	896
352	945
359	946
352	938
347	903
359	929
350	900
354	945
361	947
330	919
327	905
370	941
368	939
322	908
346	903
353	908
370	952
383	916
338	911
363	918
347	903
373	921
353	948
355	942
337	957
362	931
363	938
368	940
365	942
342	912
359	932
374	909
376	936
326	907
320	943
344	918
360	911
359	904
372	932
372	945
376	941
374	943
376	937
342	912
332	958
344	917
356	959
339	908
373	926
352	908
360	951
330	938
363	939
368	947
365	951
334	925
369	926
328	922
382	931
364	946
376	930
345	908
346	947
367	906
376	949
340	903
342	914
322	922
330	923
363	916
378	914
333	917
365	913
345	907
369	906
327	922
330	921
320	924
335	913
343	930
341	928
343	922
373	930
324	919
372	928
368	955
370	954
358	956
373	925
376	935
374	932
348	900
353	954
361	912
354	903
371	925
335	902
371	927
371	925
336	908
338	947
338	958
358	956
349	938
378	929
337	907
342	897
328	933
344	913
370	930
336	919
324	937
380	929
347	912
322	923
346	905
323	901
364	939
372	935
322	959
373	929
352	901
341	913
370	929
376	932
360	948
334	929
376	922
362	925
351	940
373	940
370	938
334	916
354	945
352	910
340	937
347	900
341	904
350	943
375	915
371	896
327	925
330	924
339	913
337	956
354	910
365	935
359	939
356	905
369	928
373	941
367	939
342	909
336	899
370	930
337	925
359	911
376	938
335	914
382	926
343	909
333	956
333	939
342	918
344	918
322	930
360	911
344	907
343	913
362	947
363	930
368	957
365	958
364	946
375	928
329	902
327	921
362	945
344	909
326	954
352	908
323	926
322	923
356	958
371	932
369	936
320	902
360	902
374	931
350	948
348	950
344	911
357	949
370	928
372	936
379	930
349	908
350	903
338	917
375	929
352	945
359	951
382	912
338	935
336	946
328	919
350	935
344	914
375	930
327	930
330	908
352	945
359	910
340	920
362	949
364	943
337	913
368	938
349	906
364	935
346	899
383	910
327	919
365	925
368	948
342	906
336	923
332	924
353	947
355	943
343	954
338	922
331	922
363	914
365	913
352	948
375	929
354	910
341	913
344	959
376	928
336	917
340	923
350	906
328	922
356	951
364	943
380	905
370	949
343	938
381	955
342	919
340	913
344	911
326	920
343	918
341	913
327	927
330	924
368	939
380	930
340	916
334	938
371	946
330	917
365	945
379	908
380	904
338	913
360	908
355	932
355	949
327	919
356	952
349	912
329	922
355	906
355	951
365	918
382	925
369	920
377	931
354	908
349	903
328	922
322	923
350	904
353	908
321	943
370	908
383	901
323	914
327	911
363	916
346	900
326	922
345	956
375	926
326	956
340	916
342	911
377	933
356	950
357	952
332	923
368	938
336	911
343	905
371	925
368	952
370	946
379	900
373	935
355	930
356	909
368	936
341	934
364	943
368	935
370	937
331	898
359	939
364	946
327	922
320	924
322	938
328	944
344	911
323	946
375	930
358	941
327	936
380	904
321	918
336	917
358	946
332	919
321	925
335	939
370	939
368	949
356	900
382	919
356	955
371	925
376	931
334	916
348	905
356	945
366	932
368	938
364	944
371	927
343	909
369	915
342	911
368	917
368	901
366	953
373	931
329	912
349	956
362	907
381	897
359	927
375	928
353	906
337	917
379	929
324	908
367	900
375	926
382	926
378	931
363	937
368	905
342	912
328	924
369	944
339	952
346	907
367	930
369	918
364	904
334	927
365	939
321	924
369	925
367	918
326	935
382	926
343	909
351	907
379	930
370	936
331	919
327	945
383	923
359	943
337	956
354	947
365	939
355	940
338	958
338	923
334	914
369	920
353	943
371	948
320	906
369	946
346	905
363	947
327	919
330	923
372	930
370	928
356	949
347	909
354	922
381	924
342	913
350	943
344	947
364	907
360	949
352	910
354	910
383	948
344	911
343	934
342	916
373	926
349	910
379	931
360	944
343	907
332	923
343	903
332	919
321	925
353	958
335	917
352	947
376	928
346	912
341	907
344	911
370	930
358	948
350	910
320	941
383	943
343	906
335	915
354	910
348	936
359	920
359	959
326	945
364	956
336	915
341	911
338	914
340	909
349	909
363	947
368	910
365	943
359	916
334	916
376	935
380	929
373	925
369	910
363	945
331	956
328	942
380	898
363	906
328	935
334	927
379	943
376	949
354	947
352	908
365	937
370	935
361	939
377	928
349	932
342	929
359	897
352	908
359	918
363	916
377	945
326	903
360	947
359	916
376	953
371	912
357	940
367	934
363	950
347	926
356	923
343	927
345	919
357	943
358	949
320	924
352	945
360	945
364	938
349	957
328	919
381	932
360	943
338	922
338	921
348	902
338	911
337	914
335	913
381	955
370	900
372	898
382	953
348	909
350	912
323	927
334	917
347	905
368	940
333	931
375	927
356	932
359	939
334	925
369	920
355	947
364	943
351	910
340	914
370	933
376	935
368	932
377	930
370	943
357	943
356	949
382	902
343	909
340	916
350	900
353	916
349	903
377	932
346	907
326	957
349	931
365	941
363	916
370	938
327	920
350	908
336	904
335	920
370	930
359	939
368	941
373	910
334	906
328	916
347	903
355	910
344	914
342	912
364	944
353	947
342	918
368	920
339	913
368	900
366	941
368	944
330	927
364	948
372	935
370	931
372	932
322	901
379	908
353	906
347	905
354	942
359	946
365	937
368	909
353	957
336	950
332	934
337	915
350	904
349	896
341	907
376	934
362	918
368	939
323	931
378	920
371	920
369	925
334	925
383	956
374	941
356	946
327	922
329	905
323	958
341	917
364	910
337	921
376	948
367	902
373	897
363	910
343	907
333	941
358	943
368	943
369	918
334	920
368	941
335	913
343	905
354	906
321	957
354	910
369	927
341	907
375	898
328	941
337	913
332	927
340	913
349	938
353	928
352	899
341	911
337	911
326	909
332	923
371	924
358	952
369	929
371	931
376	930
356	945
344	926
369	926
380	942
369	930
334	915
369	917
360	947
370	937
353	908
332	946
364	946
356	951
357	948
371	955
339	945
334	915
349	922
334	923
369	918
354	947
358	900
335	917
327	923
330	922
359	908
343	946
345	944
327	943
324	941
341	907
382	955
354	935
343	940
347	941
342	909
347	938
370	931
356	955
352	947
360	953
359	910
336	919
372	918
368	935
379	930
340	907
334	930
370	938
344	939
342	937
343	942
356	943
377	932
354	912
364	944
353	928
331	898
354	908
375	957
334	950
363	937
354	957
351	909
342	912
378	899
377	928
380	931
348	954
334	917
382	947
375	925
371	958
366	913
343	947
333	912
375	903
379	907
348	909
352	910
369	917
367	915
369	908
337	943
329	921
324	919
364	953
363	918
344	911
380	929
368	942
361	896
353	910
324	922
334	920
337	909
348	902
342	912
363	920
355	947
356	949
328	936
352	916
353	932
355	933
360	946
367	951
354	912
359	952
363	955
360	916
354	912
381	929
373	922
338	917
356	945
323	927
321	925
370	931
337	920
372	920
361	905
359	900
368	902
363	912
369	957
368	959
352	908
362	943
335	912
371	925
329	917
323	956
343	903
365	935
340	933
363	901
374	935
339	934
360	920
344	899
338	934
359	917
347	942
373	927
362	916
336	920
335	911
353	936
350	919
368	938
382	948
353	906
349	912
350	909
348	903
348	905
326	919
347	905
335	903
360	908
347	926
322	919
331	900
373	956
320	900
330	922
323	921
380	931
353	943
355	910
349	910
344	930
333	908
355	929
369	918
334	920
337	926
368	918
325	920
345	946
349	907
336	915
333	926
379	900
345	927
349	914
350	906
352	945
356	952
357	950
350	899
341	912
340	908
365	935
370	950
362	939
320	905
354	954
368	948
370	950
374	928
336	950
382	930
375	937
338	901
331	903
333	945
347	914
383	924
365	939
343	939
327	956
349	919
355	897
337	912
356	951
334	906
359	912
334	905
367	905
334	916
361	914
336	902
325	926
326	924
320	933
383	927
363	932
369	931
353	910
333	952
336	948
355	900
356	947
358	943
342	907
376	937
323	916
336	929
324	910
325	897
368	941
366	941
359	939
371	925
371	918
372	935
321	905
351	943
375	944
325	945
356	939
372	905
361	916
334	918
373	915
375	914
352	943
348	897
360	949
352	947
365	937
367	935
349	910
375	913
356	958
373	931
382	922
338	919
320	929
368	943
353	945
324	955
332	935
341	917
369	930
357	951
337	917
344	950
375	926
357	939
321	924
345	946
375	928
377	918
341	899
326	912
324	899
341	900
354	909
324	897
340	909
383	896
368	941
350	906
349	923
334	902
356	946
356	943
364	938
352	948
368	937
348	905
341	945
340	911
371	925
327	931
378	931
337	922
337	923
343	917
326	908
364	943
358	946
380	951
348	910
352	945
375	947
344	927
368	929
345	942
362	947
365	947
366	947
378	937
325	923
346	932
374	930
381	928
364	943
327	922
328	929
358	952
360	946
332	954
334	919
361	932
367	921
342	916
338	913
324	913
358	943
359	945
377	936
323	938
354	906
321	958
382	943
376	900
377	902
359	949
338	911
382	936
348	912
359	941
351	914
369	920
334	918
320	943
342	956
365	957
371	918
329	932
366	938
333	927
369	939
343	948
354	906
346	905
353	952
340	953
370	914
363	916
372	919
382	925
342	915
354	947
370	938
353	904
360	904
344	915
368	935
374	938
329	904
359	914
344	945
338	914
352	896
373	927
367	924
333	915
336	945
334	942
359	950
368	948
368	918
382	926
356	949
337	958
365	929
368	937
363	922
362	943
347	905
380	911
344	917
359	916
342	900
356	937
357	899
358	901
373	931
356	938
355	948
333	938
326	941
371	900
360	944
323	922
347	909
326	922
320	924
337	924
364	944
371	925
369	911
359	910
376	908
374	942
359	945
350	945
348	909
368	930
341	911
342	914
354	902
333	910
344	912
360	945
352	910
377	936
378	930
352	903
349	909
337	949
378	927
340	897
342	952
375	930
341	911
335	917
353	908
377	932
333	915
330	917
336	915
321	926
375	932
366	941
371	930
355	949
367	955
337	913
371	925
353	939
355	945
366	930
343	945
332	932
376	949
371	916
340	912
357	953
367	918
376	929
347	907
368	953
347	903
378	958
370	948
352	943
364	928
328	903
346	905
328	954
332	924
344	926
342	916
359	939
325	905
380	958
362	906
358	906
366	906
364	906
322	939
383	947
320	958
380	932
378	933
338	914
371	927
338	931
368	937
321	898
371	935
320	954
354	945
359	909
377	931
379	932
357	949
326	922
363	918
322	918
369	918
349	912
337	898
335	904
362	943
360	949
346	905
359	947
366	939
324	948
344	909
321	924
321	924
349	906
357	925
359	941
376	938
325	932
362	924
359	920
350	906
326	904
360	898
354	908
382	926
365	956
368	918
381	929
357	951
350	906
369	907
332	942
330	950
344	911
357	943
326	938
332	927
321	949
353	947
355	947
322	937
332	927
325	956
370	930
362	945
327	919
344	945
349	910
336	946
333	942
344	907
359	945
331	909
338	936
330	921
370	956
348	932
370	922
345	914
343	944
372	898
380	929
369	913
347	937
348	903
348	927
321	920
375	932
368	937
356	930
357	926
340	918
369	920
354	912
363	920
368	939
366	938
368	941
366	938
344	912
380	943
343	909
352	910
369	937
343	907
324	941
341	902
329	920
327	899
332	918
323	923
350	938
341	915
338	913
376	928
338	911
328	935
353	951
355	908
357	909
378	931
325	959
355	918
354	903
353	904
361	912
334	930
373	953
350	910
377	931
370	916
338	926
366	941
344	957
349	927
354	916
332	910
382	925
342	912
340	903
336	925
341	911
368	941
366	957
355	956
352	908
323	913
340	914
342	912
332	924
334	941
349	916
327	919
368	947
347	909
376	930
377	951
368	899
366	913
364	898
365	899
366	904
368	900
337	950
348	903
337	913
323	897
324	919
376	948
373	918
327	915
330	915
369	915
353	945
357	949
327	897
326	907
373	956
358	940
364	943
382	929
363	918
379	931
372	928
347	905
348	902
382	929
339	931
373	925
381	936
343	959
376	918
337	915
363	934
375	929
331	917
350	954
345	946
348	949
326	943
381	925
322	922
377	941
353	910
329	911
365	939
340	913
370	935
374	902
370	903
373	899
376	900
377	915
356	954
340	955
339	915
333	915
382	898
324	939
345	944
367	945
382	930
320	924
354	908
320	959
375	929
321	923
349	936
381	936
379	920
357	951
357	959
380	929
333	941
334	936
344	916
340	900
342	901
327	899
343	907
377	919
357	953
346	907
354	904
370	928
369	916
334	912
346	951
359	916
368	943
334	907
345	943
345	945
345	949
345	910
360	943
348	903
372	928
359	945
350	902
334	930
361	908
364	951
344	914
343	913
338	958
363	918
339	907
366	944
349	900
363	925
336	915
324	927
326	942
340	906
337	904
360	945
337	914
322	917
367	916
326	941
354	903
353	920
347	936
356	954
320	954
340	917
328	920
370	951
324	932
370	947
322	910
373	931
374	958
347	915
343	907
350	900
345	907
334	925
369	918
345	946
320	954
346	905
327	922
344	954
359	910
362	945
324	921
348	904
381	948
374	937
352	896
334	921
324	922
363	918
361	910
362	932
322	922
332	945
329	922
343	936
351	928
352	952
360	948
368	928
354	910
353	948
327	937
380	899
368	901
376	929
326	935
358	931
321	932
363	912
359	915
360	913
327	915
371	924
383	926
379	918
351	914
361	909
350	915
351	903
363	918
371	938
350	934
325	940
359	941
350	956
338	917
372	926
344	907
363	925
369	927
373	937
333	938
348	918
358	935
342	910
373	920
361	912
379	929
340	920
343	922
346	921
359	945
377	950
349	954
341	953
360	948
334	952
347	936
321	929
382	926
327	942
331	946
326	944
372	937
368	935
332	907
369	949
382	925
333	898
354	947
328	905
347	909
322	922
359	952
368	945
362	943
381	955
350	903
380	945
348	956
363	916
382	926
341	911
321	920
335	919
366	935
370	927
372	922
328	927
339	901
368	956
320	942
335	953
383	924
340	927
346	909
340	911
352	920
360	917
332	927
370	900
372	898
372	936
368	934
328	928
367	941
377	931
334	925
373	925
369	925
330	923
370	930
377	932
380	931
371	937
336	920
344	911
335	915
342	948
334	914
368	935
334	920
368	937
336	952
368	941
351	949
325	943
335	914
356	923
359	945
327	932
338	926
363	917
355	900
373	940
326	933
325	934
377	904
334	927
335	915
348	938
382	956
332	918
348	912
332	901
329	933
342	920
368	936
363	918
361	912
348	903
361	910
354	910
329	921
327	922
343	907
352	945
343	907
356	952
324	922
326	921
338	920
368	925
370	937
336	917
341	917
373	908
334	910
382	926
370	936
376	935
320	923
358	913
338	922
321	958
382	931
336	919
380	932
379	933
373	945
352	910
352	943
348	905
364	939
368	939
366	930
342	949
360	943
350	906
369	928
367	935
347	906
322	923
321	909
373	931
343	915
335	924
374	928
327	905
331	952
359	948
359	930
370	937
357	913
374	898
369	924
333	935
327	923
350	909
353	931
335	915
369	930
368	944
320	926
352	945
355	910
376	913
345	921
343	911
337	915
321	924
361	910
366	941
368	941
364	946
344	906
346	944
329	944
371	948
350	906
321	908
357	955
330	917
347	952
376	914
336	942
363	910
363	912
373	930
363	902
359	907
371	927
323	939
363	913
367	923
370	904
370	943
372	946
364	911
350	932
332	942
344	959
373	918
371	930
330	919
359	931
325	923
360	956
376	932
374	936
370	937
327	927
382	926
367	928
370	911
379	914
343	913
370	947
326	922
379	929
378	931
377	932
361	939
376	946
369	936
367	930
370	918
348	913
336	917
340	920
350	905
341	910
341	901
342	906
363	920
356	948
368	919
359	910
374	913
327	934
343	912
326	943
342	909
340	905
326	926
343	911
361	916
334	920
333	941
326	922
324	922
320	954
320	905
382	925
321	924
364	944
364	941
321	927
352	945
358	949
353	952
325	897
370	936
374	936
372	936
382	926
330	919
363	945
348	903
330	933
321	924
369	925
367	899
327	917
382	925
350	904
363	918
368	930
350	899
363	941
325	943
354	918
371	926
334	925
369	918
344	912
323	922
380	930
361	916
329	896
332	933
368	939
376	905
374	903
360	939
340	920
331	956
328	924
324	906
357	955
368	941
323	940
369	896
358	941
376	954
340	914
361	950
332	923
329	951
374	936
343	932
344	944
356	959
325	922
338	917
353	906
342	912
327	920
370	932
372	936
357	949
369	937
347	905
354	941
349	909
347	934
349	932
372	918
328	903
338	943
324	953
376	917
321	926
354	924
327	922
330	921
327	903
326	911
349	906
371	918
357	955
324	923
326	952
353	947
378	930
375	925
338	939
334	949
373	929
383	929
376	920
343	941
324	922
325	932
370	928
365	944
327	925
363	908
332	902
365	941
352	945
330	933
369	922
339	910
368	955
352	899
329	956
326	947
332	915
333	921
344	905
328	924
365	897
363	946
352	944
376	935
379	929
372	912
349	912
335	912
354	912
351	951
362	939
377	942
366	941
321	924
377	929
341	928
320	951
376	901
369	930
368	941
332	919
350	942
352	946
351	951
360	910
336	919
334	920
344	909
333	915
341	907
358	943
343	942
368	941
366	942
355	947
356	950
341	911
368	935
370	932
349	942
343	926
368	938
369	942
367	946
354	946
337	930
346	907
337	913
376	928
374	928
346	907
330	946
356	949
345	925
380	932
359	948
362	946
349	916
382	926
339	934
363	943
343	906
345	904
326	922
323	939
358	944
321	922
341	936
334	927
359	942
368	948
362	943
332	923
326	932
356	929
350	906
372	928
369	918
364	942
350	897
337	905
346	900
352	900
329	918
373	904
365	939
368	938
367	908
349	903
366	928
364	947
360	944
369	898
354	910
363	912
349	914
367	918
335	943
366	912
370	942
370	932
372	933
340	917
336	917
368	938
336	919
322	943
374	935
338	911
364	944
324	948
326	950
369	920
344	930
342	928
334	920
338	917
344	916
352	910
338	912
353	906
370	937
365	935
353	916
369	896
323	945
375	929
358	950
382	908
324	914
370	937
373	930
328	923
343	905
376	930
336	921
334	922
363	931
334	932
329	915
375	913
325	904
328	931
371	929
345	913
331	947
328	920
356	947
334	927
334	926
327	920
333	899
336	959
370	928
361	909
377	936
366	929
353	899
345	913
349	899
334	920
356	951
337	941
376	935
374	936
373	959
327	915
343	903
359	912
361	916
382	926
337	946
338	913
327	921
329	927
380	947
369	929
364	941
349	906
352	904
362	946
323	922
344	911
365	954
348	897
343	908
338	919
352	934
326	945
352	912
381	955
341	935
359	908
333	952
323	945
353	906
344	917
330	904
343	909
376	908
376	952
343	909
333	913
335	905
363	943
368	941
370	944
321	925
380	912
368	938
370	935
335	905
352	917
369	918
326	958
347	905
373	925
354	932
352	936
363	914
338	911
340	917
327	935
330	936
326	922
325	921
334	918
348	905
345	944
347	942
369	918
371	918
367	918
345	915
332	919
342	914
338	907
378	929
327	955
371	926
341	914
326	954
342	914
349	906
371	910
365	958
382	920
363	901
363	951
339	913
344	907
349	916
380	931
335	917
373	930
374	905
350	942
352	945
360	949
382	939
382	938
323	910
324	916
371	918
348	909
371	924
321	931
357	947
360	945
325	922
326	921
350	904
334	911
352	898
370	932
372	931
376	906
349	896
334	908
369	908
382	924
324	917
379	946
334	950
380	948
327	927
332	924
360	945
378	954
323	932
324	931
334	912
364	953
340	911
352	910
340	936
342	912
344	909
321	923
320	909
348	902
351	909
341	912
329	912
356	957
372	940
335	917
380	955
336	914
343	903
337	907
353	896
370	941
372	935
369	907
375	929
341	905
322	924
336	922
327	921
354	912
375	929
329	956
344	896
327	951
383	941
376	930
356	923
361	910
330	939
355	958
380	954
355	928
354	910
352	918
371	943
335	929
338	937
330	919
322	923
355	903
340	916
355	943
370	928
376	940
339	917
344	952
340	903
369	920
350	909
322	923
343	947
348	920
342	916
344	912
345	935
365	947
366	906
348	956
327	913
330	905
336	907
371	911
365	937
356	947
360	916
334	898
341	897
368	900
375	908
356	943
357	949
361	910
368	946
373	942
370	946
360	943
333	911
350	904
351	909
340	911
326	901
363	928
354	906
370	908
334	944
369	938
365	937
347	954
382	899
321	920
348	956
341	934
342	959
333	915
356	943
357	949
351	907
334	955
334	946
334	950
334	952
328	935
370	938
326	922
320	932
383	936
358	946
370	900
363	937
364	914
369	937
337	913
334	916
368	939
366	937
368	938
369	920
353	908
361	912
380	923
334	919
382	938
370	900
382	955
324	951
326	942
336	914
343	940
369	925
329	913
329	942
368	935
370	917
350	914
354	934
339	909
336	897
323	899
365	930
364	944
354	928
376	948
359	935
362	949
352	932
327	925
381	931
377	928
334	920
358	946
338	917
348	904
327	934
320	924
362	941
336	936
375	926
367	916
369	937
335	947
348	903
359	941
362	944
368	946
359	916
321	923
344	922
348	923
373	930
383	928
364	898
358	908
364	949
356	958
341	956
366	941
359	896
353	910
326	904
359	949
362	943
363	949
366	944
327	952
336	950
359	952
331	951
372	902
345	909
377	937
359	943
373	930
377	921
331	917
348	906
368	939
344	911
344	913
342	905
349	907
380	929
363	918
331	922
353	910
346	930
357	918
353	897
368	943
373	920
327	927
330	924
352	922
373	907
353	926
373	898
330	932
326	945
349	923
358	916
362	930
368	929
341	934
365	932
368	933
324	930
326	939
363	959
361	951
346	916
345	913
343	911
361	920
350	904
340	932
343	924
333	905
326	903
358	946
333	931
368	912
371	909
345	913
368	913
344	911
349	930
322	924
380	908
342	916
377	897
328	923
346	911
340	930
340	916
375	932
381	933
361	952
357	932
362	933
368	947
375	929
338	925
373	929
362	907
344	907
379	950
320	917
355	943
342	942
345	905
369	929
374	948
370	946
353	908
355	903
341	913
348	900
324	916
321	945
349	906
340	912
326	943
328	919
370	928
380	929
382	926
363	920
367	957
353	908
354	899
321	924
379	926
343	913
345	905
376	948
321	924
345	908
373	937
362	943
345	916
343	922
344	910
343	909
369	925
366	953
382	941
381	942
362	938
359	938
354	958
383	956
348	958
356	951
346	909
355	903
376	959
380	956
370	941
342	911
320	913
364	941
365	901
333	922
376	948
353	897
340	914
347	905
361	905
368	938
366	916
354	943
352	945
328	923
358	953
340	920
372	957
374	928
372	919
334	926
333	919
359	908
332	927
331	915
338	954
365	947
368	959
321	918
350	942
339	931
364	904
334	921
374	925
325	904
324	922
348	902
369	937
373	934
322	943
358	922
353	908
334	914
340	925
343	905
351	903
333	917
380	942
353	901
360	939
332	924
381	931
374	928
332	927
338	920
332	924
376	929
378	903
358	937
327	936
330	933
334	937
369	910
369	916
369	918
381	939
334	929
326	947
335	904
348	906
360	943
358	916
381	912
379	930
350	947
341	913
338	913
346	900
348	912
365	939
337	911
326	922
324	922
326	923
359	897
334	926
344	907
368	938
326	901
321	942
340	920
357	943
377	948
369	916
332	896
363	927
365	919
325	922
359	898
379	931
359	939
371	938
365	920
343	948
327	921
340	917
328	897
326	904
340	920
326	950
324	953
349	903
365	918
363	957
339	897
376	928
344	900
339	959
327	927
355	901
337	930
328	907
325	909
363	958
334	959
348	902
337	916
343	900
331	928
327	928
333	928
369	927
334	917
365	939
368	939
359	937
352	913
327	915
326	921
371	925
363	943
368	945
360	902
343	897
371	924
351	909
356	952
375	916
327	943
377	922
326	951
360	910
331	953
363	927
365	920
354	904
336	938
376	936
374	938
355	945
358	908
360	947
355	947
357	947
368	918
336	917
376	928
350	912
324	922
343	907
327	915
342	912
332	920
327	919
375	936
364	955
375	956
380	931
333	956
375	951
379	946
363	916
357	952
370	955
326	931
326	940
332	920
363	927
334	917
320	917
326	897
341	911
363	956
376	904
374	908
343	941
336	914
352	939
369	917
352	918
360	920
326	951
329	952
350	906
380	925
334	920
376	918
372	926
343	907
356	900
363	925
352	947
352	901
342	909
361	911
369	927
334	925
334	937
363	916
373	930
369	922
363	937
373	926
326	943
360	922
357	951
350	925
322	954
361	912
375	919
328	926
338	917
328	914
327	920
349	932
380	908
376	928
378	931
348	938
321	942
369	948
330	950
382	944
350	935
350	938
350	934
342	914
363	950
368	946
333	915
334	917
352	903
377	924
330	927
321	924
365	935
369	916
335	913
341	915
375	931
356	951
350	958
368	926
370	929
341	911
352	910
382	925
328	942
353	908
328	927
338	926
344	911
364	900
352	918
352	927
352	916
352	925
368	955
366	952
354	911
325	957
341	949
329	913
340	947
373	931
328	920
338	898
338	922
341	911
375	928
327	937
365	959
326	938
371	920
369	918
361	911
324	922
336	916
359	943
327	908
322	923
329	926
364	948
355	916
351	906
321	956
334	928
377	931
352	915
328	900
379	919
334	917
377	907
343	905
326	951
348	909
356	955
320	924
369	918
375	929
376	908
354	951
376	934
374	935
366	938
324	951
362	935
368	937
379	945
356	949
360	917
326	956
359	937
368	941
349	955
337	906
341	911
373	930
340	939
354	910
343	905
349	904
359	951
348	939
373	928
320	927
339	922
372	951
332	919
379	912
353	908
344	943
342	949
364	902
344	912
333	913
356	943
354	945
346	953
376	933
374	906
332	932
334	911
343	905
345	924
376	908
338	957
359	931
320	938
377	930
368	935
330	919
332	923
369	954
321	924
370	943
349	908
349	940
326	922
372	899
340	940
369	918
338	936
335	932
364	943
347	903
354	897
342	906
370	959
333	922
358	950
338	911
363	916
336	919
345	922
339	904
369	930
332	923
336	922
362	941
349	912
359	924
374	932
338	915
347	944
364	904
349	908
343	907
354	915
364	936
372	939
367	916
349	931
338	917
364	944
378	929
358	943
364	941
338	944
378	959
379	937
361	936
383	935
320	930
354	909
322	923
369	937
322	917
376	931
376	930
326	907
344	906
344	951
378	907
330	937
363	900
344	915
349	910
370	937
362	916
338	920
339	917
361	916
338	917
353	897
354	928
336	919
321	925
354	916
359	954
322	922
356	945
344	898
370	945
343	938
369	927
355	905
356	939
345	942
344	908
342	897
382	926
321	955
382	924
376	905
380	906
362	944
344	952
371	925
325	931
368	939
359	943
352	939
353	946
375	956
370	928
372	941
332	934
364	943
327	917
325	909
334	919
327	907
326	905
331	915
363	937
324	919
346	921
326	922
342	897
330	913
327	908
371	919
352	910
368	939
321	924
338	914
336	922
361	910
365	916
355	947
359	941
364	944
376	930
370	937
356	947
368	918
327	922
381	953
358	943
330	959
334	936
347	897
367	937
368	939
366	910
328	945
350	938
353	900
322	956
320	918
330	948
369	925
367	930
372	931
354	917
324	914
377	916
363	918
368	942
366	948
356	951
350	912
333	941
334	936
324	940
370	956
353	959
337	907
334	912
376	943
329	917
333	922
368	955
380	956
359	935
341	920
343	911
343	909
342	911
351	913
364	941
363	916
359	900
362	939
368	916
360	899
354	908
340	933
330	920
350	915
376	935
374	940
344	914
342	941
358	943
332	920
339	927
321	927
339	917
365	958
352	904
360	923
345	910
353	897
355	896
327	919
338	936
352	947
376	928
374	931
382	925
373	918
336	919
374	929
376	924
335	956
324	927
328	927
360	955
365	937
364	941
341	955
360	947
349	942
354	946
351	935
370	935
329	941
343	922
339	922
345	944
377	948
332	922
321	923
347	899
367	930
368	949
352	945
352	908
371	904
344	911
329	956
329	922
327	956
372	905
334	913
359	939
366	951
356	928
354	912
340	925
327	948
352	907
320	959
344	915
364	946
339	913
356	955
337	913
343	943
352	949
360	945
360	930
354	908
325	930
354	956
328	951
322	919
361	915
329	923
327	921
324	944
326	953
327	939
352	947
356	938
352	908
376	928
352	958
338	915
376	933
374	930
321	925
332	927
365	943
368	946
354	914
374	928
338	911
353	941
363	910
327	907
370	918
376	937
368	935
342	897
344	896
349	936
373	928
376	925
383	959
324	922
380	930
376	906
350	915
350	938
338	911
348	906
348	908
368	937
352	910
324	919
354	945
356	949
378	919
380	923
377	931
354	938
359	924
330	921
336	919
330	924
328	920
321	925
370	930
381	932
328	951
380	958
378	927
354	928
328	927
320	936
328	945
371	927
369	920
352	945
351	907
379	897
331	913
352	908
359	906
356	897
353	908
342	914
344	914
342	952
354	955
331	923
321	920
343	907
346	903
369	945
371	946
344	907
334	919
372	958
330	948
351	909
344	903
340	920
383	916
356	934
362	931
324	919
326	924
360	947
363	939
341	909
352	934
334	934
363	939
368	924
334	918
369	925
321	956
343	909
356	945
336	908
349	914
341	911
324	922
371	920
336	925
380	913
371	954
377	932
344	905
337	932
332	956
369	918
370	947
374	931
380	942
349	903
344	909
375	929
336	902
352	945
367	925
359	929
348	901
334	918
327	919
343	958
357	943
374	934
377	933
321	927
360	943
354	909
380	929
334	913
369	911
352	946
360	952
377	939
364	935
324	922
380	902
342	900
343	946
353	898
362	914
363	941
368	944
365	938
375	934
328	926
371	925
348	952
320	944
382	905
350	899
342	916
381	923
375	919
330	908
332	958
335	913
337	897
338	914
383	926
320	906
353	910
370	939
370	932
322	922
320	923
334	920
348	904
362	941
342	912
356	958
355	904
355	951
341	911
339	907
354	910
334	909
375	926
332	945
332	946
331	915
354	939
365	900
370	957
380	954
347	923
371	925
359	899
348	911
343	907
356	951
334	918
328	912
335	906
368	930
344	909
380	925
368	938
328	958
336	922
367	939
382	926
363	939
372	936
325	922
326	922
325	923
352	936
360	932
369	919
366	935
345	929
358	899
369	956
328	951
322	952
349	910
343	907
338	914
341	913
360	951
336	927
382	922
326	946
363	925
349	911
327	920
348	909
349	953
349	910
328	948
333	939
364	939
343	903
345	911
347	905
359	948
382	924
341	907
380	954
371	920
332	954
329	930
322	954
358	943
353	945
369	910
322	908
363	945
369	906
327	919
354	945
352	946
360	952
353	906
365	948
360	925
320	958
346	905
357	946
344	909
355	925
355	920
349	912
352	914
363	916
336	920
351	915
352	910
327	924
365	915
359	922
368	921
371	924
349	930
355	944
361	923
327	922
342	922
321	910
356	947
354	946
334	916
361	908
382	954
325	922
370	934
379	943
357	943
337	932
342	912
364	948
324	945
328	916
373	926
323	899
340	914
344	910
353	906
378	956
361	918
353	947
352	947
343	906
350	959
329	937
357	943
335	914
337	958
323	956
364	946
373	957
352	911
320	955
354	910
321	924
338	914
372	944
349	948
377	951
329	935
332	919
352	945
360	943
361	920
359	916
341	913
378	907
335	911
341	909
370	918
376	931
358	943
363	920
354	911
320	905
347	905
382	957
348	903
354	908
365	954
364	949
359	928
374	929
327	948
361	929
373	959
320	937
337	902
355	947
334	918
342	911
332	918
375	926
365	937
368	935
369	906
363	953
376	928
371	909
336	927
381	958
372	946
363	932
348	903
343	909
344	900
324	913
332	915
320	935
348	959
333	906
340	920
376	928
374	931
352	939
348	902
336	917
326	908
333	917
333	920
372	938
342	897
369	937
348	943
354	905
364	914
370	958
372	951
334	926
365	937
340	917
326	929
357	956
365	939
358	941
349	912
375	919
358	955
364	951
359	941
362	939
335	898
354	911
356	947
326	920
350	923
346	907
365	947
359	958
331	915
368	913
366	922
364	901
355	949
364	915
358	913
339	929
359	908
345	909
326	917
328	902
373	925
369	918
368	943
366	949
368	942
340	929
338	915
354	897
372	908
376	904
374	906
371	937
328	935
353	911
370	937
352	945
326	938
338	913
335	945
327	908
361	941
352	943
368	916
333	919
327	922
353	958
361	914
370	935
372	938
370	944
332	920
334	918
335	947
380	903
375	897
327	918
330	927
325	926
376	952
377	953
374	948
322	950
351	947
345	943
343	945
336	912
327	919
330	920
371	911
382	926
325	922
363	916
355	947
374	932
335	913
376	955
323	922
371	945
341	955
339	952
346	950
359	939
352	910
334	918
334	918
369	937
356	938
360	950
348	902
344	952
345	951
320	956
373	931
340	920
320	935
339	909
361	912
352	945
347	907
374	916
364	945
352	957
360	949
372	937
368	906
323	922
334	920
338	920
336	919
376	930
350	906
353	904
354	908
359	943
372	908
374	945
332	922
372	939
370	959
349	910
336	917
365	953
350	935
347	908
328	897
376	924
320	934
336	926
335	911
376	928
353	896
374	927
348	905
373	929
338	910
349	896
344	911
353	908
363	939
370	933
352	956
337	914
335	910
364	953
344	907
341	919
327	957
369	928
367	929
368	939
382	920
345	907
322	922
352	904
381	916
332	922
324	919
354	950
354	906
356	953
357	942
330	922
336	928
334	925
369	920
350	958
334	947
363	920
334	926
345	943
327	917
363	906
366	916
356	951
368	944
352	914
360	914
360	943
330	917
327	911
338	914
331	944
358	946
327	922
330	923
338	909
368	934
366	940
361	912
352	916
340	939
349	907
334	925
329	899
326	938
327	919
324	921
342	938
369	932
367	934
333	936
369	931
370	938
346	907
365	912
334	899
373	898
375	931
374	944
357	946
339	907
376	922
374	923
324	932
354	912
363	918
343	909
347	907
370	935
325	922
374	923
355	916
344	959
343	945
337	908
336	933
350	914
349	912
365	913
340	938
368	938
340	916
365	902
372	943
349	932
372	936
372	937
348	912
357	914
356	951
334	952
373	943
345	905
358	943
330	922
329	921
334	925
354	916
342	951
349	909
376	956
356	958
350	945
370	937
368	930
357	906
369	945
349	909
323	904
347	920
352	910
371	933
373	934
328	923
380	902
378	905
328	908
354	908
355	932
349	952
380	915
332	921
352	945
356	951
334	918
369	939
322	958
334	917
369	920
356	943
339	943
343	953
357	906
364	898
368	937
366	913
373	926
371	930
359	935
359	897
362	954
359	945
328	924
363	916
356	955
377	928
377	922
359	952
370	935
368	920
337	911
370	945
366	949
372	951
344	913
320	897
383	959
375	908
370	935
353	908
369	937
382	941
375	940
359	904
332	924
353	947
355	908
328	921
321	948
363	950
375	944
370	944
377	928
343	907
347	953
354	910
382	925
343	912
324	897
350	906
382	944
320	950
365	938
324	948
376	937
323	922
376	928
325	922
373	930
378	943
352	907
342	912
342	958
360	914
348	903
382	926
354	910
375	930
376	916
374	930
370	938
369	932
367	935
374	905
332	898
369	915
335	918
337	916
379	917
353	906
371	925
369	935
348	900
381	924
343	934
330	917
354	908
356	943
356	945
346	951
333	952
330	906
377	954
335	928
359	918
354	910
332	927
358	942
335	915
382	918
369	914
370	940
361	914
348	903
342	929
324	905
326	926
335	922
362	927
368	940
329	948
376	927
369	959
365	906
365	946
368	908
327	922
342	937
368	938
359	957
326	939
360	929
344	943
363	935
355	943
370	938
372	945
336	954
360	947
347	905
336	917
354	912
360	899
365	918
364	948
371	927
358	903
373	939
375	938
337	902
328	928
370	910
354	945
353	955
380	925
370	901
362	908
361	943
339	940
382	936
373	925
332	910
367	937
368	913
355	908
368	932
366	933
343	948
347	950
333	921
370	935
332	927
370	953
371	946
337	945
357	923
380	904
356	916
372	905
347	896
348	905
334	918
365	896
359	927
369	926
356	939
358	943
353	906
326	925
326	916
349	912
347	911
348	903
337	896
328	922
330	923
377	926
377	946
331	944
327	937
338	948
337	934
331	910
336	908
363	909
368	924
370	923
359	934
374	951
370	936
376	937
373	931
322	922
375	929
379	930
373	923
375	907
355	947
336	927
343	912
321	902
376	937
328	922
353	910
361	912
370	935
377	932
347	903
381	931
373	924
337	922
321	937
368	938
342	909
374	959
373	950
359	910
332	924
332	927
360	947
342	908
344	945
331	913
340	920
321	924
370	930
371	927
321	951
328	903
328	904
334	927
353	939
358	950
350	905
376	909
341	913
320	927
383	926
365	937
357	952
360	945
378	931
365	935
345	947
322	922
375	929
342	914
348	900
376	932
374	936
334	920
362	939
352	943
322	899
323	956
335	911
357	949
339	916
359	944
322	911
382	926
347	902
379	928
373	925
370	955
363	941
358	952
376	932
367	916
368	930
337	943
382	944
373	941
328	927
350	903
351	911
364	930
350	909
377	925
329	921
375	930
368	913
366	927
332	931
338	927
356	958
333	915
356	949
375	926
353	918
352	930
363	914
348	912
351	897
379	912
331	925
337	943
363	947
334	908
326	919
357	899
369	914
350	904
347	905
357	955
334	918
357	938
322	923
349	954
359	941
360	908
352	947
366	935
351	897
371	926
358	945
322	938
349	945
332	916
369	918
365	945
364	941
329	930
336	900
362	925
343	946
351	948
359	949
332	942
331	915
362	941
376	917
374	911
329	953
322	922
353	942
321	940
375	922
381	911
338	915
381	954
375	955
380	951
341	942
320	925
359	943
343	939
351	945
332	932
380	931
356	951
352	910
357	922
343	921
373	938
361	916
354	910
352	918
376	949
327	930
356	901
360	898
342	913
335	933
359	937
359	939
372	928
363	914
336	912
368	935
382	924
363	916
360	947
356	949
372	937
344	907
339	913
368	937
332	924
336	914
347	907
344	909
350	908
342	910
354	943
359	953
362	945
337	911
321	925
368	937
359	897
363	947
368	906
365	908
327	925
370	925
364	938
322	949
377	940
323	945
327	910
380	936
376	928
362	943
364	945
323	921
356	955
320	943
334	920
371	925
370	936
355	934
348	946
351	952
344	942
362	949
362	943
378	919
347	912
357	947
367	958
375	944
368	941
363	914
334	938
356	947
357	947
354	940
337	950
364	933
369	937
367	918
369	925
380	929
333	931
363	937
372	932
374	915
370	913
368	948
348	904
373	931
338	929
337	938
340	959
361	908
369	938
343	909
335	911
348	923
335	932
335	937
353	901
375	930
380	931
327	922
330	919
338	917
327	922
366	905
340	920
374	931
347	907
358	943
328	922
369	951
323	905
375	925
379	938
343	913
344	916
348	904
320	900
352	945
347	905
364	943
358	943
330	904
334	956
355	908
369	959
373	958
376	937
361	914
343	907
355	906
334	924
324	944
370	930
335	958
338	913
331	919
338	900
381	936
338	911
343	905
330	930
327	907
376	929
380	931
364	943
359	939
368	916
359	904
362	899
361	916
327	917
323	958
368	936
366	932
357	942
344	907
338	905
327	912
325	906
334	917
369	935
342	941
376	929
363	939
335	911
345	943
365	926
368	938
373	925
380	943
347	913
338	920
352	942
353	958
373	930
326	922
369	930
322	931
380	957
378	947
341	959
354	908
369	918
367	930
364	944
361	910
372	935
328	922
344	913
356	952
357	949
381	910
361	918
352	908
365	947
342	911
339	920
328	922
368	936
367	940
370	948
358	941
336	924
371	919
359	945
377	928
374	931
363	925
376	946
375	949
379	933
370	898
328	932
341	936
344	938
333	956
346	902
336	919
364	952
321	942
353	896
354	936
376	932
379	936
333	932
360	947
376	932
374	931
346	907
324	922
375	952
357	937
375	927
361	924
334	920
343	905
369	918
368	949
373	925
337	927
334	942
367	918
376	956
381	923
375	926
336	949
369	951
340	911
344	945
363	925
365	945
337	945
341	932
374	938
332	927
374	932
324	922
366	946
359	939
340	918
334	916
343	915
342	919
322	926
380	911
364	930
335	915
327	945
339	944
341	941
343	948
342	902
344	909
325	922
349	922
353	958
355	947
334	919
361	897
332	955
353	906
371	939
379	907
333	909
343	906
371	918
340	919
381	928
342	920
355	908
364	941
383	930
327	915
337	905
322	958
369	918
338	911
352	951
379	916
368	907
369	910
334	917
373	930
368	941
365	916
359	943
363	916
354	945
352	910
343	905
368	935
375	930
353	905
338	920
356	922
360	923
334	941
344	924
352	910
354	906
363	949
353	906
379	900
380	920
335	946
321	954
376	929
382	924
358	943
332	922
352	916
358	943
341	913
368	901
343	911
332	923
336	924
330	954
350	898
327	917
324	919
328	898
355	918
362	953
358	943
344	913
352	916
322	913
335	959
361	910
369	958
345	946
345	902
376	956
381	933
368	941
380	933
352	943
359	947
354	914
370	952
373	950
329	924
343	909
331	929
336	922
332	919
327	923
343	940
344	913
341	916
336	921
336	955
373	930
341	915
375	931
326	927
375	925
350	908
360	939
365	937
373	919
370	928
334	920
368	910
367	925
349	909
354	897
323	939
379	943
375	945
371	926
346	944
371	924
332	920
328	959
365	917
338	937
356	958
320	939
363	918
368	959
356	947
356	898
334	924
369	925
363	916
346	906
342	910
359	912
322	922
320	923
359	940
370	928
357	947
328	924
369	929
331	917
329	915
367	956
362	945
356	955
369	912
340	914
374	909
376	911
356	957
370	896
339	935
333	904
327	927
330	919
369	912
331	937
361	941
353	912
369	918
360	932
358	933
368	948
362	939
367	916
371	918
356	957
324	923
326	923
369	923
366	941
338	911
382	912
327	939
327	904
365	941
368	947
327	935
330	931
373	919
375	919
330	919
362	941
364	946
363	911
359	920
362	927
331	914
330	917
329	956
341	911
331	935
375	910
368	939
341	906
321	927
372	951
341	909
363	937
372	936
358	930
333	950
348	897
381	947
349	912
343	939
382	911
328	923
375	916
327	896
339	937
331	908
375	911
352	945
360	901
360	945
382	924
327	919
329	947
325	922
359	908
368	935
370	916
333	941
364	944
327	922
374	935
368	941
366	935
369	904
347	902
345	937
353	958
331	920
324	957
365	939
342	903
378	934
361	918
365	928
380	899
342	901
376	928
320	926
363	918
363	916
321	924
365	944
334	917
367	918
364	937
363	910
368	916
349	947
343	945
350	918
339	912
358	938
371	926
376	941
338	915
362	946
358	952
323	905
363	937
368	940
327	952
326	947
321	898
334	918
376	928
334	927
358	954
362	954
344	915
378	959
338	935
336	919
369	918
321	920
352	945
349	914
341	913
350	904
372	948
330	932
358	899
369	902
323	942
349	914
361	910
369	930
367	928
338	911
365	916
352	952
327	904
360	898
358	958
364	929
368	909
336	945
353	908
342	916
334	925
337	936
324	935
326	938
326	923
344	914
359	947
338	940
353	907
343	952
337	946
368	908
366	906
358	941
376	931
327	927
337	913
363	914
327	923
359	910
338	913
350	945
354	908
343	911
374	932
334	956
377	932
349	914
346	911
327	920
322	956
347	955
320	926
380	900
382	938
349	910
323	957
353	906
345	909
362	948
381	943
338	917
368	931
361	910
363	918
368	939
323	927
333	956
354	908
353	910
355	916
354	953
329	939
348	911
372	939
356	943
376	928
363	925
368	920
365	899
380	957
377	934
342	904
336	920
348	905
333	917
368	948
346	907
354	916
376	928
374	935
369	931
351	909
344	945
359	939
366	951
324	940
332	924
359	941
331	921
348	900
332	927
351	930
350	945
348	925
356	947
349	933
361	916
336	920
367	911
365	930
328	934
380	917
347	920
359	959
330	925
382	939
352	896
341	904
363	901
353	920
334	918
358	953
341	918
358	949
373	925
370	926
364	936
362	948
348	910
347	905
365	941
335	956
358	943
368	930
370	928
348	901
376	920
370	901
369	937
373	929
322	926
376	918
374	930
368	902
370	928
372	930
349	903
381	925
363	932
353	909
364	948
346	910
327	919
352	951
370	932
349	906
321	914
369	924
368	902
340	952
357	949
340	919
362	935
366	937
349	906
354	912
330	927
325	928
326	954
343	912
345	923
366	934
380	897
383	919
383	924
383	922
349	914
382	925
353	947
376	930
354	956
373	900
376	905
348	909
336	920
369	920
367	917
348	906
380	949
342	909
350	899
361	910
349	917
332	925
377	933
368	935
352	908
380	936
363	916
354	944
370	943
364	943
320	928
324	922
376	931
381	935
350	910
375	927
366	948
365	916
327	923
330	919
329	950
348	900
343	932
351	931
363	914
365	935
368	936
331	915
377	942
325	922
368	944
362	943
359	949
368	939
366	916
366	903
361	947
368	952
331	919
356	908
357	958
353	896
352	906
321	924
349	906
336	916
336	951
363	935
358	932
360	929
352	908
322	922
378	943
334	927
358	941
371	925
379	929
380	925
333	929
369	924
350	906
335	911
343	907
359	941
362	941
352	941
346	909
375	903
358	932
352	933
357	903
363	918
368	958
372	928
328	923
370	935
372	941
348	909
330	927
352	943
337	909
377	931
369	918
365	916
329	957
378	924
327	920
330	923
346	907
377	941
353	908
375	929
335	919
334	950
369	953
325	908
354	903
333	922
353	926
374	919
358	943
376	937
374	930
373	918
377	936
363	937
336	955
344	897
323	922
366	938
325	937
368	939
355	950
340	914
322	937
368	952
366	954
368	915
371	941
344	911
352	939
370	943
332	924
326	903
356	913
324	938
373	931
320	930
344	909
332	921
370	937
354	916
343	908
347	939
349	922
327	941
368	921
366	949
327	918
342	906
375	918
338	950
342	912
381	954
330	949
324	929
358	943
372	940
350	930
353	937
347	901
361	908
336	919
377	938
383	935
350	914
349	929
370	944
346	955
323	929
375	931
376	930
332	922
350	906
321	926
371	924
348	940
374	930
364	943
338	910
354	906
332	926
326	957
382	926
377	907
382	959
321	931
341	911
368	935
374	936
368	936
353	910
371	916
334	924
336	917
320	951
360	915
334	920
369	922
344	903
358	946
352	934
383	946
362	939
380	910
356	958
327	919
342	934
332	924
376	932
374	936
353	945
335	920
335	913
336	926
326	906
376	932
368	952
325	942
344	898
380	943
368	924
336	927
340	926
323	940
349	912
363	937
353	910
364	941
382	920
359	939
333	922
368	939
326	930
340	914
352	945
324	922
329	927
369	925
365	919
332	920
341	907
335	939
353	904
330	914
327	920
336	917
358	958
352	945
358	947
380	929
336	915
336	917
344	913
373	929
326	958
357	937
352	940
373	918
374	936
340	897
332	922
321	921
321	944
353	957
368	930
370	943
381	922
332	901
366	940
352	948
360	946
353	914
363	918
360	945
349	903
341	911
343	924
347	906
380	898
355	944
326	922
329	921
363	940
380	956
351	947
327	910
371	917
381	957
380	955
369	942
344	907
338	917
327	924
330	919
337	917
353	896
362	946
321	926
341	944
344	932
341	928
369	956
342	934
343	917
321	911
334	918
326	922
324	923
334	918
334	936
321	924
322	948
347	905
372	936
353	908
355	947
364	946
334	918
369	916
372	941
326	921
324	922
367	929
348	909
328	904
346	932
370	918
367	920
362	930
335	898
337	898
363	918
367	935
365	927
375	925
357	955
334	933
378	957
375	931
379	937
327	922
360	957
352	943
355	945
334	924
373	925
339	907
320	922
360	947
332	917
348	898
376	913
347	943
325	923
357	943
345	932
381	896
341	905
374	930
344	952
341	913
366	912
348	939
341	909
342	930
359	906
341	913
332	905
358	954
357	955
332	927
373	925
380	937
327	922
335	913
337	911
336	909
342	912
358	952
364	950
333	919
328	937
355	958
379	930
340	954
358	943
353	897
373	917
366	941
368	908
359	943
343	900
328	927
339	910
344	937
364	946
327	924
330	918
382	904
327	900
329	915
327	939
330	922
330	923
367	937
332	925
369	905
334	903
338	911
364	935
359	940
329	949
353	943
360	901
353	908
374	931
334	920
321	912
326	930
355	896
342	912
335	940
367	937
359	959
363	951
368	957
373	914
370	930
371	927
363	906
345	900
380	932
378	936
377	930
374	931
339	929
344	916
376	931
322	924
357	953
368	939
364	910
347	903
347	900
347	905
328	936
330	925
333	930
366	941
354	912
334	947
379	946
369	944
365	938
334	924
348	900
323	939
361	914
363	939
336	927
365	958
336	919
344	910
363	914
343	948
370	944
338	911
363	920
349	912
344	909
359	943
368	943
362	943
359	918
352	922
343	912
377	948
375	952
354	943
349	912
356	947
367	937
341	955
380	931
364	950
378	900
341	954
330	900
370	935
326	922
368	956
366	940
339	918
345	944
379	932
349	909
369	941
365	909
352	945
369	948
373	942
353	941
324	921
378	906
368	944
366	938
354	906
324	907
364	952
356	947
327	922
356	920
357	949
343	902
341	901
345	912
356	905
357	905
344	924
382	955
375	951
382	924
363	930
370	937
356	947
353	908
321	927
370	930
375	903
342	912
327	903
320	922
370	937
354	910
370	937
379	920
374	916
382	926
366	944
356	914
357	912
353	912
355	947
331	926
336	939
358	932
362	916
364	914
332	908
370	925
370	947
364	940
359	910
333	915
369	906
367	937
332	919
321	955
381	943
361	916
363	914
334	920
329	902
327	921
372	928
376	953
321	924
377	936
327	921
330	922
364	941
365	916
368	937
334	916
328	926
327	952
326	909
352	945
356	949
357	897
357	949
358	954
326	937
325	922
376	897
353	914
356	906
320	924
347	905
336	959
327	917
344	911
346	902
353	908
342	906
376	935
377	932
344	917
349	920
353	959
351	917
355	910
360	943
329	923
327	922
354	914
349	946
336	940
355	915
369	927
359	941
362	949
321	924
363	916
320	950
340	914
334	911
382	926
328	923
324	923
329	950
334	918
383	942
353	908
358	946
339	907
353	958
372	938
350	959
331	950
326	957
329	955
355	947
374	932
377	936
322	904
368	951
376	930
374	932
322	922
356	947
372	920
380	930
373	930
363	909
368	937
377	928
339	906
331	903
350	937
359	943
362	950
380	931
378	958
353	908
344	954
368	935
373	956
357	904
342	904
348	900
354	910
354	943
330	922
324	915
340	917
337	905
376	956
346	909
335	915
375	931
327	898
334	920
376	940
322	923
354	959
352	902
353	908
354	914
352	952
360	952
349	912
334	920
358	941
325	910
340	916
344	902
338	920
333	954
352	947
327	917
341	957
354	898
343	909
359	916
324	903
336	920
349	955
335	899
344	914
364	942
327	919
352	910
352	943
354	908
366	941
354	906
356	926
344	907
347	905
377	929
364	935
333	922
363	916
363	918
368	920
373	925
335	943
359	943
378	927
355	956
371	926
373	925
330	924
371	909
342	909
344	914
350	912
368	949
369	916
326	918
374	946
369	925
324	919
359	941
377	932
376	926
376	927
350	951
321	907
342	908
337	933
335	932
368	939
336	915
382	929
353	912
356	908
359	939
333	907
328	925
372	937
343	900
332	923
357	951
343	907
351	920
379	931
363	918
375	930
320	900
330	919
333	922
376	937
335	903
367	925
367	923
335	945
335	947
368	936
334	918
369	918
358	943
325	932
349	909
339	917
343	907
376	932
362	914
353	908
357	955
373	897
359	939
338	911
338	911
369	930
334	917
369	920
376	954
353	897
358	943
349	909
330	924
356	958
363	916
342	911
343	911
361	910
364	946
333	902
347	902
375	946
376	943
336	937
365	935
336	959
350	906
344	921
378	928
381	936
354	897
359	939
362	916
359	943
346	902
362	935
342	912
320	924
383	924
369	924
360	955
360	906
332	929
379	930
334	920
334	918
367	942
358	949
369	948
363	920
376	939
362	916
321	925
323	923
324	922
327	921
336	946
321	927
359	937
364	939
342	906
364	941
365	916
328	924
330	920
370	911
372	920
368	904
366	899
326	908
323	928
358	910
337	915
340	912
340	903
350	906
353	897
361	910
361	908
364	944
376	957
322	904
324	926
377	903
346	947
365	922
376	924
334	922
342	903
348	906
322	923
321	918
353	908
369	937
347	905
353	910
368	908
342	909
380	942
341	907
357	949
321	937
330	954
368	957
327	946
334	935
363	941
365	943
356	925
382	927
369	942
337	913
340	920
334	927
371	924
335	913
331	922
334	914
356	943
373	929
357	958
356	951
381	929
354	947
331	928
353	947
343	906
324	922
380	932
355	955
356	951
341	909
330	919
381	952
341	905
349	912
361	939
360	907
333	921
356	957
357	952
376	956
375	937
323	922
334	920
375	944
373	942
354	908
330	927
324	932
360	945
351	951
375	936
360	949
359	941
360	943
344	920
370	931
366	932
322	937
349	911
331	913
345	945
346	920
337	915
325	937
349	912
373	929
341	928
344	935
380	943
331	904
356	947
366	936
368	938
371	906
336	917
376	931
355	945
320	948
378	915
330	952
374	932
381	909
326	922
373	953
376	950
337	899
342	912
329	907
326	923
340	948
361	913
365	949
364	949
378	929
380	923
375	931
362	915
351	912
344	909
381	928
327	919
353	958
359	936
359	917
334	920
336	917
371	931
350	908
357	904
377	931
380	954
338	914
320	919
353	923
339	915
370	927
364	948
321	924
328	937
320	939
343	909
335	931
337	937
337	933
354	957
365	916
354	911
377	938
322	921
320	916
343	941
375	931
379	930
366	945
370	950
365	947
345	918
380	954
342	952
328	924
369	929
350	906
322	919
323	919
379	909
323	954
353	945
322	956
382	953
335	953
382	927
380	929
377	943
352	949
340	917
344	919
364	948
377	931
378	918
329	917
368	939
372	937
379	929
366	935
370	938
354	908
330	897
328	922
363	910
369	939
367	939
343	930
328	909
345	934
320	955
344	927
371	927
334	927
336	920
336	919
375	931
360	957
350	925
347	937
343	909
334	927
369	927
327	899
341	907
380	943
369	920
333	912
341	899
321	924
366	955
362	916
364	923
368	924
326	909
339	935
356	932
330	931
365	931
359	918
340	918
343	907
346	936
371	925
381	928
375	931
376	937
374	935
356	951
382	924
344	938
353	906
365	924
321	919
328	932
373	933
321	918
369	920
344	918
356	941
329	939
328	915
338	926
332	911
336	946
339	956
343	912
326	953
368	913
370	913
354	906
329	915
335	904
360	946
333	917
330	922
328	923
379	929
380	926
329	922
332	908
325	919
342	897
364	950
362	945
371	920
362	900
348	909
359	939
362	940
363	909
333	919
349	954
383	898
370	932
341	927
355	916
352	945
335	909
361	945
332	908
341	913
352	919
359	939
361	941
359	945
354	945
338	913
345	929
335	920
321	922
355	903
379	925
369	918
367	926
379	931
359	939
326	934
335	922
352	910
355	900
364	935
377	899
368	946
332	934
375	905
347	922
382	924
338	919
324	912
358	945
348	900
380	923
332	927
369	917
354	914
380	932
373	921
331	911
323	899
377	925
368	941
382	935
349	945
336	950
365	935
355	950
344	914
340	914
369	929
363	922
344	951
347	902
375	925
368	916
364	942
374	941
377	935
344	905
331	919
379	925
375	920
334	930
323	922
380	958
365	939
368	916
332	923
364	945
342	950
372	933
334	923
323	923
348	937
354	916
358	943
336	922
382	933
328	924
343	909
324	912
326	911
374	932
334	917
359	937
337	917
353	907
335	909
320	953
330	935
361	930
363	937
354	910
334	920
362	916
337	913
335	915
321	946
348	936
330	932
338	913
343	904
376	900
347	909
348	905
338	936
341	933
355	945
376	948
350	912
338	958
342	916
356	947
335	915
338	909
368	914
366	911
350	946
345	905
375	929
342	945
371	918
373	917
349	951
356	920
381	916
333	913
328	922
374	936
334	920
336	931
354	903
357	937
363	912
381	929
334	924
358	948
364	914
342	935
338	920
346	909
353	922
355	921
349	930
335	909
347	905
323	924
377	928
380	935
342	901
363	927
365	937
331	918
378	951
375	931
379	930
321	941
335	915
342	906
370	938
327	919
376	911
382	925
355	939
368	935
348	905
376	950
326	945
326	900
375	956
329	915
341	907
336	922
358	908
334	920
334	920
362	941
338	925
320	954
331	915
326	898
375	930
322	901
359	916
329	930
350	924
344	900
328	921
334	914
338	917
327	917
356	949
357	907
345	905
320	922
382	926
322	923
326	902
329	928
333	921
350	910
349	912
356	913
353	908
338	909
327	922
348	909
329	959
345	908
361	910
330	915
329	926
380	913
378	911
326	928
327	930
335	911
343	903
330	924
375	924
358	938
336	924
373	925
370	935
366	941
359	949
362	939
368	947
368	940
371	924
375	927
376	925
353	943
364	907
326	931
337	953
376	900
379	914
378	898
335	913
341	905
341	907
356	958
358	947
363	937
369	930
371	929
348	902
327	896
341	958
332	919
334	915
372	946
328	932
359	934
340	901
334	918
369	926
371	925
328	913
369	938
324	922
346	956
376	930
352	955
352	954
352	956
358	957
337	898
355	958
329	947
336	937
363	912
370	906
343	909
376	909
325	897
356	953
336	913
349	909
342	911
359	918
340	911
326	948
334	922
358	946
334	897
378	937
366	939
332	925
364	953
363	938
327	947
336	927
378	929
361	907
337	911
348	903
369	898
368	938
381	920
352	952
338	922
331	917
337	899
377	941
339	953
380	932
324	927
326	916
344	929
356	933
333	944
370	938
370	932
372	936
329	922
344	927
350	911
332	924
369	930
373	952
327	929
334	920
324	923
373	930
357	952
375	925
321	956
382	959
341	920
333	948
353	896
322	907
343	934
352	945
360	941
350	903
338	915
374	951
358	952
381	917
369	927
330	899
370	925
334	934
361	948
320	911
340	914
354	910
368	941
350	906
380	959
349	939
321	926
363	914
355	922
352	896
381	931
349	956
357	955
357	934
380	931
350	941
358	941
369	937
340	918
383	926
368	935
358	948
371	924
339	903
332	932
339	920
355	958
354	904
327	922
337	948
357	952
354	959
321	945
350	896
378	905
346	933
340	941
324	925
326	937
340	919
329	947
331	921
382	929
381	926
381	929
333	915
357	912
372	913
326	909
362	943
363	937
364	944
382	948
329	954
348	906
352	910
345	918
359	922
335	922
341	905
347	902
356	958
320	899
360	958
336	919
344	911
354	906
370	937
334	925
338	931
369	947
345	907
376	931
342	909
325	923
377	937
375	919
369	904
321	923
368	937
349	932
346	943
344	906
362	945
360	953
341	909
377	907
353	908
349	898
337	911
372	910
342	915
339	956
320	923
320	954
339	910
359	937
369	926
367	937
348	909
349	906
376	931
370	934
332	908
375	929
369	937
367	925
333	919
322	924
341	945
377	934
375	926
381	937
382	931
375	931
369	915
334	922
354	909
338	911
334	932
324	951
346	908
357	908
353	945
355	948
344	918
332	926
350	910
374	932
332	900
321	906
346	911
329	923
324	922
349	908
321	930
382	929
369	925
345	938
343	897
346	932
342	916
367	950
354	912
335	917
341	907
368	937
370	944
338	914
379	931
326	922
365	913
376	935
324	922
321	955
368	944
366	938
378	947
362	896
357	908
328	943
338	938
359	951
336	927
348	912
326	955
370	934
368	932
356	897
376	913
368	928
332	920
382	909
369	918
376	930
379	930
374	930
380	915
351	935
366	934
334	920
323	917
344	915
341	913
355	940
369	918
351	909
341	914
371	926
363	920
342	912
363	956
364	941
359	900
362	904
368	930
379	942
322	910
364	929
359	930
373	918
374	937
368	938
375	936
376	935
320	938
364	923
328	926
321	930
355	951
332	925
359	937
348	905
324	906
326	910
344	911
375	929
352	947
334	932
369	936
355	908
338	952
340	952
334	952
343	903
321	926
365	940
368	935
331	918
343	903
371	924
348	912
360	949
352	947
339	913
380	931
331	920
378	925
327	923
322	908
376	930
360	947
352	945
376	929
375	929
379	930
333	915
350	912
335	915
345	911
348	913
321	955
344	944
356	910
355	927
345	917
326	902
334	937
322	958
343	932
338	911
375	909
379	918
341	945
335	896
337	915
378	959
363	901
336	917
368	941
328	956
369	919
369	940
342	943
381	936
364	941
330	926
367	920
365	924
334	925
369	922
368	945
377	931
369	929
334	927
380	944
345	915
361	918
371	929
325	951
375	930
379	930
372	936
381	926
321	923
368	935
366	944
371	952
370	934
349	912
340	939
363	916
355	942
320	935
362	946
347	898
343	900
348	903
363	916
360	896
321	914
356	945
368	944
382	950
320	951
363	951
365	957
343	909
344	933
335	932
329	941
359	941
368	938
353	908
328	919
374	956
330	927
336	919
350	919
350	953
353	954
362	943
373	929
356	943
329	922
369	921
370	945
350	917
359	926
362	941
368	899
353	897
354	906
370	928
373	935
355	899
338	898
344	947
357	951
369	922
361	910
357	950
324	926
321	923
320	919
375	925
354	959
343	900
338	909
375	932
379	933
338	919
376	930
374	924
375	930
323	947
367	920
321	929
346	919
370	929
372	935
349	903
323	952
334	924
382	925
361	910
369	930
343	911
336	928
334	922
342	947
342	916
330	919
332	926
353	912
374	896
327	896
327	922
336	919
327	921
367	919
377	929
341	913
342	918
329	911
353	908
380	910
378	959
373	911
327	921
334	931
341	953
354	951
371	918
369	925
380	929
361	947
354	912
325	898
382	937
372	938
320	929
340	942
381	902
380	934
331	935
325	947
373	925
365	930
344	909
323	898
370	944
347	909
365	918
368	944
381	954
355	903
382	922
332	915
363	958
380	929
357	952
350	898
346	906
331	907
320	942
353	907
338	912
355	947
350	936
353	958
359	941
360	945
364	948
370	931
329	908
348	903
349	905
347	907
371	925
353	897
355	947
362	900
352	936
331	915
339	913
349	900
373	937
382	930
338	912
348	902
321	922
380	910
378	916
347	950
377	908
368	937
370	952
350	897
375	926
379	929
354	908
356	955
345	899
346	907
342	914
337	937
337	913
327	909
330	927
343	906
347	903
358	905
369	937
334	917
336	956
349	955
348	906
342	909
363	918
381	959
376	933
376	922
328	927
333	946
375	926
356	952
320	924
357	949
356	943
330	919
336	922
376	913
352	916
321	924
382	926
358	943
359	956
370	949
373	946
357	928
321	956
349	932
369	920
330	922
359	946
342	912
349	909
331	921
333	945
346	927
343	923
333	920
323	922
352	945
375	958
353	899
355	913
333	947
359	942
357	947
373	918
339	913
364	936
358	909
368	945
336	956
375	928
337	896
376	947
327	926
356	951
371	919
334	920
344	911
326	947
324	922
325	914
374	934
345	915
329	896
375	929
321	926
321	924
364	916
329	943
326	902
368	956
323	905
326	903
342	955
353	938
331	923
368	926
343	923
322	896
344	913
360	917
330	941
339	944
358	941
358	943
374	928
371	920
371	927
340	912
358	943
323	938
326	930
356	914
381	898
342	930
342	952
364	911
368	913
326	920
327	939
338	914
334	927
369	922
358	948
374	935
376	947
332	942
342	911
373	930
368	943
368	906
320	926
365	939
368	916
320	943
368	942
363	939
359	947
352	952
321	924
377	931
377	931
368	935
350	908
363	945
361	937
354	942
371	918
376	906
364	913
350	912
370	938
380	929
333	907
328	924
329	933
365	930
324	923
358	950
334	922
342	912
359	938
343	918
344	947
338	958
368	939
359	945
334	911
341	915
341	950
377	931
360	943
370	941
375	943
373	925
326	917
323	922
359	910
343	896
369	936
367	933
354	919
370	937
346	925
361	920
357	943
343	951
351	924
346	907
368	941
366	945
358	901
344	907
365	916
355	897
368	935
324	916
382	953
365	939
334	926
374	937
377	930
344	909
369	924
327	922
323	921
321	924
363	948
374	950
359	941
383	929
379	937
335	915
368	937
329	911
348	932
350	933
363	918
359	910
342	899
346	906
361	912
357	909
347	956
358	942
346	947
326	931
326	902
338	931
368	952
365	946
344	930
357	956
368	943
359	939
356	943
320	924
338	920
359	931
347	905
380	928
378	935
374	902
324	919
347	905
370	937
350	911
340	913
326	947
333	897
341	919
356	904
357	943
333	909
368	914
370	920
358	950
364	942
327	908
369	918
359	932
329	908
360	929
321	924
380	925
378	925
336	908
375	926
324	922
353	910
368	915
327	919
358	942
376	925
374	936
360	940
338	913
341	913
347	901
349	956
335	953
370	928
352	945
328	954
336	917
360	945
360	934
320	946
370	944
372	935
354	912
364	938
368	940
342	939
340	914
342	912
376	928
349	906
347	898
365	916
352	943
356	943
357	943
334	925
357	952
339	920
327	902
368	930
359	941
355	945
352	958
324	934
347	916
343	909
351	904
323	933
322	909
369	942
347	958
362	914
376	956
324	952
382	924
356	954
326	944
381	934
382	934
356	955
343	927
375	926
347	945
344	915
349	911
356	943
357	949
323	896
340	920
371	926
371	918
366	945
356	951
383	911
358	925
363	911
324	939
358	952
372	950
382	925
369	937
346	909
331	913
365	911
358	943
373	925
358	923
340	927
338	927
368	903
344	956
352	955
321	919
363	932
368	945
341	910
368	937
325	902
322	922
366	905
363	916
343	956
371	950
352	910
348	902
351	912
320	932
376	930
327	947
330	958
365	929
377	940
371	924
327	926
358	955
358	941
363	937
357	949
358	955
370	935
358	948
338	914
356	947
352	951
345	949
321	924
335	917
333	919
369	930
367	929
374	926
334	916
333	909
353	904
375	945
361	912
324	919
382	917
368	929
363	922
343	911
331	919
326	921
331	897
342	907
338	913
356	947
333	943
375	914
344	942
327	946
324	942
329	950
326	948
338	952
357	949
368	945
332	926
375	952
341	956
369	953
349	903
354	906
373	909
356	951
357	949
363	920
352	912
354	935
345	909
334	914
369	920
346	910
354	916
369	918
365	939
336	936
369	909
368	935
366	902
335	899
350	900
335	913
337	915
363	918
361	910
338	911
333	900
342	910
364	941
344	914
339	950
343	946
372	956
360	956
364	941
349	947
373	925
371	927
343	937
347	949
352	955
346	913
382	956
342	912
363	920
342	917
332	919
322	934
349	912
334	908
369	928
361	939
359	916
361	952
370	930
328	927
338	899
328	922
322	921
348	935
336	915
353	939
333	922
368	915
347	903
347	905
368	922
370	919
329	925
340	913
346	947
339	913
334	921
334	911
340	920
322	927
381	915
344	939
353	904
371	924
332	927
344	909
331	921
373	924
359	936
338	911
375	930
331	914
328	948
354	933
349	932
362	907
366	941
368	937
329	911
374	953
377	942
333	900
373	929
369	898
370	907
372	925
369	944
367	943
368	925
366	938
330	904
359	921
335	947
336	926
338	930
354	912
329	909
380	916
380	945
379	908
375	908
333	909
349	907
353	912
380	926
327	918
329	900
363	934
327	903
369	937
342	945
337	913
376	928
342	912
354	910
356	949
347	907
338	915
354	911
366	950
330	946
373	898
376	908
368	935
334	920
322	922
324	921
352	947
324	922
326	928
383	956
355	951
359	952
361	902
357	957
359	947
379	932
335	912
338	896
365	930
361	901
338	945
353	934
382	925
343	905
353	897
338	917
362	900
362	951
368	934
341	907
365	916
362	916
368	916
343	902
376	936
374	938
341	906
357	943
360	945
359	918
349	947
344	910
324	919
368	941
368	901
353	939
355	908
370	901
370	910
376	930
369	948
329	933
373	935
373	930
341	907
341	913
370	920
369	899
367	925
382	925
352	942
337	954
339	916
376	936
360	918
346	899
354	943
371	926
382	953
372	948
358	908
324	941
350	904
356	943
368	939
363	915
334	910
369	920
330	922
355	951
374	938
326	922
340	920
353	934
340	917
355	918
368	928
343	935
356	927
383	944
362	953
355	897
377	909
363	910
356	943
337	921
335	920
340	920
368	935
353	922
328	924
359	951
340	911
373	929
376	918
370	937
352	943
368	926
336	943
360	930
373	925
366	940
337	915
337	915
320	955
379	931
376	929
348	905
375	938
338	907
354	912
352	910
363	918
368	920
348	904
334	920
376	929
344	922
322	933
349	910
330	912
338	911
338	909
352	916
367	930
334	899
340	914
335	917
344	919
381	922
379	941
355	947
359	947
359	903
331	910
337	897
333	902
373	930
381	931
368	945
379	930
372	935
345	905
353	939
383	911
332	919
326	921
363	896
331	955
329	951
361	910
334	904
322	902
336	934
363	931
359	941
353	948
355	947
382	926
365	935
379	931
365	937
334	919
356	949
327	939
324	927
361	906
371	926
324	902
326	902
328	898
363	932
375	933
371	925
375	926
337	927
341	941
365	951
333	921
380	932
332	936
378	932
344	915
357	951
358	955
350	943
334	914
355	956
369	918
367	925
350	941
373	917
348	905
320	935
321	931
377	936
375	956
382	897
348	917
332	919
369	935
380	931
368	941
334	955
369	920
327	923
363	936
342	916
363	910
370	944
320	928
368	935
329	936
363	908
379	945
355	908
341	942
357	956
369	897
373	947
371	958
351	929
352	947
359	932
358	908
362	943
376	935
374	938
351	906
326	939
370	939
359	939
368	900
360	945
335	917
338	916
335	915
355	951
353	959
373	925
365	937
363	937
327	917
330	930
359	951
358	944
335	917
364	941
353	923
329	942
370	919
372	935
324	954
327	956
366	944
343	909
363	916
344	911
378	931
344	900
358	946
365	939
356	947
336	927
358	936
324	935
328	935
321	924
364	897
368	937
368	937
349	908
369	928
369	916
373	948
363	920
369	927
350	909
365	941
360	943
363	916
343	932
351	933
344	913
360	941
353	897
328	911
377	904
374	943
377	905
334	952
375	929
379	930
363	927
359	945
370	930
334	920
376	938
374	942
363	898
354	935
329	959
372	955
361	910
325	922
327	921
353	908
363	914
376	924
359	910
328	924
321	927
381	900
336	900
374	898
348	898
349	898
334	925
341	936
347	903
348	906
382	925
349	906
380	913
354	955
344	956
357	953
365	946
365	952
330	922
328	923
333	917
349	912
339	919
358	949
326	936
383	930
381	928
367	940
371	924
367	929
332	919
337	916
324	919
320	908
342	954
361	938
375	929
326	937
332	899
358	949
371	920
320	944
334	916
352	898
361	912
339	941
344	913
322	924
352	945
377	928
344	932
364	943
320	956
344	919
352	910
360	945
334	901
336	919
337	914
325	914
324	926
352	910
320	936
375	925
379	930
331	944
321	913
334	924
363	920
379	929
338	923
369	937
349	908
360	947
323	945
381	900
365	939
363	916
359	913
326	941
324	923
324	951
325	933
323	932
331	911
333	909
349	911
379	929
356	904
331	914
334	927
355	908
356	947
355	949
331	938
327	906
376	942
361	945
363	947
342	906
365	927
322	957
320	951
380	931
335	900
356	949
361	937
353	914
337	920
353	906
332	948
333	950
345	940
338	911
363	937
358	943
357	952
379	928
363	955
354	943
381	929
359	957
340	914
365	937
342	909
341	913
353	947
348	900
329	922
327	924
334	941
378	931
376	928
345	910
343	930
338	911
365	916
368	937
362	939
359	939
375	903
382	924
339	916
371	927
363	920
335	953
370	940
357	943
382	928
376	930
342	910
360	908
358	949
325	923
360	949
382	927
371	917
342	914
321	919
336	943
322	930
335	922
337	923
359	901
335	909
342	911
371	927
351	921
331	901
334	922
369	951
332	904
369	937
339	909
352	947
341	930
376	946
325	929
343	904
372	939
362	941
338	935
369	927
369	920
324	922
371	913
336	927
358	944
321	931
364	949
377	918
369	920
357	896
363	937
350	927
369	906
342	914
353	956
367	918
351	911
363	937
338	911
339	953
331	921
335	914
382	940
321	913
337	915
326	897
368	935
358	949
347	950
328	953
370	931
331	947
336	914
328	946
325	922
353	947
354	947
341	939
353	943
360	930
363	916
334	922
359	951
368	908
362	939
355	926
341	911
360	947
353	958
344	909
339	915
370	936
343	924
335	920
343	913
344	938
342	932
361	949
329	922
343	931
345	929
372	958
373	912
324	926
327	924
363	925
369	923
364	943
350	906
373	934
337	956
359	947
327	922
330	923
361	914
363	937
334	927
332	924
323	943
353	924
372	896
347	913
368	902
366	911
361	897
353	923
348	906
325	902
322	918
324	924
361	933
329	917
373	936
334	936
348	909
343	916
325	928
326	936
363	945
369	937
326	907
341	907
347	902
359	941
363	918
358	952
354	910
328	898
376	928
373	930
361	945
375	956
350	903
369	918
367	898
330	929
355	924
346	900
356	945
334	925
369	924
353	908
324	922
368	949
327	927
330	908
334	910
339	914
356	946
372	922
365	946
363	950
328	921
328	924
342	914
344	916
369	939
326	922
350	903
327	921
359	949
368	951
320	930
373	951
359	935
377	933
373	922
354	906
320	904
363	918
363	936
333	913
341	903
348	911
343	906
338	947
341	952
364	938
370	932
327	942
352	959
357	947
368	901
357	947
326	897
321	954
382	922
329	939
343	909
333	901
361	910
354	906
371	930
373	930
380	930
343	912
351	909
330	923
365	912
368	938
326	924
380	949
342	942
336	906
348	944
350	958
336	921
342	945
330	914
336	944
349	919
322	924
361	916
370	936
345	903
322	916
370	945
344	909
369	933
363	907
354	912
353	910
320	906
356	896
374	935
338	913
328	938
373	922
372	935
375	931
353	906
355	897
336	920
338	923
369	937
367	935
373	956
349	906
360	941
366	934
381	924
326	954
328	922
348	903
365	916
321	922
342	906
347	902
342	957
375	925
379	912
344	909
339	903
337	907
348	903
382	952
347	909
356	937
333	915
372	906
360	945
371	954
371	957
368	935
376	928
370	941
383	913
337	925
353	897
369	937
350	911
360	943
352	949
341	911
372	930
383	926
378	909
325	959
323	911
379	939
345	907
374	932
340	907
334	897
341	940
359	939
326	907
332	926
334	918
382	952
373	947
375	943
344	959
326	955
344	913
370	935
375	929
380	905
369	918
373	941
369	919
342	938
343	947
351	903
337	913
321	941
375	935
356	949
350	910
320	947
336	904
341	911
379	932
376	931
376	925
375	932
379	932
324	899
351	911
363	905
376	943
359	942
324	952
326	897
360	954
356	945
353	897
348	898
337	898
335	919
376	948
349	910
336	917
327	909
360	908
369	937
356	951
328	923
347	948
382	927
333	911
324	949
379	929
353	906
327	924
341	896
328	896
376	928
342	916
376	936
374	932
361	908
376	924
376	926
363	937
349	906
364	932
373	914
376	925
343	909
357	940
383	946
320	952
321	945
359	943
362	945
349	951
354	940
377	931
326	958
338	917
359	904
362	916
368	906
379	930
328	910
359	905
340	910
342	906
359	897
334	935
364	929
352	945
368	935
329	918
365	937
368	937
343	922
346	924
347	923
343	903
343	905
351	905
357	946
353	897
350	946
334	896
363	958
329	959
352	943
360	949
380	913
376	930
379	902
380	924
382	908
322	937
365	954
368	935
324	954
327	957
340	922
335	952
337	944
359	939
352	956
343	903
370	937
375	958
343	905
353	909
365	944
368	942
332	930
361	945
369	924
336	919
369	943
339	958
330	897
378	944
375	955
356	959
360	932
364	936
336	919
363	916
342	914
359	945
358	943
356	916
365	908
352	958
370	928
343	907
339	913
321	923
369	918
363	916
327	922
330	923
370	918
329	915
330	927
332	920
355	907
355	919
344	943
352	924
356	919
360	927
353	908
363	954
368	946
377	933
320	905
371	925
359	955
334	917
374	932
370	936
321	924
334	920
334	934
320	932
370	925
366	951
376	931
364	946
375	931
339	956
354	908
359	949
323	922
356	945
363	935
368	938
376	947
374	943
372	959
344	913
353	896
343	909
370	899
365	953
368	898
343	941
346	946
345	942
383	925
375	925
334	927
363	920
383	917
326	956
377	955
333	915
359	899
348	900
343	906
374	906
364	944
357	943
334	911
368	943
326	951
353	947
355	945
342	914
376	928
374	932
320	918
321	937
320	948
373	942
366	938
356	947
356	952
353	930
368	937
343	913
380	929
328	923
329	921
340	913
353	897
355	947
332	953
365	916
335	913
359	951
320	950
363	948
376	932
374	936
360	945
356	958
337	917
326	956
382	953
344	909
378	946
374	950
344	914
363	925
342	930
345	907
376	937
366	942
343	947
351	952
381	959
360	908
344	956
380	942
378	932
328	922
321	913
354	906
334	920
342	913
357	951
341	906
370	928
374	912
366	920
350	935
364	946
342	910
333	915
382	924
347	912
324	923
380	931
378	930
347	908
348	903
381	929
332	926
321	918
356	908
379	930
375	929
356	948
341	924
369	932
347	908
347	955
324	917
361	918
351	910
375	944
371	916
327	929
333	933
333	938
333	901
336	899
324	919
371	926
381	934
364	952
369	948
357	952
320	947
383	916
375	920
322	921
372	928
374	930
338	917
359	947
340	920
343	909
358	949
359	945
358	949
358	943
370	928
368	938
375	925
333	940
369	937
365	920
365	937
331	956
363	908
335	917
327	919
355	908
373	930
363	914
347	897
362	942
368	938
366	932
376	932
342	916
363	947
376	930
332	906
369	905
341	923
337	915
343	909
349	906
358	943
364	943
354	907
322	913
341	913
320	913
342	940
354	934
333	915
343	912
328	944
352	910
377	935
376	937
345	907
332	925
382	924
362	910
327	923
330	919
368	931
354	928
332	911
338	913
359	916
378	957
321	923
352	958
382	926
337	915
335	911
333	917
376	928
382	927
378	933
369	948
380	934
329	934
373	898
336	927
334	947
374	933
358	910
368	916
366	943
354	903
371	919
334	958
369	937
334	920
343	954
337	913
371	927
345	911
345	937
380	931
378	929
344	912
328	923
323	922
373	918
348	902
320	924
382	931
332	918
363	925
320	909
374	956
373	900
340	936
363	932
334	920
352	945
368	945
366	938
340	920
334	925
334	938
353	908
355	910
372	931
376	897
370	940
375	930
369	916
363	916
367	916
324	927
328	923
356	945
360	943
350	919
383	899
326	942
369	929
366	931
352	906
322	922
359	958
381	954
320	947
375	951
353	904
322	922
377	905
354	899
356	947
355	943
328	922
353	947
349	912
342	898
360	939
377	945
344	911
349	898
353	905
349	903
326	958
352	946
321	922
322	923
329	956
328	910
348	935
375	926
376	916
363	920
334	926
323	941
331	907
330	919
352	947
360	939
346	930
368	938
366	937
321	915
363	955
344	903
374	928
340	906
358	942
354	906
359	941
360	939
359	945
372	929
342	907
365	935
342	912
338	935
333	939
334	941
345	943
357	940
377	932
379	930
337	936
335	933
331	911
381	947
381	926
383	929
370	938
360	947
368	925
366	930
346	905
346	920
346	907
375	917
324	904
336	917
350	906
355	900
345	943
359	916
378	931
377	896
355	947
356	949
358	947
359	899
334	937
370	936
372	938
352	947
345	907
364	924
330	905
381	903
368	925
370	933
337	913
335	913
373	937
344	914
349	912
373	929
360	943
350	896
367	925
346	933
378	951
338	956
363	935
360	897
360	898
375	911
343	910
336	917
360	939
362	901
352	913
344	911
371	937
345	913
364	941
324	897
368	957
343	902
377	932
321	941
326	917
337	912
360	945
369	904
378	941
380	942
345	947
323	932
367	925
368	937
370	937
332	925
343	955
343	951
370	950
372	938
370	928
372	938
368	939
369	918
367	918
338	940
375	930
374	928
367	907
360	939
358	935
327	919
368	939
366	935
369	918
327	922
323	933
327	919
330	923
354	945
359	943
336	916
321	924
333	925
376	916
362	945
366	943
327	924
326	926
353	939
355	947
344	948
332	927
355	914
340	914
343	903
379	930
364	943
326	915
323	908
363	918
344	912
360	902
341	956
357	943
349	908
352	906
352	948
333	900
340	950
360	951
356	949
365	928
370	935
368	936
347	905
354	941
341	913
368	941
369	918
322	920
365	935
336	904
369	899
334	898
343	906
351	908
335	917
336	952
364	957
329	906
329	926
382	927
358	944
341	959
376	942
363	930
368	930
365	930
342	914
370	957
377	932
375	929
373	930
382	940
334	920
330	947
381	931
340	916
328	934
339	948
328	919
380	931
321	948
362	896
349	912
357	914
327	916
341	930
326	946
343	905
382	919
368	939
353	906
346	907
358	939
368	910
364	922
382	930
352	939
365	937
376	925
356	955
335	912
382	930
340	955
353	945
339	916
349	912
368	926
330	912
342	912
326	919
378	945
323	908
352	922
360	949
349	943
334	906
349	909
365	946
382	915
371	918
358	946
342	912
354	951
355	922
362	923
373	929
377	935
356	932
364	941
375	906
381	908
370	944
367	954
364	946
360	951
334	917
355	947
364	946
376	931
352	945
348	909
321	925
320	926
334	918
338	935
322	932
356	922
355	916
353	908
368	943
375	930
334	930
322	923
330	919
328	926
371	922
332	923
324	918
333	930
361	914
334	927
369	924
373	927
342	925
351	908
352	958
336	919
338	946
368	952
359	910
327	933
373	926
381	928
344	909
333	920
355	930
356	952
366	939
380	922
320	954
358	943
347	907
354	910
353	937
353	901
337	951
320	904
356	943
333	914
357	947
370	910
369	945
379	956
341	907
356	949
334	912
367	912
334	917
334	896
359	948
336	916
334	945
358	946
336	935
340	943
336	909
334	905
356	945
378	932
321	932
373	933
334	956
320	922
352	941
348	910
343	930
356	943
334	949
327	922
330	923
359	916
370	935
356	917
357	919
333	919
360	910
367	918
369	939
371	924
363	956
333	922
360	957
327	921
348	896
352	922
359	921
366	939
364	926
354	933
327	946
328	950
324	952
340	915
372	932
375	930
336	952
380	916
321	946
356	943
356	950
349	934
334	927
373	930
367	935
364	937
343	903
370	918
327	911
368	903
373	926
375	929
321	924
363	934
334	933
330	942
327	921
326	922
360	912
353	910
338	915
340	925
363	920
343	921
343	913
355	955
358	944
376	938
356	899
357	902
375	937
375	931
336	917
356	958
368	941
350	906
381	926
328	927
334	920
350	900
328	944
349	912
342	922
365	947
352	943
346	927
353	906
373	930
336	913
359	913
349	905
359	939
354	912
376	936
374	932
333	941
358	943
362	934
353	909
352	907
349	902
378	934
364	952
334	917
335	936
363	957
320	914
360	943
370	937
363	937
365	916
363	933
329	928
334	930
377	908
354	911
371	899
338	911
340	920
332	898
368	932
356	944
334	925
359	952
342	903
373	918
363	951
363	947
347	905
364	940
376	922
374	913
365	935
342	907
353	904
349	935
345	919
337	938
338	955
376	932
374	933
340	909
342	946
333	928
334	920
376	907
356	910
368	944
326	913
353	959
334	942
379	959
354	939
326	919
341	922
371	926
345	913
365	937
350	906
323	922
338	951
344	937
349	938
354	904
360	910
326	923
324	927
326	925
363	909
341	914
330	959
339	927
369	920
338	927
334	924
369	925
376	914
356	951
329	922
333	912
353	904
373	929
376	936
327	945
381	925
374	935
342	934
346	909
363	943
340	911
343	942
343	908
351	903
352	908
348	903
354	921
377	928
354	908
377	931
321	955
343	912
321	926
359	929
364	939
373	930
348	906
343	907
330	911
349	909
339	906
375	946
373	948
356	958
378	932
354	947
353	936
342	911
358	932
368	937
366	941
364	937
356	908
335	917
370	934
349	912
353	909
355	912
323	932
320	936
371	927
346	941
333	915
381	904
320	958
326	932
360	958
349	917
343	942
352	948
363	940
343	909
351	910
338	911
341	911
370	928
358	953
369	927
352	943
382	927
352	917
381	934
372	938
355	906
365	908
378	930
376	947
376	951
374	947
374	918
340	922
341	913
376	928
374	938
354	952
330	931
328	922
334	898
380	921
354	943
357	948
328	917
332	919
323	907
334	927
327	919
330	926
373	955
370	958
360	937
333	927
344	909
331	942
383	927
362	945
380	919
378	932
368	935
375	959
342	906
344	911
359	931
324	921
326	922
368	940
344	947
377	936
327	908
352	912
354	945
343	903
367	930
321	927
354	945
336	916
338	908
382	925
345	905
336	920
343	904
332	924
320	946
368	937
344	909
353	931
327	942
324	942
330	942
328	942
330	919
364	941
352	906
354	906
333	913
324	904
326	899
363	942
350	908
333	924
338	915
379	897
353	903
327	920
353	910
340	933
374	929
376	929
352	949
360	952
331	915
354	910
357	958
324	955
326	952
344	914
327	922
336	927
332	923
363	916
345	899
341	936
341	932
368	944
366	938
344	917
360	908
354	945
366	944
371	930
334	920
360	950
371	925
333	919
369	946
364	937
357	942
373	930
357	935
366	927
338	915
375	932
382	936
334	927
358	929
368	935
370	916
336	922
321	924
343	907
371	930
336	897
354	951
321	929
333	915
323	907
356	956
376	929
363	906
366	941
368	941
332	926
352	947
360	939
331	910
370	935
372	938
342	914
375	945
364	947
373	918
334	927
343	907
382	932
381	922
322	923
379	928
369	930
376	935
359	938
368	931
342	943
352	908
332	930
328	922
356	959
338	920
346	903
343	907
370	940
351	905
341	904
368	939
323	944
363	919
340	920
382	929
364	930
368	934
345	907
368	934
349	948
336	917
340	920
334	927
379	905
375	907
341	911
331	915
327	920
337	918
343	900
337	934
363	936
338	917
340	911
327	921
334	922
337	951
357	952
372	916
325	946
338	911
341	913
353	897
332	919
367	939
376	932
374	934
353	923
327	922
381	926
367	925
337	913
374	953
361	914
373	953
374	936
354	935
347	909
341	927
344	920
356	956
330	937
368	941
342	906
364	938
321	920
369	918
336	917
326	906
350	920
348	900
332	917
322	947
323	913
368	928
350	900
369	937
363	904
371	922
368	943
362	917
368	941
326	918
359	905
339	903
342	916
363	916
354	959
358	897
354	898
364	935
337	917
381	921
346	931
379	943
327	899
332	935
351	912
344	950
343	906
374	932
327	919
381	934
348	905
338	914
345	910
354	910
321	917
344	954
341	932
377	911
368	930
344	907
344	900
334	903
364	941
321	923
332	913
325	951
350	909
342	914
338	924
349	920
375	931
379	931
376	932
340	911
361	906
363	916
346	922
373	934
346	905
324	920
326	917
373	919
369	935
380	932
363	925
332	924
357	932
336	915
323	922
326	955
348	899
329	912
376	936
374	940
374	931
337	905
321	927
349	906
354	945
353	897
321	923
342	914
352	943
350	897
329	944
334	927
369	927
347	923
375	926
363	916
328	932
365	927
354	937
355	897
353	904
355	897
369	918
374	935
364	944
331	906
331	908
350	912
368	939
357	946
368	954
366	955
380	929
348	899
375	931
331	936
374	929
331	930
334	927
334	917
363	949
376	898
349	909
328	924
344	909
345	909
382	946
338	915
363	920
352	919
368	941
369	921
356	950
338	900
341	925
360	928
326	956
352	945
333	917
330	920
329	922
326	922
329	922
327	921
368	926
368	907
334	919
348	899
333	910
343	907
345	939
345	907
336	915
346	903
348	942
344	948
326	945
320	951
343	916
334	914
361	916
327	915
354	912
334	906
320	917
320	926
347	905
373	920
372	901
324	932
369	931
324	909
326	922
337	959
323	910
323	908
339	920
370	932
327	922
381	922
321	928
331	915
321	924
345	933
340	922
376	935
370	936
323	923
361	896
338	917
340	920
334	942
382	925
327	922
359	899
322	943
327	912
341	910
352	943
373	930
365	957
327	922
369	918
323	922
359	945
369	918
367	925
331	903
337	945
356	899
327	919
383	926
371	912
349	906
363	910
354	912
332	919
382	949
369	937
346	909
324	911
327	913
357	933
356	942
365	953
375	909
340	906
364	945
363	914
345	907
381	933
336	919
376	932
374	938
349	912
320	924
355	955
340	917
336	946
382	927
369	918
349	945
354	914
354	934
338	915
334	938
359	943
368	949
368	930
370	936
354	947
343	907
371	924
331	920
373	937
375	945
354	910
359	945
326	930
323	947
367	918
362	941
359	943
353	908
333	919
330	919
350	906
355	909
360	920
356	943
357	949
321	924
339	932
368	944
349	952
349	910
372	931
332	920
342	909
325	920
370	928
335	907
371	924
371	927
332	927
381	925
380	931
327	917
363	941
324	917
325	919
371	899
380	931
378	909
359	918
382	946
322	922
355	906
345	905
352	945
360	947
360	910
360	945
363	951
324	919
326	919
337	897
350	904
368	938
342	935
349	914
330	957
346	946
380	897
331	938
374	928
328	922
344	952
353	917
340	920
363	901
364	956
352	916
358	953
354	958
367	937
329	917
337	949
374	934
358	958
329	924
359	937
355	945
363	939
350	900
345	936
323	958
338	943
376	900
374	905
348	900
340	926
349	908
338	911
368	938
368	936
343	903
369	913
379	904
320	959
333	924
355	958
368	958
366	959
368	942
364	911
355	915
373	930
342	912
358	946
335	911
380	957
342	939
365	916
357	955
362	939
323	926
325	932
353	904
343	907
348	919
339	938
368	937
344	920
357	952
354	910
374	932
365	945
368	937
382	930
359	945
341	909
358	955
363	907
365	916
341	911
350	933
354	899
356	919
368	932
370	936
327	930
330	930
330	921
327	911
327	934
347	909
334	954
369	950
323	924
359	919
360	911
325	957
341	906
349	909
354	906
368	916
366	920
371	919
373	930
354	906
356	933
354	934
372	928
366	932
322	903
338	952
354	908
324	956
328	936
369	928
367	930
341	913
377	926
376	926
371	937
367	925
369	924
330	927
333	927
330	915
320	904
331	918
340	920
345	913
371	930
381	922
381	923
321	933
378	957
328	937
350	916
370	926
326	941
334	921
336	905
332	924
356	947
334	915
365	919
345	909
338	913
356	947
327	904
324	903
326	906
327	917
343	943
356	935
357	925
376	928
359	945
343	910
327	919
329	928
364	905
352	943
329	956
324	919
348	907
335	929
365	916
353	908
337	941
352	951
334	925
327	923
339	913
368	922
332	944
338	913
348	909
345	913
354	912
354	906
334	919
332	927
364	925
331	924
337	913
359	933
350	912
349	920
377	937
332	915
322	926
356	943
368	949
320	956
373	898
367	899
333	929
322	955
327	942
371	930
326	959
334	896
349	898
329	896
352	897
342	913
368	915
345	907
374	932
377	933
368	945
366	941
368	951
359	939
328	899
354	910
332	926
382	925
361	945
383	924
364	941
341	913
356	958
327	899
357	952
377	936
371	920
341	916
321	934
344	911
336	919
375	926
371	918
379	944
362	913
372	911
368	938
381	910
383	930
367	925
368	927
363	945
339	900
380	956
370	932
372	936
360	916
334	907
353	896
355	947
344	957
370	943
372	945
353	907
332	958
373	930
363	959
354	941
356	947
369	918
376	943
337	898
381	950
320	911
337	910
335	941
345	918
369	918
320	932
383	936
336	928
345	905
320	926
323	901
338	915
353	896
359	916
343	905
334	930
350	910
321	911
324	921
326	936
376	924
369	956
327	916
368	951
366	957
377	932
329	907
321	916
372	899
371	926
364	949
345	905
368	946
327	922
330	921
344	943
347	907
350	903
325	900
373	930
354	947
352	949
377	932
353	906
364	941
354	932
321	924
333	904
325	922
324	923
353	948
365	925
368	937
359	918
374	932
370	936
337	954
358	934
362	935
369	920
367	925
359	941
368	935
354	948
321	909
339	938
327	919
365	901
326	949
353	931
358	945
337	906
335	903
367	922
359	943
340	917
356	943
334	940
340	955
327	923
330	927
353	958
355	947
344	909
376	928
347	904
329	936
342	901
373	925
348	902
382	928
375	929
349	912
356	947
373	942
337	939
358	949
362	946
344	929
372	945
359	945
376	932
369	918
334	920
326	922
331	925
327	923
383	930
370	955
369	927
322	926
356	910
342	912
339	913
353	939
368	944
349	942
380	905
336	917
348	903
368	900
379	929
380	922
354	908
361	906
320	945
351	952
331	954
338	919
376	910
354	906
344	919
377	932
359	945
368	930
373	937
321	925
380	905
340	920
374	932
373	946
328	923
341	907
357	907
330	927
329	900
370	925
341	903
335	957
340	925
370	935
343	903
359	938
362	944
358	948
377	931
347	911
334	916
354	912
381	956
349	896
331	928
359	947
324	901
340	954
370	932
372	936
340	924
334	926
336	920
341	920
359	929
371	920
361	908
370	941
341	917
347	936
369	956
376	941
348	905
352	912
382	924
365	931
352	910
336	906
349	906
359	943
358	915
327	907
350	906
348	912
333	920
359	948
336	939
364	935
381	899
359	942
376	927
376	922
333	921
373	928
354	930
368	950
364	902
363	949
359	898
360	917
331	906
325	953
364	929
373	897
334	920
354	910
352	949
339	899
328	944
327	919
334	947
358	945
344	905
358	896
365	923
381	929
372	936
362	943
360	949
322	943
344	913
350	906
371	930
365	935
352	939
368	939
366	939
334	922
336	924
353	902
363	928
334	927
348	909
353	908
380	920
364	903
373	930
343	905
362	934
368	932
359	941
362	946
371	918
359	916
322	950
323	926
322	932
330	931
376	940
333	921
348	934
327	917
362	939
373	926
356	956
359	918
372	935
353	947
382	926
378	931
375	918
345	954
370	956
376	931
355	945
379	931
376	931
359	948
368	943
365	903
358	949
320	924
334	917
375	931
353	908
355	897
368	959
335	927
327	925
326	932
344	913
332	925
357	949
376	935
364	935
336	917
380	915
375	896
341	915
320	923
375	931
373	926
349	909
334	930
365	939
352	903
360	932
375	931
380	906
368	939
361	910
367	943
328	933
348	904
350	896
358	954
368	910
366	947
377	928
376	930
365	937
357	934
322	924
335	927
337	905
340	917
379	958
337	915
354	947
327	948
377	930
334	918
335	922
372	928
327	922
321	922
342	947
369	924
360	943
351	900
324	922
371	897
321	914
375	920
364	928
344	929
380	912
327	913
374	932
350	900
332	902
345	949
343	951
333	929
363	912
355	910
365	939
341	926
382	929
353	910
343	906
331	916
337	899
369	908
382	902
366	938
333	915
371	929
337	915
331	957
356	916
369	918
376	929
373	931
326	919
346	907
357	952
352	912
329	958
329	945
329	947
350	956
325	919
326	948
359	927
368	939
364	925
375	903
339	913
377	931
344	915
343	932
381	916
367	915
382	897
376	943
372	909
376	931
368	946
338	911
339	951
341	896
355	945
366	944
328	924
344	913
369	911
348	900
355	935
359	941
360	916
362	952
368	950
344	911
331	948
329	912
370	928
327	932
359	939
359	910
382	933
343	959
361	935
359	956
336	911
370	950
368	937
360	943
375	933
379	930
373	925
350	958
324	923
347	922
342	916
368	937
345	903
348	945
335	906
337	903
321	919
334	911
369	908
357	953
340	939
374	907
370	936
376	931
332	922
349	909
367	911
359	908
341	909
353	908
365	954
380	929
336	948
364	941
372	954
364	938
368	940
366	942
328	896
349	906
378	905
344	905
327	919
332	938
369	937
377	935
356	947
332	899
334	943
363	939
371	916
338	920
327	923
352	926
375	904
360	946
356	939
348	941
369	930
367	929
367	936
323	908
363	918
323	924
342	912
320	957
359	952
368	944
366	900
328	914
353	917
360	909
383	924
320	924
381	929
359	945
368	916
344	913
382	926
369	927
335	911
370	934
321	926
351	912
370	938
332	897
362	916
326	954
347	940
324	922
321	937
347	905
321	925
322	939
333	919
368	938
322	904
354	947
352	918
352	916
379	904
381	926
337	912
335	916
365	924
369	934
367	936
382	899
321	901
336	950
368	936
366	943
344	908
322	922
352	948
325	922
352	939
373	925
327	943
356	952
370	930
349	909
359	938
373	925
336	919
359	916
359	910
359	945
322	943
344	911
356	902
383	924
352	952
359	943
368	907
353	906
371	905
323	915
335	942
359	943
353	906
381	932
347	937
349	950
349	953
332	919
372	941
336	898
327	915
324	922
354	910
363	916
368	957
337	915
373	916
376	934
351	909
341	935
354	912
326	921
337	897
371	915
360	952
334	918
348	900
341	901
356	957
320	954
333	897
336	956
353	947
369	958
376	951
340	925
361	916
370	916
368	906
337	917
326	934
357	909
379	940
336	920
360	943
361	912
360	941
367	930
368	934
372	959
376	898
374	896
362	943
364	946
364	943
373	931
358	943
363	918
348	903
328	919
352	947
360	945
348	953
349	905
324	922
373	920
363	918
370	938
327	936
354	911
361	914
361	913
375	915
376	953
337	903
372	940
363	918
356	955
321	933
327	924
330	929
349	914
380	896
364	953
337	915
335	911
326	911
337	917
335	917
374	928
379	931
342	922
327	946
336	915
338	917
354	909
344	911
368	928
370	930
330	919
381	920
357	918
377	932
345	907
322	900
325	904
353	908
346	900
333	919
372	928
370	930
377	937
332	947
369	908
363	912
359	930
353	945
331	937
336	911
326	950
342	900
327	939
326	933
369	913
326	901
352	916
358	903
324	909
382	924
334	927
368	941
366	935
359	944
379	931
339	903
340	920
324	923
332	917
327	919
360	945
364	942
336	930
349	908
327	919
371	927
320	926
335	930
322	918
341	913
358	943
329	913
340	912
370	938
350	905
359	935
369	937
370	904
344	905
349	907
369	920
367	916
325	909
367	926
326	899
325	900
375	929
339	909
345	921
356	955
363	941
350	914
348	912
350	956
367	908
356	945
375	908
352	947
340	911
368	928
348	900
344	913
355	939
382	927
342	914
348	906
354	953
354	906
359	957
371	909
350	939
353	906
350	906
381	930
349	903
333	956
356	947
376	929
334	916
363	916
375	958
334	898
363	916
353	897
345	945
337	913
369	918
382	922
364	943
350	906
348	902
370	937
343	913
324	930
328	937
340	912
356	943
358	946
345	911
374	929
343	924
365	935
371	907
368	948
376	930
359	949
368	939
372	934
372	936
356	943
353	906
338	915
372	939
348	943
370	935
368	930
334	930
367	929
373	927
350	900
346	918
335	915
358	952
370	938
372	935
329	956
345	902
371	918
353	906
349	908
327	917
373	945
339	910
337	907
335	901
338	938
333	921
327	899
363	934
356	916
332	925
364	942
358	945
362	945
324	922
332	927
336	958
353	909
332	925
361	910
345	911
345	958
348	919
352	948
362	939
324	923
333	915
330	936
362	939
358	937
345	911
365	914
346	922
332	935
356	897
359	927
372	904
341	957
375	929
380	929
343	956
383	928
365	918
342	914
331	896
320	926
374	916
353	901
335	922
333	899
344	900
374	916
333	896
333	918
359	914
367	941
369	955
364	937
364	939
381	907
375	928
326	921
321	919
368	935
370	933
349	912
370	906
376	908
372	903
377	928
327	920
322	919
352	917
329	949
339	906
380	929
365	928
368	935
365	935
332	920
376	930
359	908
376	926
334	948
358	952
336	905
337	935
326	946
369	916
324	924
361	945
349	910
352	916
351	909
341	907
333	924
326	922
358	945
358	912
331	915
353	932
355	933
350	909
370	934
332	913
320	915
321	918
365	918
345	913
354	912
331	922
335	915
362	939
364	945
332	923
344	918
332	927
373	926
327	919
330	919
361	916
358	950
357	948
374	928
381	935
323	929
339	937
368	938
370	928
370	941
380	920
342	921
322	916
349	912
368	937
366	918
377	942
334	920
334	931
332	930
334	953
352	947
347	945
371	926
334	908
343	904
354	916
373	922
377	958
327	946
328	943
344	911
380	931
345	923
356	899
357	901
358	906
364	944
323	948
327	921
376	928
374	936
374	937
364	946
320	926
359	943
336	956
329	911
332	918
329	922
334	916
343	907
329	919
326	942
328	924
357	940
357	943
369	918
370	934
368	938
366	930
334	925
349	928
324	923
357	914
338	911
380	916
341	945
358	955
338	951
334	920
364	941
372	934
345	913
320	935
325	931
365	897
342	908
355	932
343	947
351	945
368	935
380	932
343	926
351	923
325	904
364	945
373	917
365	941
376	931
333	919
379	926
327	921
332	922
368	928
349	898
341	948
346	910
322	956
336	930
364	938
356	958
368	956
343	904
330	922
327	920
334	917
332	923
353	943
355	945
371	929
370	953
359	912
320	926
342	930
381	911
380	913
336	920
343	936
381	929
343	907
336	913
363	899
357	950
342	916
348	910
347	906
361	914
361	920
368	942
327	912
326	916
373	922
332	925
374	958
338	918
357	931
337	934
369	916
365	920
363	914
359	944
349	922
369	925
324	923
362	945
376	930
350	908
356	947
359	943
375	930
379	939
377	896
322	924
360	906
365	937
368	930
334	911
369	958
362	935
368	935
332	896
343	909
324	922
344	915
377	948
356	947
327	915
368	926
344	955
340	920
332	914
340	933
328	919
350	908
327	927
359	914
320	924
376	936
348	902
341	913
349	924
354	919
337	923
364	935
331	915
350	909
379	931
324	922
326	923
335	911
356	958
321	926
358	952
344	913
321	929
327	919
332	926
382	924
356	954
338	903
368	935
352	955
380	901
378	903
371	907
333	912
373	909
369	942
381	903
356	938
322	922
334	927
365	927
340	911
322	902
349	906
370	900
325	939
368	935
363	914
359	918
334	914
327	922
373	929
375	929
327	927
330	932
349	910
363	907
368	909
359	905
336	959
372	935
374	938
376	935
376	937
369	942
334	920
383	942
327	916
347	920
334	914
333	900
377	948
337	952
332	927
370	930
381	943
370	932
369	933
373	959
344	944
328	930
346	903
352	932
360	945
350	908
340	956
340	925
350	903
327	920
368	932
370	936
363	915
376	919
374	937
349	906
353	937
355	945
354	938
342	930
334	899
343	903
340	911
342	911
375	945
382	926
348	902
346	901
345	909
329	952
343	955
349	956
352	943
369	918
373	906
381	906
336	932
362	943
377	932
365	916
365	928
363	937
349	902
332	926
332	906
343	946
321	910
383	908
365	925
368	930
335	907
365	937
366	935
364	905
320	952
335	915
334	959
327	959
375	930
343	905
334	919
334	920
342	912
353	940
352	948
355	942
338	911
365	919
369	941
358	945
376	943
336	919
358	946
342	944
336	930
375	929
343	909
376	950
343	911
345	909
349	908
353	913
373	940
370	932
376	936
355	947
348	943
352	950
377	909
362	956
327	927
330	921
320	924
333	945
336	948
373	925
363	916
348	929
360	943
382	921
359	917
337	900
359	939
359	916
333	927
375	929
359	951
338	919
334	923
321	911
352	916
360	910
376	932
369	931
347	905
370	938
378	933
344	906
350	906
333	946
338	951
369	925
321	897
340	914
356	951
334	903
369	900
338	913
341	907
320	943
326	903
358	932
373	926
341	913
349	906
354	913
372	936
320	959
333	915
337	918
349	908
358	898
336	927
349	910
354	939
352	947
360	943
352	943
360	947
345	919
375	926
347	910
353	944
331	958
328	922
354	959
361	910
359	910
333	959
368	941
369	923
352	945
351	927
320	924
332	957
359	944
359	921
356	933
341	913
376	928
354	900
352	908
341	925
365	904
368	908
334	938
366	917
372	932
329	917
360	929
321	914
347	905
378	905
380	900
355	939
359	925
360	945
343	913
365	918
372	937
367	943
361	916
370	916
372	939
368	935
360	939
362	936
370	935
380	921
327	910
321	927
365	937
338	923
355	951
345	907
343	913
337	900
321	924
359	939
327	917
337	915
371	916
371	925
343	937
377	928
333	919
351	912
326	936
326	935
326	938
377	958
381	942
332	958
330	937
368	935
345	905
362	908
370	931
381	926
344	905
375	931
343	956
334	927
368	937
369	925
341	913
376	905
359	951
371	944
350	903
340	920
360	943
357	951
326	946
325	937
324	919
362	906
376	937
360	945
370	935
326	923
322	923
345	922
337	935
364	943
333	922
356	908
320	953
329	898
327	900
336	919
370	928
325	915
363	932
368	936
372	932
332	921
334	922
380	936
359	939
336	916
368	937
359	949
343	905
323	938
369	939
340	940
342	916
368	950
359	939
342	905
353	903
350	945
322	927
363	922
345	901
367	938
358	943
356	942
365	916
353	934
354	932
363	937
380	932
338	907
324	922
375	937
373	939
357	955
331	926
321	924
377	945
375	916
378	928
383	926
345	902
335	915
382	911
370	928
372	925
343	909
332	926
377	932
363	916
329	943
379	913
373	929
340	911
327	927
327	919
369	927
363	919
357	943
345	907
348	907
352	932
369	912
373	920
320	935
368	916
333	907
337	911
347	903
366	935
368	937
376	954
379	952
368	938
359	943
368	949
320	929
335	919
368	944
371	926
352	945
334	936
372	956
353	908
351	900
351	903
365	946
370	930
359	959
329	936
341	933
337	958
373	948
363	943
335	901
339	899
376	926
369	929
367	930
322	924
345	941
356	902
368	944
353	938
334	916
369	918
343	901
351	907
323	899
344	909
338	913
375	928
379	931
340	923
369	918
357	917
338	920
329	921
342	915
321	947
337	915
332	927
330	922
328	923
328	918
333	913
359	945
362	951
360	951
350	903
370	935
357	949
363	916
320	926
320	926
352	945
371	927
377	932
381	957
342	911
335	917
365	937
366	938
328	922
324	923
356	957
369	929
376	930
375	931
321	927
368	942
366	943
362	945
364	930
334	918
339	907
327	910
336	956
337	919
360	949
352	943
368	928
366	938
329	909
353	935
332	922
366	939
328	926
354	910
333	922
343	947
369	918
327	923
359	945
341	914
369	902
363	910
370	929
368	930
382	916
381	957
344	914
342	943
373	930
353	908
345	927
334	925
369	924
365	902
362	938
368	956
327	922
330	923
369	954
376	928
354	903
362	943
382	926
341	912
364	943
321	922
323	923
382	924
323	934
368	941
368	939
370	928
353	906
356	953
365	941
337	917
328	930
365	953
326	959
366	930
347	940
344	951
364	946
340	904
336	920
346	905
332	936
334	928
371	924
359	902
361	910
330	924
327	923
374	956
362	946
372	946
375	912
344	909
377	925
378	937
359	942
364	946
368	948
357	907
337	927
366	905
337	934
382	924
337	907
326	928
365	939
331	929
333	922
331	921
337	904
368	915
357	916
353	910
352	947
367	937
365	937
338	929
343	909
331	913
329	911
372	932
376	936
349	911
349	911
381	916
347	932
360	947
327	922
335	923
370	928
335	911
344	911
332	898
342	913
352	945
359	916
332	920
369	918
349	955
345	921
321	914
351	953
382	953
343	951
359	914
349	946
331	922
327	923
336	911
331	923
372	935
337	911
382	925
355	959
373	926
357	949
365	935
340	937
343	900
382	922
334	922
380	903
326	922
325	951
345	917
333	949
364	944
354	931
337	913
359	949
368	956
371	926
362	943
359	949
349	910
373	925
339	912
355	904
377	941
366	951
377	931
375	899
380	929
322	923
361	943
359	945
331	947
359	922
349	902
343	909
345	909
343	907
345	911
354	916
364	901
368	918
366	924
379	941
344	903
324	946
369	917
359	943
363	937
334	919
372	935
329	911
348	933
323	912
357	903
356	916
357	955
348	948
364	899
321	918
340	920
325	913
369	937
335	908
333	898
363	903
368	939
376	904
374	958
336	922
350	910
346	901
356	958
352	950
380	934
372	923
353	908
338	909
344	912
372	929
324	927
361	939
357	951
365	939
364	941
368	935
370	937
320	926
372	913
376	911
382	924
380	958
375	937
340	901
344	899
344	953
329	954
348	905
352	948
377	928
374	937
355	937
348	912
344	935
320	952
373	950
326	922
348	934
364	922
376	928
359	916
370	930
359	922
363	953
348	914
342	927
324	921
360	924
375	910
328	958
330	951
372	918
361	925
378	950
357	943
361	912
368	942
324	906
320	924
331	899
365	939
368	941
353	957
327	915
372	936
363	944
380	931
323	933
341	939
339	945
338	936
339	907
343	913
338	913
332	923
365	918
340	927
364	945
376	936
374	931
354	945
352	910
383	925
368	937
344	909
325	945
373	934
347	953
349	903
323	922
327	924
372	944
327	927
331	911
359	941
368	952
370	931
372	904
328	931
354	904
346	919
369	916
363	941
327	920
342	916
340	922
345	903
338	914
362	946
362	934
343	914
351	920
333	953
341	935
363	939
368	953
347	906
350	903
355	936
344	947
371	925
369	918
325	898
350	897
343	958
352	959
340	909
334	913
324	922
326	923
339	921
376	958
324	922
327	923
373	929
329	943
369	915
374	931
350	930
359	945
351	956
344	913
327	923
325	942
358	941
364	905
334	920
339	932
344	917
362	945
357	943
344	900
342	905
368	928
376	925
374	935
333	915
379	931
376	929
376	931
333	911
372	946
320	909
368	936
337	903
360	954
358	897
357	900
354	908
375	930
363	909
363	930
374	948
379	950
359	918
324	922
328	923
378	931
338	913
371	933
349	905
327	958
354	910
344	920
361	910
363	944
369	928
367	928
321	917
376	932
374	936
373	954
369	925
327	921
359	939
355	947
382	926
368	937
358	926
360	952
367	918
366	939
372	937
368	918
369	936
328	919
350	912
380	929
356	949
337	898
358	959
333	922
355	958
353	910
355	908
352	917
358	952
359	945
373	930
321	899
353	904
370	903
340	906
368	928
363	897
341	907
344	911
356	943
376	926
373	929
352	945
344	901
363	925
344	907
332	925
338	956
324	946
342	905
333	927
342	914
377	919
331	897
323	928
342	931
328	914
369	916
341	922
364	939
352	947
366	959
362	935
364	941
365	918
327	912
376	933
352	908
371	925
376	930
332	938
339	950
375	948
347	947
381	947
362	945
363	917
335	927
363	925
335	905
348	918
343	941
324	923
357	953
357	930
322	947
356	955
357	954
345	956
332	946
356	932
345	907
334	920
346	903
343	905
332	924
372	936
345	907
359	945
350	910
373	930
330	922
360	921
364	915
359	918
355	937
378	902
364	953
369	925
358	926
364	925
382	944
320	916
369	922
367	921
365	923
342	912
327	916
341	913
365	945
354	908
337	896
369	916
353	906
341	911
357	947
338	909
346	905
333	914
370	932
372	936
374	928
376	929
350	909
354	912
328	944
338	905
354	956
334	911
343	909
344	914
342	912
354	922
349	923
336	929
365	937
340	921
332	919
355	945
338	917
338	915
370	952
340	949
354	952
339	932
343	947
364	944
359	945
372	938
334	939
327	920
327	948
376	934
375	927
354	906
377	931
338	911
380	951
365	946
348	943
353	928
353	952
353	948
353	896
353	943
353	947
353	946
368	935
379	934
365	941
334	919
350	903
331	914
347	905
321	948
349	900
360	905
348	923
348	924
320	933
383	932
370	930
344	945
368	935
359	939
362	941
370	914
320	951
340	912
329	913
332	918
369	918
337	911
349	912
354	906
364	949
377	944
337	913
338	912
326	913
342	937
340	934
356	946
357	952
334	927
369	920
363	916
368	911
365	939
364	941
333	917
333	919
375	924
344	948
376	897
358	952
366	941
343	909
351	896
332	927
355	956
377	931
324	922
323	923
344	921
370	935
327	922
330	923
364	941
342	952
341	948
335	915
359	922
359	923
320	952
383	941
363	939
341	911
355	908
368	932
366	932
334	959
371	896
355	909
359	904
352	906
345	945
321	919
332	947
341	956
347	955
355	956
382	927
369	920
330	922
350	906
348	956
328	924
338	914
347	958
337	938
371	925
369	925
331	918
382	948
320	942
355	907
326	921
329	915
354	912
361	910
363	937
380	931
336	898
344	907
327	907
320	926
325	911
353	953
333	917
331	901
350	906
354	956
329	911
332	929
337	946
375	929
343	909
347	906
368	928
366	935
338	917
354	910
333	930
364	952
330	919
358	943
364	913
376	952
320	924
375	929
348	922
341	911
344	911
342	914
377	928
325	906
326	903
329	910
350	931
369	956
343	904
371	923
353	912
377	933
339	919
332	905
379	908
380	905
383	925
382	934
334	925
336	920
359	945
328	922
327	923
362	931
377	932
374	937
368	918
366	916
349	909
348	897
373	910
364	945
353	908
363	918
357	904
331	918
340	931
341	937
374	946
377	942
322	915
359	908
355	945
347	932
350	933
382	928
331	898
368	944
366	951
320	942
352	910
368	952
370	935
356	955
347	898
360	945
358	904
322	924
366	945
343	942
328	922
363	937
364	945
330	913
370	936
359	908
362	945
357	954
368	930
363	916
349	897
344	909
338	917
354	908
353	911
321	935
334	931
347	905
370	930
364	948
376	931
333	919
382	926
371	925
369	920
341	925
356	945
357	943
357	958
358	946
375	919
375	930
349	906
368	938
366	956
382	924
334	920
368	944
373	925
353	898
380	941
341	907
324	948
326	946
381	929
320	939
343	907
359	945
357	958
357	939
353	939
355	945
365	916
336	911
368	943
370	944
327	939
364	908
334	920
324	919
322	924
367	918
361	912
339	950
341	913
337	911
382	915
353	959
377	901
352	947
354	932
341	946
339	943
333	925
374	913
354	906
362	946
324	922
370	930
354	945
349	906
356	943
357	951
347	913
353	949
355	952
378	918
373	916
375	912
377	908
365	902
368	935
332	951
374	922
366	908
368	921
368	940
342	914
332	923
330	940
363	902
368	899
324	927
370	931
376	932
374	905
369	918
353	899
348	900
341	905
352	946
360	943
349	908
364	940
362	949
368	943
347	903
327	922
334	925
369	918
367	905
324	950
343	901
343	903
367	928
358	946
376	928
376	937
332	925
364	943
346	905
339	902
331	901
358	943
354	935
359	941
369	916
371	927
367	920
353	908
328	957
376	938
352	945
360	949
353	918
374	911
373	925
334	921
334	917
372	932
374	936
331	900
361	910
375	929
357	903
334	927
341	907
325	922
336	917
382	923
375	924
372	943
358	908
324	920
320	923
327	922
381	934
346	943
382	916
360	947
360	918
355	916
358	946
356	950
339	937
328	923
365	941
322	897
375	926
340	916
324	922
326	921
353	912
359	941
354	947
337	916
349	947
354	943
354	943
326	921
367	912
350	911
364	939
353	910
363	912
368	916
345	911
337	901
368	940
340	916
332	917
334	920
361	914
364	945
356	958
341	942
336	936
369	940
374	936
359	954
356	949
323	935
347	907
320	922
368	916
321	923
350	906
352	943
321	906
334	920
370	936
356	938
360	949
336	920
368	928
373	914
362	930
376	929
364	956
327	948
368	938
327	919
364	949
357	949
376	932
374	936
367	916
345	925
336	933
342	914
353	958
358	943
329	909
334	920
368	939
370	935
353	951
338	911
340	911
333	920
369	925
358	947
331	953
344	911
361	945
376	918
370	927
359	943
340	917
348	907
364	925
357	935
380	913
348	954
325	941
369	929
367	925
331	922
347	905
357	955
356	951
368	930
337	916
339	937
374	901
336	917
336	905
335	917
337	919
320	906
376	936
374	936
380	929
325	940
358	908
374	922
366	921
320	910
359	934
368	938
379	932
377	932
342	910
340	914
345	950
347	910
354	941
352	946
368	937
334	917
381	906
344	913
342	908
324	921
326	915
361	907
333	952
368	906
357	902
359	951
362	957
337	927
364	932
368	936
337	952
327	918
363	916
334	916
369	916
341	909
342	916
349	947
361	939
348	911
344	913
327	950
375	916
338	920
345	905
373	943
334	957
334	925
369	938
344	917
368	948
321	906
351	931
364	948
368	942
361	947
330	919
349	956
353	912
380	943
358	922
345	913
334	935
373	944
376	932
376	930
324	922
345	909
363	939
368	937
327	922
322	908
336	937
349	908
343	912
351	909
332	924
321	927
359	923
354	919
373	910
367	945
370	928
376	928
349	906
380	931
340	920
331	917
381	926
368	935
376	928
382	929
355	910
376	928
373	936
377	932
369	937
330	911
327	930
341	913
327	923
324	919
368	918
325	917
349	910
353	897
340	918
324	942
333	939
327	919
326	903
324	912
342	917
320	937
351	909
335	954
333	922
358	943
356	904
357	903
332	906
374	901
369	911
352	947
324	915
368	936
370	928
353	939
321	925
350	931
341	915
365	918
357	951
370	932
372	936
337	927
360	908
371	918
334	914
332	916
329	915
334	904
334	927
371	918
374	922
377	928
365	941
378	931
377	952
339	901
368	935
350	956
327	958
340	917
368	937
332	935
340	914
357	952
351	903
350	906
374	930
353	904
320	920
342	903
376	935
374	930
357	954
376	915
371	921
329	913
342	947
344	896
341	912
370	935
334	959
354	947
362	937
336	919
344	911
379	931
376	930
333	922
327	921
366	928
363	912
338	940
369	930
369	937
369	942
367	948
368	917
352	897
371	928
327	943
324	949
326	922
368	939
368	908
363	906
370	901
363	918
334	925
331	947
352	914
334	937
341	899
331	920
369	949
328	918
343	911
374	928
376	931
365	941
364	901
326	922
382	916
324	922
327	921
370	925
370	932
372	936
356	907
332	919
376	901
371	930
331	924
374	950
376	900
372	937
370	937
358	906
343	927
327	922
330	921
371	924
359	944
329	944
343	912
344	898
341	909
376	906
333	919
380	930
378	918
363	916
337	951
335	913
324	924
328	914
378	949
368	922
365	921
329	924
333	917
357	943
353	896
342	909
363	916
370	918
334	937
343	943
351	909
366	938
367	920
327	927
363	916
368	920
379	925
375	930
327	920
320	956
322	924
346	956
335	923
369	940
356	953
356	955
357	951
334	916
373	948
353	912
374	928
370	932
372	936
349	929
327	930
333	919
376	931
376	932
379	929
374	931
383	913
347	952
379	930
322	935
357	950
336	910
333	945
349	933
327	922
324	925
333	918
371	937
326	898
359	918
344	912
349	912
355	931
376	928
342	920
370	934
379	922
337	925
359	906
352	904
370	928
349	912
348	904
370	932
376	931
334	914
375	930
320	932
328	922
376	936
361	925
369	911
337	915
380	957
326	922
365	918
327	919
373	928
322	918
353	951
368	948
375	958
336	927
336	919
354	939
352	946
343	958
337	915
371	924
373	930
320	916
347	903
350	906
350	910
378	938
337	956
363	918
353	925
375	929
320	922
329	921
329	945
340	907
338	911
365	956
361	920
350	904
320	924
365	918
368	941
345	907
334	917
348	900
363	937
368	937
365	937
372	908
356	921
327	956
375	944
321	932
331	915
372	902
356	941
368	903
366	899
356	929
345	913
349	907
376	922
361	916
366	941
363	914
321	924
371	925
349	943
344	911
373	926
338	933
344	908
344	917
364	931
331	916
328	922
344	911
333	922
327	921
374	935
381	952
376	938
349	919
325	958
347	905
378	899
380	899
383	898
337	907
343	911
336	920
365	925
363	943
340	914
376	932
349	906
361	916
381	924
334	927
373	937
338	943
332	896
337	948
334	933
371	918
376	928
326	951
324	922
381	931
363	939
359	939
368	943
379	929
374	928
367	916
360	941
345	896
358	941
336	955
333	928
382	915
356	947
322	900
332	905
369	902
365	950
329	903
352	910
355	945
380	931
372	932
370	936
347	905
376	957
338	911
328	909
365	908
373	903
370	904
369	906
359	934
362	933
368	904
371	925
334	920
357	906
368	928
332	914
370	942
344	921
323	917
344	905
363	900
368	939
373	930
376	930
323	946
363	918
377	920
328	922
375	930
380	957
358	943
326	896
356	949
357	951
370	935
340	943
344	910
342	912
321	916
336	917
324	947
364	913
349	907
362	939
370	931
342	918
363	918
379	918
377	930
372	896
369	918
367	900
366	937
368	944
366	929
363	937
362	905
369	916
367	920
350	901
323	899
376	941
334	919
352	948
360	946
367	904
338	913
347	936
320	905
343	905
331	921
354	908
353	904
321	919
326	942
378	901
345	938
380	932
359	939
336	914
373	901
355	959
343	903
344	922
365	937
334	920
371	941
338	917
333	941
336	930
376	932
374	936
341	913
362	958
324	949
324	935
372	936
368	939
365	907
366	956
371	925
346	919
320	917
378	910
323	945
329	912
352	896
378	947
380	906
331	937
328	937
376	937
358	946
354	912
357	939
334	916
369	920
356	901
360	958
344	909
370	900
360	949
360	941
331	917
366	948
353	959
352	931
323	922
326	923
321	909
324	919
369	937
371	946
329	925
351	916
334	920
343	907
335	913
363	943
339	942
334	920
333	915
340	920
346	913
354	935
352	945
343	903
320	924
368	935
343	907
342	933
370	944
366	938
342	913
360	955
370	934
378	910
359	916
382	899
375	898
332	927
346	922
362	903
369	925
375	929
364	943
363	939
327	924
330	924
368	937
370	938
368	942
347	903
339	915
368	938
330	938
352	912
382	917
375	923
375	931
336	920
346	905
373	930
357	949
376	928
359	918
350	909
326	899
368	938
368	939
327	934
336	918
380	907
378	905
336	927
377	941
374	932
359	928
368	941
348	909
349	916
321	905
359	943
330	925
364	939
357	930
336	944
378	933
380	934
329	932
335	899
361	917
345	951
366	941
360	939
359	946
379	948
376	946
332	927
353	897
352	943
348	912
347	905
363	958
328	927
354	906
371	918
382	948
368	896
336	936
363	916
343	903
375	935
383	920
343	908
345	939
361	910
369	918
367	937
355	947
342	906
376	935
370	958
364	941
326	931
355	956
344	909
338	923
344	903
321	924
344	911
327	908
321	925
349	900
368	938
378	903
368	938
356	953
349	903
334	904
355	952
372	935
334	932
327	922
330	923
331	915
337	930
376	928
336	919
356	943
342	912
355	914
364	944
376	936
372	935
321	943
343	907
363	937
352	910
359	943
378	919
339	907
365	930
358	915
320	925
321	936
326	930
363	914
358	917
352	949
360	910
359	943
353	911
333	920
369	932
348	927
364	938
357	943
357	945
356	951
349	906
353	947
338	958
339	943
371	930
343	909
332	927
355	900
356	906
321	932
332	925
340	909
368	937
362	937
359	930
356	930
374	931
356	958
382	928
375	929
350	903
380	951
348	906
333	948
334	950
350	956
374	897
350	941
326	910
341	910
334	953
373	932
372	944
332	909
357	950
369	927
328	922
350	897
376	928
357	950
328	899
363	932
332	937
350	921
348	909
335	959
336	906
338	951
360	929
365	918
338	919
334	924
352	945
360	947
327	922
363	918
373	929
327	920
324	922
366	899
348	901
344	912
320	924
367	918
371	919
349	912
338	899
378	932
340	922
358	946
365	928
350	939
338	911
379	930
373	922
374	936
378	952
362	941
364	946
375	949
338	941
346	945
359	939
343	900
335	911
322	922
380	915
368	937
370	903
320	922
382	923
349	912
327	922
364	941
371	925
337	911
336	937
338	939
366	939
378	927
374	932
334	920
347	903
380	930
327	910
334	916
345	941
346	941
363	944
368	943
349	912
357	955
358	946
337	915
336	908
326	899
326	923
368	935
376	930
369	920
365	935
368	940
363	937
368	959
367	928
328	898
331	913
365	918
358	946
340	919
352	943
365	942
344	903
359	922
361	921
345	922
335	937
324	919
326	924
370	944
372	940
365	957
324	921
330	932
327	936
356	955
358	952
364	948
332	949
360	956
369	957
380	929
353	906
371	918
328	919
337	916
320	924
362	946
360	943
329	917
373	928
380	946
368	937
328	922
375	949
367	928
370	958
341	917
327	919
352	912
368	949
370	938
375	951
364	941
335	913
337	917
361	910
366	938
352	939
379	929
320	919
336	950
350	931
370	897
375	928
325	923
320	922
353	910
354	916
354	910
341	935
339	923
356	943
324	957
326	922
320	926
370	935
380	900
378	904
340	916
363	900
345	906
337	940
363	916
330	930
322	922
340	909
368	935
341	907
338	911
343	913
351	917
363	917
339	920
320	917
383	926
380	917
331	946
356	943
357	938
370	950
372	953
369	914
344	920
356	922
357	923
320	898
327	941
330	943
355	950
320	924
329	921
365	898
364	944
334	920
369	918
358	943
357	949
334	918
353	906
361	906
365	902
378	941
382	926
373	927
327	923
330	922
364	941
345	917
380	932
379	936
378	933
324	958
352	910
325	919
357	930
355	928
338	913
339	936
359	938
368	935
362	935
380	920
376	928
320	903
354	937
363	918
342	938
363	916
338	958
344	941
343	911
320	947
343	925
344	911
349	912
336	927
371	925
341	925
342	927
368	939
366	898
342	909
368	906
342	956
347	903
340	911
358	943
355	942
322	902
342	915
366	914
329	899
380	945
369	910
367	922
370	941
356	912
367	956
326	955
329	951
329	919
341	913
372	939
342	914
365	935
376	925
370	928
341	911
365	924
345	898
334	920
371	934
323	923
349	910
361	920
364	949
343	911
327	921
354	931
335	920
361	912
334	919
354	916
363	939
343	958
332	925
334	920
334	942
353	908
326	917
354	939
352	959
343	907
375	903
369	926
329	931
345	913
343	916
362	915
349	906
373	903
338	911
345	925
365	941
336	920
363	916
320	932
383	933
373	919
344	917
321	924
322	930
356	935
347	909
336	919
334	919
332	927
358	920
323	922
356	923
353	947
328	952
359	945
362	916
365	941
370	941
374	951
366	958
372	928
324	921
326	921
354	910
359	912
327	926
370	938
358	946
341	913
379	943
339	913
336	915
334	919
383	943
320	941
371	947
362	920
368	922
351	951
349	946
326	943
335	909
368	937
343	906
368	941
368	925
329	911
370	935
352	916
364	938
348	897
320	935
335	913
364	923
332	924
344	903
327	922
330	923
359	949
320	955
383	950
354	947
337	946
363	925
332	919
326	932
379	937
370	935
372	928
368	944
329	902
338	914
371	927
350	953
369	930
367	935
339	915
359	959
325	941
379	933
338	906
363	908
370	938
331	917
343	914
321	924
373	904
347	902
359	941
368	937
360	907
376	946
360	941
381	910
334	925
363	931
323	949
347	930
350	906
377	938
378	928
350	904
364	954
363	939
324	922
326	956
359	958
344	919
368	935
373	908
336	925
346	950
372	916
350	912
334	939
369	918
337	911
338	920
376	922
374	921
376	913
335	943
320	934
380	916
366	937
343	909
327	932
333	925
331	914
348	900
349	909
375	926
361	912
349	897
350	904
355	908
352	950
355	952
356	958
368	941
327	922
326	941
360	903
368	935
366	897
328	918
347	955
339	951
339	927
352	945
359	947
373	941
343	905
357	935
367	930
380	931
377	929
327	905
348	903
354	909
342	920
376	931
343	909
346	907
369	932
362	930
376	924
363	939
324	922
332	927
328	924
380	928
341	911
332	923
366	935
357	909
330	920
348	955
357	925
356	920
348	956
343	933
351	934
344	911
349	902
359	903
334	952
359	939
332	910
349	898
354	900
365	937
363	944
359	957
364	943
358	906
342	912
369	931
382	924
362	916
333	919
356	958
360	944
356	908
343	916
378	958
361	930
365	938
375	950
337	949
322	951
323	955
349	909
341	941
360	943
334	909
327	922
379	952
380	948
359	952
339	908
345	900
353	952
382	924
332	927
377	916
341	914
320	924
340	927
372	932
364	937
361	914
348	903
375	949
362	952
371	925
350	902
349	900
334	925
363	916
334	898
359	945
363	918
324	922
331	956
343	907
320	921
375	936
381	938
363	933
361	943
377	945
353	958
368	954
328	922
350	923
328	934
370	919
372	935
327	946
338	920
347	903
363	952
369	956
363	918
361	924
363	939
376	931
329	915
334	905
340	920
363	922
340	916
371	927
335	913
376	931
373	923
336	909
369	899
367	900
360	904
356	945
369	949
372	946
342	922
363	937
353	930
326	907
326	932
342	932
380	932
329	899
345	909
371	915
377	931
327	953
367	935
361	939
369	935
367	939
334	920
347	930
341	899
364	941
374	930
334	917
380	956
362	909
360	939
377	951
363	920
362	939
344	907
369	918
356	955
341	939
353	906
363	926
321	929
383	929
381	930
335	911
337	913
322	924
375	935
332	924
371	922
351	907
368	944
363	913
322	905
328	909
328	934
374	908
344	903
349	912
363	914
343	903
347	914
377	931
341	913
370	919
370	931
375	923
349	916
333	917
321	922
349	912
352	945
354	904
325	922
337	913
335	907
354	942
370	918
372	937
341	919
357	910
356	910
363	918
368	918
365	918
333	913
376	949
333	899
336	901
358	949
371	925
370	932
371	897
375	923
376	922
359	905
368	902
362	946
328	914
332	911
361	918
367	937
382	951
368	930
355	918
369	929
371	926
378	901
371	929
341	959
365	937
368	902
369	916
336	937
359	953
333	937
370	909
381	931
337	919
327	924
328	946
330	942
343	950
351	948
327	904
350	903
381	958
359	941
333	922
336	921
345	943
338	917
373	931
375	930
380	955
349	916
331	927
344	912
363	924
359	911
344	905
327	917
330	927
345	905
355	916
333	921
369	902
367	900
341	908
342	930
350	918
348	930
345	907
352	910
365	918
368	928
364	943
324	950
320	896
363	918
349	912
373	910
327	922
374	949
352	945
332	949
353	906
339	939
334	918
369	948
333	917
340	911
321	910
369	918
350	956
335	907
371	926
369	925
367	918
372	942
353	904
359	944
368	946
320	928
367	930
364	930
358	953
352	910
373	929
376	925
352	910
340	925
382	926
379	915
380	911
377	926
344	907
368	937
327	924
367	951
322	950
352	913
347	907
338	911
373	925
346	957
369	897
340	920
359	916
380	906
335	909
343	911
367	926
371	920
323	913
382	911
320	942
327	915
373	926
358	952
344	911
368	943
353	947
322	922
369	918
367	925
358	943
332	923
356	949
358	958
333	939
326	925
338	911
380	931
368	935
370	928
369	930
358	946
352	952
356	930
379	918
340	900
352	903
380	932
354	945
327	925
345	913
336	922
376	930
354	912
337	919
372	935
372	922
376	923
364	939
358	935
376	932
368	937
333	915
369	908
367	937
340	913
350	899
336	941
332	924
343	904
351	943
356	952
376	903
333	922
343	909
351	935
356	941
344	945
338	917
372	928
322	904
368	902
333	918
323	919
368	940
364	930
332	922
332	927
354	947
354	927
352	907
368	904
336	917
357	897
380	900
327	919
341	897
331	917
378	897
326	899
326	900
336	915
354	928
342	920
359	945
381	926
327	919
373	927
321	917
359	910
359	910
382	926
329	903
369	900
348	956
372	906
367	912
334	956
322	939
371	926
359	923
340	958
378	950
344	941
367	919
376	914
335	945
351	900
343	903
325	954
338	917
332	919
330	915
321	958
341	916
330	925
348	903
323	913
324	914
322	907
328	911
365	902
342	914
333	920
358	947
368	930
360	912
323	921
368	946
376	932
370	926
374	931
347	912
332	937
374	937
327	948
330	919
359	941
350	906
342	917
374	897
320	925
340	912
363	920
366	907
372	938
320	905
337	956
375	937
328	899
328	948
358	953
335	913
334	918
370	941
365	914
359	914
376	910
343	913
340	914
321	948
368	944
366	938
342	910
349	914
356	958
369	922
367	923
321	953
365	953
343	900
369	924
355	939
375	957
345	930
343	935
320	896
341	914
331	957
333	906
336	914
334	914
329	919
379	929
352	908
382	926
340	938
330	952
352	910
353	943
342	955
322	955
360	908
345	949
363	903
365	937
336	947
357	951
343	896
320	921
365	918
328	921
358	913
336	917
353	900
350	955
320	943
352	945
345	908
330	924
352	911
365	909
336	920
342	914
364	955
323	932
338	920
342	910
375	927
377	952
344	913
321	922
330	923
380	947
356	903
363	921
365	900
370	910
379	927
380	944
382	949
376	932
374	932
344	910
364	943
363	922
370	954
330	904
334	898
351	908
336	935
353	908
338	915
374	917
373	909
354	908
327	922
324	948
329	901
368	935
370	937
383	943
332	946
382	950
338	917
337	913
335	907
359	916
340	939
344	916
352	917
321	922
371	952
376	946
356	908
361	910
334	919
340	920
368	941
380	942
371	930
326	906
379	918
380	936
330	916
334	932
338	909
338	941
356	946
368	945
370	932
368	936
322	919
378	928
355	958
327	945
371	926
332	924
350	906
382	924
322	930
354	925
365	935
376	952
376	948
363	916
348	905
347	914
332	927
343	903
347	903
342	914
321	923
343	907
351	924
348	959
373	926
356	958
348	904
367	937
376	930
355	949
335	909
341	907
365	937
328	923
335	959
382	957
333	917
324	922
326	923
331	928
380	958
358	898
371	925
336	950
334	948
360	947
364	937
334	920
335	925
344	936
342	914
345	907
348	911
358	946
354	950
354	947
322	936
338	911
338	914
353	896
375	904
376	905
329	923
350	898
331	956
344	907
330	919
335	945
358	953
353	957
355	947
352	937
365	939
343	914
378	938
334	927
354	949
352	947
353	906
365	943
370	931
339	896
356	943
341	917
367	937
340	911
371	930
367	935
347	903
327	902
339	924
343	899
353	945
325	934
333	907
338	915
363	907
378	904
320	908
334	911
341	958
333	920
321	951
341	902
344	909
352	945
359	947
376	928
374	930
363	926
366	926
354	936
382	926
328	925
362	941
364	947
382	928
375	930
336	916
381	918
349	915
382	926
356	958
379	930
376	901
354	945
369	905
372	936
376	930
325	922
351	923
348	909
363	941
341	958
334	917
373	927
380	931
369	927
363	938
349	903
348	899
369	903
354	910
363	918
343	900
351	903
371	920
369	899
376	901
345	930
358	908
328	933
330	925
321	927
332	924
321	897
346	898
369	938
359	900
356	908
364	952
358	939
341	918
347	905
323	896
354	955
376	898
380	920
368	918
361	946
339	911
322	919
324	922
342	914
382	919
321	915
326	943
340	930
320	937
326	923
343	913
333	924
351	908
348	916
369	910
341	907
359	941
358	955
368	905
354	947
334	927
350	906
377	931
355	953
370	932
372	936
370	925
374	936
363	916
359	910
357	945
369	918
367	923
344	909
356	922
357	923
326	914
325	898
334	899
329	955
326	942
350	942
368	937
339	913
339	902
373	925
375	929
327	919
338	911
342	924
358	937
334	918
343	916
322	919
356	930
360	952
368	953
338	927
370	896
359	913
344	958
353	934
342	919
344	909
342	931
360	945
356	904
364	944
361	920
363	943
327	908
374	928
353	908
324	930
331	918
359	937
368	941
341	926
353	910
369	899
326	921
355	956
326	916
373	904
362	939
362	939
359	947
362	932
347	902
327	919
382	929
376	936
368	935
331	915
337	914
344	948
365	915
377	928
334	939
367	922
376	939
363	941
324	922
323	921
320	906
330	927
332	919
322	923
359	918
353	947
332	927
322	925
326	910
367	925
338	909
344	917
336	917
382	908
382	945
382	916
377	900
380	905
376	902
374	938
371	901
371	920
351	941
343	935
357	904
367	937
326	922
356	945
343	925
343	930
343	909
327	922
367	937
327	922
375	926
321	944
322	922
376	931
348	906
325	940
344	909
334	920
377	930
358	901
371	911
344	905
340	920
373	930
345	905
370	935
372	935
321	924
362	939
342	910
358	943
368	938
343	909
382	933
336	924
358	898
353	910
346	912
342	939
376	924
376	931
331	937
376	907
353	900
345	903
327	952
366	909
359	939
371	902
366	941
364	939
334	927
369	936
343	905
351	906
335	914
334	916
323	897
332	904
355	914
356	947
354	945
355	918
354	949
336	922
334	921
372	941
350	904
346	954
336	919
340	908
349	903
361	945
363	918
376	913
331	923
341	922
334	910
369	916
342	911
323	919
336	958
355	947
324	937
338	927
370	930
358	947
375	925
332	902
334	904
365	937
337	915
335	908
366	908
368	912
380	918
359	939
344	957
370	935
372	942
368	935
332	919
338	914
358	938
321	924
371	929
333	956
348	909
371	937
344	929
359	925
320	929
332	927
342	939
341	942
353	958
376	898
380	932
373	935
356	908
327	956
350	903
374	932
381	944
332	919
330	922
349	949
369	903
334	905
364	942
374	928
376	928
377	957
341	911
370	922
365	921
335	900
371	947
380	929
347	903
341	909
350	939
373	950
353	947
373	931
341	930
320	924
360	896
375	950
380	902
359	939
346	940
341	926
373	927
334	916
328	917
362	941
367	945
363	916
373	928
344	911
376	931
326	935
354	912
344	930
333	909
352	945
356	946
357	943
352	947
365	900
376	902
354	914
335	937
369	947
361	944
364	917
328	920
382	916
368	932
366	933
357	904
363	942
371	926
338	917
355	958
348	912
340	916
341	914
345	957
343	909
351	903
330	929
339	943
334	898
358	936
364	932
333	939
325	925
340	918
370	898
347	901
356	947
368	944
343	909
347	957
363	916
329	897
354	902
320	924
358	939
381	929
363	911
382	926
383	951
320	958
375	929
376	935
341	913
365	918
367	956
380	906
337	905
340	920
352	949
338	917
341	940
360	945
333	917
345	907
329	911
370	917
352	951
354	908
380	931
347	905
375	926
343	919
351	909
360	943
336	917
372	934
369	920
365	946
368	943
375	931
376	956
353	957
367	924
321	915
336	917
342	953
352	945
358	943
357	906
374	899
378	914
338	920
334	929
354	912
363	910
375	914
382	918
357	943
367	937
323	919
328	924
327	956
357	940
321	898
364	931
377	924
339	914
350	903
361	908
352	926
372	932
352	945
376	935
322	955
343	901
375	957
341	931
351	946
370	959
382	946
335	927
327	930
359	918
368	939
336	922
330	919
327	913
372	944
374	935
326	920
375	919
345	940
348	904
335	911
329	931
332	923
342	902
360	898
341	911
360	931
321	939
382	945
359	918
377	918
334	898
353	940
344	902
374	932
379	926
354	914
344	916
349	906
333	917
364	942
359	936
330	929
330	922
335	938
325	922
334	929
332	920
332	918
365	908
368	904
370	939
341	907
350	904
357	949
365	911
370	913
347	936
346	909
364	955
358	935
375	929
383	956
360	926
359	910
377	930
358	937
357	906
353	897
355	897
378	909
348	903
360	910
382	937
333	916
373	957
381	899
334	914
356	953
368	943
366	941
346	941
364	932
360	898
359	904
323	952
344	912
326	952
320	899
335	911
373	956
372	900
376	906
374	899
362	945
375	949
356	939
359	947
334	925
364	899
343	905
335	917
337	915
376	930
365	898
374	935
335	915
375	958
325	928
329	919
345	951
357	923
350	904
359	945
374	900
381	931
379	936
359	943
357	908
356	916
370	929
328	918
380	946
356	949
336	927
334	920
353	908
345	913
373	930
373	926
375	914
370	920
369	917
363	942
368	946
365	950
345	897
327	944
331	943
338	911
349	912
320	925
383	926
360	931
363	911
340	950
370	934
354	914
376	932
369	936
342	912
342	914
341	952
357	911
337	913
328	921
358	949
355	959
346	905
369	920
368	937
353	904
341	953
382	936
321	927
342	914
352	913
363	922
363	918
327	912
380	956
361	908
326	913
353	908
356	947
369	903
374	918
376	941
382	927
377	949
338	932
358	917
365	931
368	937
325	898
353	947
373	946
363	956
373	926
370	930
345	909
361	929
359	901
331	958
337	909
365	907
326	900
321	957
328	919
334	912
325	922
373	918
376	926
334	924
369	919
332	927
356	936
382	926
340	914
361	914
344	931
376	937
360	947
322	937
332	946
363	952
368	955
325	959
380	929
373	926
375	924
358	948
328	911
331	922
333	911
369	939
367	916
373	930
355	951
356	949
352	898
331	913
338	917
359	941
365	928
330	927
334	923
333	915
338	896
343	900
333	919
338	917
327	919
368	912
334	938
369	926
367	929
355	947
364	943
321	925
346	907
363	916
330	929
334	909
376	931
343	909
351	938
368	941
340	927
346	902
359	907
327	917
353	925
364	931
358	957
376	955
327	922
368	958
370	905
350	906
370	928
372	936
364	944
335	911
336	918
356	955
359	954
349	906
326	941
356	939
366	947
343	906
374	903
376	928
344	920
373	930
373	909
352	912
368	935
376	925
356	943
340	916
375	941
368	937
342	918
360	952
351	905
369	919
381	929
381	912
346	914
331	915
372	928
376	929
342	932
344	911
369	928
364	941
347	897
343	922
324	923
328	923
355	958
361	956
347	929
381	925
338	935
322	924
342	948
353	912
332	922
330	923
327	906
341	903
359	940
323	919
356	951
353	908
363	914
341	914
332	905
346	914
364	938
324	922
338	911
329	927
346	901
375	953
323	926
329	921
362	924
368	929
338	914
370	923
321	902
379	934
374	952
321	945
370	935
364	934
344	919
321	924
368	938
377	931
376	931
322	944
354	916
361	916
357	938
343	911
351	913
364	924
321	898
368	937
366	935
361	910
342	910
338	910
370	925
368	929
365	916
320	948
380	911
380	931
336	917
364	909
368	907
345	912
344	911
376	935
342	910
352	945
360	945
370	937
338	916
334	918
328	920
352	945
365	904
361	918
329	922
359	937
340	952
340	950
368	932
370	936
348	903
321	930
363	959
368	937
364	897
337	948
380	934
356	928
373	902
342	909
330	939
343	903
352	910
333	914
363	916
358	937
368	925
371	927
336	925
320	943
343	907
355	908
324	922
336	923
322	943
333	949
327	918
330	932
330	949
356	943
357	949
327	921
376	937
374	911
327	917
380	913
376	923
367	943
376	905
365	916
353	908
328	958
373	946
337	913
368	930
370	907
373	930
341	912
376	931
374	954
357	931
328	919
332	910
327	919
332	922
379	930
337	928
348	904
366	935
345	929
336	941
350	906
358	953
375	943
323	926
324	935
342	912
334	920
327	919
376	900
354	910
328	905
321	924
320	936
322	938
370	934
373	930
345	952
376	936
374	938
352	944
373	930
324	922
326	942
367	901
374	932
381	926
342	900
334	918
380	943
350	906
352	916
359	941
324	922
326	923
331	917
357	943
365	939
343	944
375	955
330	915
375	925
342	930
353	912
375	940
350	907
343	927
329	915
359	896
352	916
380	937
376	925
348	947
330	910
369	937
367	937
322	903
338	940
334	956
336	920
364	944
377	938
328	957
355	947
369	925
322	918
323	922
365	939
382	929
320	927
331	950
327	946
333	952
370	938
379	928
327	924
333	903
348	909
320	905
383	913
350	904
328	907
356	912
370	912
342	913
331	913
327	913
333	913
376	928
358	939
348	912
336	918
350	912
330	922
324	921
352	902
360	951
365	935
369	920
345	907
365	939
339	913
353	910
344	907
341	897
369	923
322	902
327	922
325	922
322	955
357	956
348	903
333	923
356	947
382	931
359	945
368	945
351	937
351	928
351	929
331	921
382	926
338	952
358	942
376	931
343	907
373	925
370	899
346	904
352	959
342	917
342	952
328	937
364	919
370	931
348	906
320	914
347	904
346	903
354	952
379	928
320	931
372	938
324	923
364	942
354	908
365	920
329	919
370	928
332	917
327	919
343	937
342	914
336	915
349	930
334	920
334	918
330	920
361	945
372	941
375	920
343	907
363	919
373	920
332	924
368	914
365	916
357	943
355	947
326	923
349	903
353	952
326	921
365	911
321	905
365	922
336	936
333	931
365	920
330	921
342	947
370	935
372	938
365	939
359	910
336	913
369	916
321	924
353	940
376	927
374	931
353	929
335	907
380	898
326	936
331	911
334	918
358	949
382	930
353	939
334	930
327	945
362	938
363	922
327	956
352	908
376	928
321	922
343	909
339	932
335	933
348	903
364	939
363	910
363	947
364	938
353	947
365	901
345	949
367	948
363	918
338	916
340	914
328	919
372	937
358	935
327	944
324	946
355	945
359	910
327	912
360	905
363	914
346	909
344	945
335	919
342	958
353	914
354	916
363	908
340	941
359	941
324	923
326	916
356	947
324	952
328	922
362	943
361	912
353	958
363	918
355	916
320	924
344	914
342	910
356	947
368	935
334	953
354	913
343	905
327	904
320	922
324	922
323	921
372	901
368	956
368	941
382	925
348	955
363	943
329	922
357	951
334	941
334	925
359	928
343	910
365	949
368	943
369	937
375	948
332	924
349	943
375	938
342	945
368	918
367	935
325	908
378	956
328	907
356	947
377	931
320	941
359	902
344	907
373	935
334	938
345	900
368	915
366	907
332	905
339	957
353	900
326	952
341	925
324	922
356	956
367	928
365	930
374	932
368	937
352	908
341	907
360	899
352	920
353	906
354	959
365	918
365	922
379	940
377	949
377	928
327	941
376	956
366	932
366	922
370	923
355	946
363	918
376	928
351	909
368	938
359	916
373	929
379	928
373	931
376	931
353	910
371	907
369	909
331	915
338	913
359	941
355	906
321	927
332	927
375	931
356	945
337	915
338	948
344	947
336	901
366	931
370	933
323	940
380	941
350	897
336	919
382	924
342	914
373	937
365	937
369	930
382	913
359	944
345	945
336	917
368	935
377	931
373	949
369	942
342	914
332	950
356	958
366	909
328	926
369	920
373	897
347	959
340	927
357	908
328	956
332	940
335	954
363	916
379	919
332	906
375	929
368	939
359	945
363	910
381	910
342	924
354	910
335	913
375	949
322	907
343	948
360	950
366	907
348	902
326	922
352	916
371	925
346	901
368	935
353	922
356	945
350	903
348	906
340	911
333	903
356	918
370	901
372	902
345	910
340	916
375	927
356	958
353	907
347	900
347	903
376	937
349	908
358	949
367	920
338	916
333	938
350	923
343	912
344	920
324	919
382	924
322	955
338	930
320	923
369	896
364	944
324	954
336	912
371	926
369	925
376	935
325	925
360	917
369	930
374	932
331	915
360	909
349	945
360	949
333	944
336	920
345	905
359	942
348	903
352	952
348	901
351	905
327	901
324	922
381	945
336	920
376	929
369	925
356	947
333	923
330	922
383	926
376	939
321	924
329	915
363	914
382	924
365	916
337	922
340	920
355	910
321	930
352	896
353	938
368	910
352	948
359	950
381	896
351	957
364	932
376	926
324	932
326	930
320	912
335	917
353	958
341	913
343	935
376	936
364	943
360	949
341	949
344	922
359	906
381	929
377	959
382	916
375	914
382	940
337	947
323	927
365	935
368	938
331	929
381	928
375	930
334	925
362	938
359	936
322	922
333	923
332	906
369	906
371	906
356	934
365	947
369	923
370	916
372	913
376	914
359	948
362	932
368	906
364	933
354	912
336	920
359	939
380	923
350	906
321	926
364	959
368	944
368	938
363	914
372	928
338	917
349	916
373	928
369	956
368	930
336	933
358	956
372	940
347	943
334	927
357	907
361	939
333	932
320	958
351	909
354	903
340	911
354	946
323	927
362	941
344	907
343	916
342	911
336	921
365	941
368	941
362	944
336	919
352	951
363	920
356	959
334	937
350	898
339	898
367	935
351	911
344	958
373	949
365	918
359	948
359	928
328	905
349	952
354	910
364	943
368	938
373	929
354	908
324	915
326	921
359	956
336	915
320	933
343	917
328	935
382	919
347	945
368	956
358	935
350	904
350	958
340	920
377	899
380	906
378	947
354	906
369	927
371	920
367	912
331	907
363	914
360	943
359	937
368	939
375	930
376	931
332	929
337	915
360	949
328	939
379	922
370	912
356	952
372	934
345	902
348	925
345	942
339	953
360	949
360	918
365	916
322	916
382	951
336	922
376	937
358	945
349	912
347	902
355	947
355	947
325	942
358	945
368	952
370	953
360	952
358	943
373	930
343	902
375	943
368	944
366	942
342	955
357	947
358	945
328	944
349	909
353	897
324	959
334	934
346	905
340	948
320	926
358	943
334	918
375	946
358	944
359	945
351	909
349	922
334	914
324	922
376	931
328	931
374	928
364	937
328	932
330	936
376	938
333	896
337	909
328	927
357	952
354	947
373	929
369	935
342	912
344	908
327	958
330	922
362	929
328	934
359	935
362	945
368	952
367	937
323	923
324	919
382	916
320	920
383	914
370	930
372	941
353	908
327	921
375	929
369	924
354	908
334	898
376	899
342	951
368	933
366	934
377	898
370	930
370	918
370	920
328	922
327	936
376	936
380	929
324	912
365	956
360	946
344	950
359	943
362	949
326	952
364	916
356	940
343	911
373	914
379	956
343	903
381	937
359	916
378	931
360	949
363	914
380	908
378	916
358	958
353	945
369	918
377	932
378	936
327	913
368	939
342	914
335	913
369	930
336	919
323	919
359	902
359	908
374	939
362	951
350	920
360	920
320	927
351	904
338	922
353	947
359	914
354	920
352	916
346	954
371	934
368	938
365	916
338	902
329	911
343	905
368	939
342	917
340	911
371	924
365	944
368	937
380	929
371	931
335	951
371	925
327	930
369	925
324	919
326	922
353	908
366	941
364	947
354	915
341	907
382	930
365	941
329	934
335	946
336	915
343	915
382	927
322	898
322	938
360	945
349	909
359	950
352	945
343	950
351	944
330	923
342	930
351	944
321	924
326	939
325	945
377	928
324	927
365	945
365	947
379	922
340	949
363	918
368	937
377	928
322	922
353	910
365	918
343	913
326	922
369	916
320	923
361	916
365	941
343	937
351	909
341	913
334	930
334	920
350	907
365	914
371	925
369	927
363	916
369	918
371	937
324	921
335	931
348	934
324	897
324	959
381	929
363	957
376	938
370	937
327	919
329	920
341	933
382	929
365	918
331	903
361	959
359	912
375	934
379	937
351	906
343	903
334	914
375	928
360	910
333	916
369	925
349	905
344	957
324	919
368	941
359	939
365	955
360	946
343	913
345	907
324	922
336	907
349	944
322	900
352	912
363	956
375	954
343	948
344	911
324	919
342	919
353	908
321	948
337	915
381	926
327	922
352	910
378	921
321	923
354	910
327	934
344	944
342	943
359	935
354	908
365	939
343	905
359	945
382	947
343	958
330	921
328	922
365	922
335	918
337	920
352	952
324	924
320	924
355	904
356	923
344	948
341	907
352	899
360	901
347	912
343	909
343	942
352	958
363	932
326	950
359	935
326	950
359	931
362	934
368	938
366	942
373	929
334	932
373	948
376	950
364	903
324	923
363	916
365	939
336	926
360	943
368	949
375	929
349	936
346	941
360	943
359	935
356	947
326	931
325	932
321	922
352	941
321	907
334	941
369	939
344	904
364	902
354	952
320	926
374	929
349	904
379	916
335	915
337	913
333	954
380	921
354	939
367	937
370	935
372	937
363	916
338	927
374	930
344	911
380	948
378	935
343	947
324	898
327	926
330	924
383	954
357	955
336	924
326	934
376	951
346	907
363	939
350	902
370	935
374	937
362	949
364	948
334	918
344	915
368	958
355	951
349	956
373	929
375	907
326	923
365	912
354	897
348	903
349	932
378	944
376	943
356	949
358	898
371	937
338	915
381	926
371	925
362	896
341	902
356	943
341	909
320	944
368	938
329	901
355	945
354	901
339	928
348	903
373	925
376	935
324	923
326	926
370	932
376	928
348	909
373	937
370	930
360	955
325	904
325	899
368	941
359	910
355	898
335	907
344	932
323	919
342	901
382	925
375	929
371	918
378	931
361	942
327	921
340	914
343	915
363	928
354	941
370	955
332	922
380	923
359	936
339	916
326	958
373	928
340	946
333	913
332	924
349	906
363	916
376	939
374	906
321	946
368	918
365	921
337	903
373	934
358	943
324	918
326	918
371	896
332	905
335	947
325	919
326	948
343	907
370	937
365	939
354	949
352	947
326	918
336	944
346	909
329	926
353	910
329	956
326	927
326	921
342	939
335	924
332	927
349	949
334	925
369	937
337	905
327	915
369	951
337	915
348	903
343	907
370	935
356	945
374	932
334	920
369	924
354	939
368	920
354	910
331	941
329	946
361	929
327	922
346	924
337	900
335	922
333	959
377	928
349	909
363	937
329	922
368	918
376	939
373	930
341	907
353	910
329	913
339	913
374	952
370	950
337	915
376	931
363	933
378	932
363	937
345	927
361	909
378	918
378	955
322	903
368	939
350	912
349	925
337	929
370	935
368	937
367	916
332	909
357	952
353	906
343	905
351	902
338	917
364	941
345	938
343	905
350	906
349	920
381	929
333	907
332	896
367	906
357	955
356	949
382	926
368	928
370	937
356	949
331	917
363	945
358	952
366	944
348	956
376	935
346	945
353	904
332	925
344	907
382	929
321	958
322	951
360	947
380	928
352	945
327	922
378	936
326	922
359	947
344	922
366	944
340	933
327	902
324	924
345	898
361	959
368	913
370	919
367	925
369	905
341	914
370	953
342	914
322	906
349	909
320	924
363	914
375	929
322	924
326	907
377	931
344	896
363	914
359	920
351	904
376	939
361	910
343	909
370	943
334	907
332	925
372	935
324	922
340	922
354	947
375	925
373	929
349	943
336	919
337	927
349	897
353	911
368	941
370	935
377	900
321	949
360	957
326	904
364	905
370	937
374	930
363	910
380	929
350	909
346	925
368	935
366	935
348	902
331	903
356	954
338	913
336	917
361	908
352	958
365	946
358	945
332	911
347	925
323	920
354	956
347	907
366	906
377	928
320	924
354	910
326	920
336	915
358	928
371	923
352	943
354	945
364	941
339	956
360	901
359	945
340	920
326	922
368	916
328	924
363	910
369	918
359	930
326	935
371	935
380	901
362	944
368	899
326	937
364	941
359	905
329	922
327	944
348	902
323	922
376	939
375	916
327	919
360	923
379	922
330	919
360	941
371	927
375	939
379	915
356	916
361	924
345	913
377	938
363	923
369	926
359	946
332	924
355	916
333	930
334	955
370	956
372	954
334	898
381	929
325	922
380	922
374	926
331	918
333	945
323	945
344	906
372	920
326	922
329	921
373	930
376	928
374	938
346	905
339	907
329	907
369	923
380	952
378	943
376	928
374	930
359	921
347	896
374	928
329	955
364	949
362	955
368	951
364	944
371	903
340	927
363	926
383	950
338	917
355	951
338	917
337	911
377	896
382	924
352	899
365	898
377	913
358	956
369	916
374	936
341	905
370	928
372	931
365	920
352	955
358	902
356	949
352	958
362	943
354	956
356	912
357	945
323	943
323	932
320	916
346	939
346	897
345	907
348	905
343	905
357	916
324	922
328	923
320	930
383	937
325	896
371	911
326	906
328	919
345	907
343	908
363	916
363	898
367	900
376	899
326	921
325	923
343	944
375	930
375	956
357	905
377	931
360	955
334	926
373	925
381	930
370	916
347	902
358	946
372	957
368	935
370	911
323	937
365	927
320	939
373	945
327	921
330	915
371	925
324	922
328	923
383	926
383	926
380	932
340	920
321	924
320	910
341	947
340	952
334	926
369	925
344	915
354	950
334	899
369	927
353	939
356	952
322	947
358	939
381	927
360	951
343	951
351	951
375	931
379	935
360	946
367	925
320	942
343	896
323	927
382	924
358	939
364	943
363	925
329	928
322	936
328	931
332	910
327	918
336	927
353	956
342	942
361	902
368	959
370	935
335	914
338	916
320	955
348	904
380	904
383	926
320	924
368	935
366	938
332	927
369	930
338	919
379	931
328	915
376	950
349	910
349	908
348	900
346	957
336	928
379	931
374	957
324	899
383	956
320	957
359	942
368	941
378	935
359	939
352	931
373	926
343	947
351	943
358	958
344	930
369	918
367	937
331	952
353	899
377	944
380	948
359	939
368	919
339	933
352	909
360	949
344	913
338	899
368	928
370	938
367	937
359	916
362	938
372	935
333	921
380	931
379	913
360	908
365	928
368	935
356	934
353	938
358	917
356	947
381	945
352	932
353	906
370	938
378	929
340	930
365	941
364	943
363	938
368	902
365	940
328	944
366	952
342	920
365	935
372	928
329	922
334	919
363	916
368	914
356	944
364	946
348	903
373	916
370	920
375	937
335	914
339	933
373	939
368	918
350	938
354	944
367	955
338	922
372	930
380	899
363	914
344	901
334	937
350	954
343	906
350	903
380	956
334	927
347	905
368	928
376	936
377	930
374	904
321	913
370	911
356	952
364	952
358	948
368	943
366	946
375	936
382	930
380	929
360	945
357	947
320	947
349	908
369	937
367	939
326	922
373	926
340	910
332	925
365	938
332	919
381	913
373	930
369	918
355	943
334	915
354	959
320	922
383	923
352	956
333	915
331	921
344	897
322	935
362	939
378	938
344	911
355	945
363	916
347	905
340	897
354	904
374	938
339	911
326	942
377	928
341	947
361	916
370	938
382	935
382	931
382	943
382	929
382	941
340	910
333	915
375	950
336	919
335	917
331	921
351	906
360	947
356	897
356	947
383	930
324	919
368	952
366	950
364	948
351	903
355	947
380	929
378	936
354	942
342	942
353	905
345	909
368	928
361	910
363	903
350	955
339	925
377	905
335	959
351	912
346	902
376	957
353	952
355	951
365	935
367	930
380	958
320	924
359	939
371	923
360	905
368	929
370	930
335	914
375	916
371	901
368	913
365	913
376	913
374	913
353	947
371	910
321	926
375	936
379	932
339	907
344	909
376	938
374	935
376	943
327	919
331	922
337	902
357	949
349	907
342	903
349	922
377	901
376	899
368	943
379	949
327	934
359	949
363	913
356	915
353	908
369	918
376	928
360	939
358	945
350	906
353	909
323	922
326	909
376	936
333	915
344	941
333	954
368	916
366	937
375	930
336	919
350	912
325	927
325	897
325	897
326	905
363	942
359	947
354	958
336	922
325	921
375	930
379	926
374	930
358	943
368	941
336	917
348	910
351	908
352	946
324	921
327	909
376	931
368	939
376	935
343	912
351	912
359	916
341	909
337	907
343	932
344	905
360	916
377	933
322	926
320	924
362	919
338	948
376	931
326	953
361	912
373	929
359	918
368	935
343	901
369	951
381	927
380	925
382	929
342	914
333	919
375	929
334	909
324	943
328	897
355	958
354	906
368	930
370	935
363	921
323	920
328	905
331	917
348	903
359	943
369	915
361	910
354	944
342	914
358	911
376	930
320	946
342	898
328	903
354	910
369	923
350	943
328	924
355	908
364	948
324	898
382	927
328	953
364	943
349	912
364	906
346	909
338	939
352	943
360	935
353	951
329	904
360	943
352	949
350	903
327	919
358	941
366	944
326	948
334	915
365	937
368	939
333	904
327	917
330	927
327	957
362	906
367	947
328	926
367	918
320	956
374	929
376	904
356	910
370	932
372	936
362	941
336	917
377	920
382	926
372	910
366	938
370	932
372	908
336	919
372	928
365	939
367	941
364	908
347	909
365	931
322	922
370	948
373	929
344	911
380	906
327	919
330	919
344	896
370	935
346	903
363	918
353	906
375	942
356	945
334	945
371	944
354	912
325	940
326	934
345	909
373	918
350	943
342	916
325	932
327	919
352	920
356	943
327	919
330	923
332	944
359	899
380	908
340	920
335	930
370	937
355	958
349	916
370	933
338	921
366	937
356	958
380	945
323	908
375	936
342	909
326	921
329	923
333	917
327	921
346	915
348	902
362	946
375	939
365	937
328	922
370	903
376	925
368	935
336	913
375	929
331	915
334	899
362	941
382	930
365	939
326	921
375	932
332	926
327	922
330	923
356	954
357	955
323	923
330	922
328	905
380	901
343	899
328	913
332	954
363	917
332	922
372	938
381	946
359	939
368	941
370	952
382	926
340	900
374	934
354	935
352	945
380	915
359	958
364	945
361	910
349	937
338	906
364	930
323	922
356	897
324	919
326	922
335	917
321	923
326	918
363	940
336	920
380	899
379	946
369	914
363	917
354	916
332	926
353	908
357	948
369	908
376	908
367	908
329	941
331	942
331	940
320	899
370	941
367	946
353	954
375	935
375	938
375	929
329	944
346	938
368	910
359	943
362	911
382	917
375	913
380	951
345	914
336	921
370	935
323	930
324	927
324	947
326	951
342	911
320	934
320	925
353	958
375	929
331	913
320	925
381	913
334	943
338	911
360	945
359	955
334	918
368	943
366	941
346	905
377	952
379	924
380	929
340	914
332	916
321	939
362	943
340	908
368	939
320	931
356	947
381	929
376	937
343	959
330	904
327	956
344	907
354	912
359	945
358	909
375	920
380	944
332	909
345	922
329	919
339	911
341	913
341	909
368	925
380	929
363	920
363	920
364	901
379	939
369	940
340	913
376	937
340	911
374	905
353	947
353	908
354	912
324	922
345	911
377	931
363	914
368	936
370	930
353	910
353	947
355	908
343	907
351	917
381	905
354	957
352	954
371	956
354	926
352	952
363	912
375	948
373	928
345	957
329	920
363	943
334	957
361	912
327	908
382	924
341	907
328	930
378	901
340	912
324	907
340	920
370	916
325	932
339	937
331	947
361	918
349	912
343	903
376	911
335	903
335	956
324	956
365	916
357	943
353	905
355	902
371	951
363	939
356	952
357	955
323	922
354	924
338	897
375	926
334	930
333	929
343	905
370	902
325	947
364	941
344	910
321	924
356	945
381	926
327	919
330	924
332	939
333	933
369	956
361	909
369	945
367	946
345	920
373	918
352	947
376	905
374	905
333	941
364	943
358	946
331	922
344	909
331	919
333	922
380	953
382	926
339	911
330	913
321	945
368	936
332	925
349	906
347	936
320	925
349	902
343	956
343	909
352	957
321	959
336	920
328	900
357	917
337	957
359	956
341	913
353	904
372	944
358	946
342	900
340	916
348	948
363	928
344	930
371	916
369	937
368	941
327	920
338	931
363	912
379	930
369	936
367	932
337	898
327	919
330	923
337	953
347	912
343	917
355	904
376	929
350	904
354	912
344	907
332	924
371	917
369	925
348	903
329	930
361	943
368	943
347	903
329	907
372	908
332	899
332	918
365	943
356	899
368	939
359	937
329	936
323	944
321	923
324	938
333	915
380	931
364	900
355	908
342	909
356	947
383	924
330	922
341	903
339	897
337	904
381	939
337	915
379	925
340	955
335	920
342	908
349	898
338	911
348	909
346	905
330	920
342	956
368	935
382	901
332	920
362	912
359	945
340	918
336	922
349	908
353	947
347	905
336	931
361	950
328	922
334	923
379	936
337	911
359	900
359	941
335	932
370	951
356	946
362	948
334	921
324	929
344	940
342	938
353	896
355	958
341	909
334	914
372	928
359	918
362	937
369	925
337	917
361	918
365	925
363	947
368	899
369	918
352	912
345	901
343	942
327	922
342	911
367	937
373	926
369	918
355	943
330	922
328	923
344	906
342	959
354	916
327	913
330	924
340	919
326	922
329	921
380	931
348	903
334	920
366	937
375	898
339	906
332	923
334	917
369	920
340	911
333	921
382	896
374	931
368	941
322	958
332	926
351	938
344	918
343	909
370	928
372	936
382	925
383	924
372	935
339	913
337	911
352	941
321	919
323	914
324	922
382	925
364	943
376	930
363	910
363	916
328	922
370	937
372	937
359	900
362	901
368	898
378	932
363	918
350	903
356	947
330	917
361	911
363	916
371	926
354	956
376	931
328	937
376	937
354	903
365	908
337	945
357	907
329	944
356	930
358	946
333	905
354	910
349	914
368	926
365	938
333	930
359	938
322	944
368	937
341	907
334	931
363	953
357	945
344	939
320	902
364	955
367	925
359	957
334	935
369	930
337	919
346	903
362	941
365	954
339	901
364	943
358	946
380	950
368	959
337	959
334	917
321	937
383	904
347	906
326	956
327	927
340	942
358	949
348	956
345	928
372	935
377	931
373	918
369	941
365	939
328	898
371	931
380	935
323	902
350	908
376	943
339	945
360	941
370	937
337	915
341	922
374	932
355	958
352	916
370	912
371	927
373	934
370	922
334	925
332	926
338	937
368	941
376	928
364	935
335	926
344	909
364	940
375	958
366	935
333	915
329	915
348	922
348	897
348	903
379	914
348	903
347	951
373	899
353	935
353	934
332	958
338	932
377	935
339	925
382	935
374	936
354	916
352	945
331	952
350	903
376	952
371	899
350	903
351	907
327	898
333	923
320	943
359	943
366	944
320	925
349	937
334	899
382	929
383	921
359	908
376	932
371	925
343	909
368	935
365	917
365	930
368	922
344	920
360	951
363	918
326	921
361	944
359	938
346	902
342	934
326	930
323	919
371	929
348	940
344	916
382	958
340	920
350	898
368	906
366	904
363	916
368	951
348	902
348	903
325	920
359	939
358	959
358	939
343	898
344	909
337	943
377	948
328	919
359	951
357	900
354	956
359	899
370	938
380	925
375	937
369	941
359	916
336	919
337	957
380	908
359	909
356	958
375	929
335	951
338	911
337	942
344	900
381	935
330	927
327	927
326	957
361	912
344	926
373	925
339	913
363	918
357	955
373	930
337	912
372	946
370	928
343	905
351	903
324	922
322	947
376	916
333	935
332	914
320	959
383	897
320	947
345	943
359	958
340	958
336	918
361	930
334	927
379	932
377	936
376	925
369	896
373	925
375	934
336	931
369	927
332	916
370	921
373	924
377	948
382	905
328	924
369	923
382	930
382	925
369	936
367	932
354	908
379	932
353	944
355	945
326	944
349	906
320	926
364	943
328	947
326	909
377	938
372	939
359	936
325	922
322	926
352	947
324	951
358	916
337	911
335	913
370	935
324	911
355	951
351	954
320	923
383	922
350	932
352	939
362	910
383	910
359	939
351	910
371	899
353	912
343	947
350	958
371	918
373	925
332	932
368	954
353	949
332	926
358	944
364	942
337	913
326	925
354	912
363	918
361	945
350	897
354	955
373	896
378	902
354	912
336	909
382	906
350	899
332	924
324	921
329	921
341	913
369	913
367	937
363	950
369	948
348	912
351	909
333	919
353	903
343	904
362	943
364	949
375	929
353	897
331	915
325	956
335	913
373	925
364	944
368	943
356	924
341	910
343	913
345	905
333	909
349	959
359	939
358	949
353	903
340	927
327	922
327	923
368	905
359	939
346	925
345	935
370	935
375	929
348	905
369	954
373	950
367	935
348	911
352	947
334	920
361	926
375	930
331	930
375	916
368	896
376	928
359	916
363	949
345	938
377	916
371	909
338	903
339	931
353	904
362	918
326	901
376	918
352	947
355	958
364	929
333	913
331	904
368	939
357	907
351	914
340	958
328	923
378	937
345	910
349	957
350	903
335	913
352	918
382	927
320	924
327	922
336	920
381	899
327	931
380	939
371	927
349	912
324	922
374	917
376	924
358	897
334	954
339	937
339	919
339	924
339	920
339	923
339	927
360	944
326	934
322	948
359	945
363	916
366	934
322	911
332	898
370	897
328	930
382	935
337	934
321	925
335	917
339	910
344	911
355	945
335	917
377	939
356	954
373	929
347	927
371	924
369	896
349	916
353	908
320	911
332	929
342	909
349	896
324	921
366	927
377	956
338	918
378	955
369	945
349	906
353	947
353	922
345	919
370	930
338	926
368	902
375	950
323	909
361	916
321	924
327	942
381	929
380	904
351	932
354	933
371	904
376	897
373	928
331	922
333	940
322	946
363	916
327	917
373	929
375	921
330	919
370	911
363	918
327	922
371	925
327	916
327	927
327	921
326	927
353	897
342	923
345	902
367	901
326	922
353	908
350	897
379	928
338	913
356	949
327	923
326	897
349	899
353	950
329	921
355	958
378	906
350	906
349	904
354	916
360	945
327	923
361	939
370	919
376	917
346	921
352	908
354	906
341	920
321	922
342	914
340	907
328	958
374	941
375	924
356	949
358	947
340	939
373	950
326	923
336	927
354	916
376	956
356	947
340	937
331	917
349	903
359	931
363	904
334	927
344	917
353	898
334	931
365	941
368	944
327	924
347	903
348	907
378	921
369	937
376	916
374	943
376	896
374	928
322	928
354	924
359	898
324	927
354	908
334	920
341	909
382	933
369	925
344	912
364	939
321	958
371	924
352	939
355	916
360	908
379	958
344	910
380	937
364	941
328	916
356	952
371	925
353	905
340	914
382	907
335	913
322	922
366	938
341	913
324	922
326	923
365	923
344	909
348	903
364	940
368	934
356	957
358	943
329	941
340	918
341	927
323	900
336	921
355	936
370	934
342	911
333	914
353	897
331	922
330	921
328	944
364	939
334	927
381	928
363	939
368	916
362	945
337	936
352	916
363	939
380	928
378	931
324	927
360	940
334	920
356	950
373	926
376	931
359	915
360	923
363	945
327	922
368	938
381	924
342	910
332	920
326	917
375	931
324	922
326	921
338	941
360	947
326	922
381	929
348	907
342	935
349	912
350	900
343	945
375	933
368	940
369	925
342	956
354	901
342	899
327	903
333	900
338	917
336	922
343	912
340	914
375	930
341	910
356	910
357	947
343	909
351	909
349	959
364	943
347	905
334	925
369	925
327	896
369	931
367	929
383	929
372	935
377	931
372	934
357	958
334	914
338	897
334	927
361	939
339	940
334	937
369	925
330	955
348	900
349	914
362	914
354	916
320	947
375	923
332	926
376	938
347	922
358	950
321	904
360	919
322	926
371	925
372	944
351	903
352	945
345	920
382	926
340	914
379	935
376	932
371	924
355	896
353	917
327	922
376	939
353	908
352	943
352	909
341	909
343	902
372	897
346	905
348	905
326	922
376	934
376	925
328	915
329	952
342	914
328	943
324	941
363	950
369	920
360	913
341	911
320	916
370	940
338	948
354	914
337	919
380	935
352	910
349	903
354	912
360	949
372	935
355	943
333	957
350	916
363	945
368	943
359	947
354	897
373	925
326	932
322	944
322	927
365	918
344	914
342	910
357	930
341	912
368	926
328	923
334	922
333	915
344	905
332	919
334	925
340	918
352	945
353	958
352	941
355	908
363	916
341	911
343	909
333	937
370	930
349	912
374	938
350	910
333	915
348	922
354	923
335	935
376	931
342	912
373	930
342	911
359	948
368	950
334	920
369	920
360	947
376	904
336	920
373	901
353	945
329	929
327	923
364	941
370	922
360	939
369	950
329	908
359	931
328	919
328	922
369	918
327	927
333	924
380	931
352	945
338	917
356	951
349	905
349	914
370	931
349	903
360	941
331	918
344	905
357	952
342	914
337	937
322	900
320	926
383	951
376	936
374	932
353	899
332	921
348	909
334	948
373	931
356	951
347	907
363	922
337	915
336	920
340	932
368	932
366	938
350	926
349	930
355	947
360	942
364	946
349	909
363	908
356	951
330	927
327	924
375	929
358	948
331	931
340	918
364	935
364	938
376	929
376	928
358	922
341	947
337	942
339	946
334	898
326	943
354	927
361	943
342	945
336	922
349	897
361	937
332	917
344	909
350	911
359	939
347	918
348	915
354	929
354	903
343	902
341	909
320	919
352	908
334	919
328	924
321	924
361	914
334	918
365	938
370	935
327	908
332	903
330	904
337	943
362	937
356	945
335	907
334	920
368	899
349	903
368	928
366	935
356	948
368	941
337	901
367	929
346	909
369	930
330	929
321	924
369	937
367	942
323	927
376	930
327	922
346	911
348	897
349	906
368	935
377	931
383	951
382	925
375	931
345	958
343	896
376	944
374	940
359	949
368	943
329	931
354	908
356	941
357	951
327	921
323	932
362	943
368	913
377	922
349	933
325	916
375	933
332	903
336	951
329	917
376	928
380	918
370	935
359	901
343	906
351	903
355	949
369	930
338	919
377	931
381	929
365	916
327	919
352	939
363	916
368	935
320	924
325	927
355	896
354	954
331	917
362	939
347	901
324	948
344	914
356	947
362	925
334	916
369	918
336	900
342	947
356	919
365	939
334	955
380	899
324	917
366	939
337	919
369	942
343	909
326	922
334	915
356	947
369	913
368	926
369	922
333	944
353	957
335	909
365	941
364	916
363	918
372	942
358	943
376	932
374	931
356	944
356	943
337	922
342	909
369	918
324	923
329	922
354	940
322	948
336	911
365	941
360	938
327	919
357	909
358	907
323	908
361	931
352	920
353	910
326	911
325	952
321	906
375	949
380	929
353	913
343	909
351	909
366	938
355	897
349	912
368	937
380	931
378	932
372	934
376	945
377	946
374	943
323	951
376	945
324	922
326	923
344	953
373	929
363	918
369	931
381	944
363	939
371	920
365	928
327	901
358	937
350	898
368	918
357	949
356	943
348	939
329	912
324	903
333	924
354	924
349	909
320	929
381	914
354	912
368	920
350	940
325	914
369	942
344	913
335	915
380	911
375	913
375	952
376	948
379	950
359	947
344	956
374	929
363	920
361	930
335	937
320	924
332	921
375	929
334	911
382	959
327	922
380	929
379	926
369	941
373	918
367	901
357	919
369	922
370	945
324	923
348	900
347	956
337	907
343	908
326	946
321	899
371	925
377	905
376	930
340	920
327	904
380	930
376	958
374	938
334	919
340	920
365	937
368	937
334	918
334	945
363	949
322	924
363	945
369	946
367	945
359	943
340	937
326	908
350	911
334	917
369	931
368	937
327	914
354	906
320	927
371	929
327	930
368	918
348	959
335	915
379	929
324	922
333	931
327	929
331	946
376	931
377	928
368	918
363	912
368	935
330	927
382	926
370	939
376	956
354	906
379	903
321	898
368	920
370	930
337	948
345	928
370	930
377	924
327	919
381	901
336	932
359	896
362	941
361	914
338	917
372	936
325	900
326	914
325	933
326	957
378	951
370	944
321	956
334	935
322	958
364	906
341	913
334	922
350	904
327	919
334	919
345	901
321	950
355	941
346	925
335	913
337	920
332	924
376	935
334	917
363	920
374	941
347	940
338	916
354	959
321	958
353	910
369	953
369	937
369	930
373	933
320	924
369	936
367	932
345	930
359	911
352	952
341	920
376	959
348	907
345	956
334	927
366	939
329	921
321	925
383	924
340	919
356	955
354	945
328	922
366	935
339	911
325	906
329	957
320	946
321	919
321	919
353	898
343	903
333	937
364	899
356	910
352	945
374	928
343	903
351	903
327	927
370	901
333	899
327	917
328	937
320	925
355	916
332	917
336	920
366	947
376	896
327	915
363	918
372	930
370	932
372	933
364	944
371	901
330	952
348	899
332	924
369	898
350	898
334	924
382	932
369	933
341	932
322	931
320	912
343	928
345	917
334	907
369	945
360	943
356	949
348	906
350	906
365	937
356	947
336	937
342	916
349	906
356	949
321	919
359	946
372	906
379	898
324	903
382	923
353	958
327	922
356	959
322	914
346	924
334	937
369	920
344	906
347	951
348	940
356	907
348	906
332	905
350	944
373	930
363	918
361	916
368	937
323	922
352	947
360	900
370	936
372	942
373	925
377	931
348	948
331	946
333	915
321	901
365	951
336	922
336	921
336	905
375	929
353	907
334	906
369	905
373	949
325	920
332	926
340	918
342	941
367	913
320	924
352	947
359	908
326	912
370	925
338	911
352	944
327	927
326	922
372	935
359	917
353	958
354	896
354	914
377	957
377	928
370	928
373	929
336	916
367	938
353	910
350	912
324	922
379	931
375	903
368	943
349	912
372	935
322	924
325	929
342	931
378	920
322	916
320	947
376	935
355	918
347	905
334	942
336	924
373	946
366	896
346	932
365	922
368	923
359	943
371	932
327	933
345	912
343	899
326	922
377	928
326	922
342	911
348	900
324	920
376	928
355	955
353	947
376	928
374	938
352	912
334	935
335	956
357	911
362	913
372	941
358	952
380	931
376	938
333	917
341	915
362	903
340	919
334	924
338	914
371	918
374	930
340	914
320	946
336	953
371	909
346	937
371	908
341	943
323	923
358	910
365	954
368	935
345	905
333	927
366	929
377	919
332	922
353	932
342	903
364	941
360	939
382	919
327	911
321	910
329	955
332	916
328	946
365	910
363	945
377	897
338	917
373	930
370	957
334	927
382	926
356	951
370	925
368	920
328	919
379	924
328	924
354	906
342	913
343	919
359	939
369	909
333	926
322	923
350	915
332	914
321	932
382	926
321	896
377	953
357	938
382	930
369	925
365	943
368	939
353	897
349	936
321	922
377	935
335	912
371	918
324	941
342	906
354	957
359	897
358	946
376	943
322	923
373	930
327	899
341	936
328	919
337	915
332	924
354	906
366	946
338	947
332	926
327	924
330	923
368	932
373	930
371	927
354	955
372	946
370	915
373	937
353	949
363	914
320	931
365	942
368	944
382	936
381	929
330	917
345	907
370	902
360	945
337	949
350	926
347	952
336	897
363	925
332	923
363	935
332	913
355	910
349	912
344	927
343	928
343	920
356	947
340	917
350	904
374	945
338	930
342	916
352	910
382	904
332	945
363	914
354	908
372	904
337	898
354	905
351	899
332	923
338	914
366	939
333	921
331	937
371	923
326	933
343	896
372	912
370	938
360	945
352	956
382	922
356	901
333	945
382	932
370	941
350	942
324	924
376	930
321	954
366	928
329	921
355	947
334	913
335	913
325	904
322	925
320	930
378	913
355	955
363	956
381	948
337	911
356	947
382	924
322	924
356	908
355	897
328	924
323	904
342	959
354	910
362	929
357	937
369	949
380	933
340	923
349	931
349	903
368	939
379	898
380	932
378	936
356	947
350	954
353	904
341	913
327	923
356	947
349	912
340	920
342	900
343	926
337	913
338	914
371	930
334	937
324	905
334	903
368	944
347	928
340	920
364	943
359	897
352	957
360	943
345	913
336	932
334	918
373	912
337	896
345	912
343	907
377	931
338	917
363	944
365	949
368	939
354	914
371	940
353	904
326	930
359	956
361	917
324	913
323	921
332	919
347	914
347	930
347	925
356	956
356	952
357	950
334	927
329	959
327	922
376	928
335	913
342	914
343	922
363	915
320	942
339	934
383	926
350	903
382	925
320	925
382	952
358	934
322	924
359	939
355	932
345	909
343	905
355	897
353	908
325	923
368	944
378	951
380	947
342	939
377	928
343	910
347	903
344	913
373	926
369	929
368	943
362	943
359	949
366	938
332	925
346	905
357	918
376	940
357	952
383	926
382	926
336	900
363	937
340	920
371	927
352	945
359	922
357	951
346	905
331	908
374	928
382	928
356	945
343	902
333	921
344	956
342	914
343	909
351	919
341	945
382	903
346	907
361	909
370	937
366	896
349	910
349	919
375	929
333	925
353	956
372	953
382	927
334	956
378	919
344	915
359	940
334	910
353	905
352	914
361	914
351	932
328	922
328	923
353	913
354	905
355	927
350	902
370	937
380	896
378	898
371	930
354	910
356	945
375	929
358	941
364	907
350	906
336	922
327	919
324	922
371	924
343	925
358	928
370	928
361	909
366	941
348	898
376	956
343	955
339	949
323	922
350	958
353	896
355	947
364	950
356	950
369	920
369	935
343	903
325	957
364	943
375	929
364	941
332	925
358	944
327	904
338	910
366	929
325	919
356	945
357	916
353	945
361	914
321	919
365	937
369	920
375	923
370	932
344	907
365	924
361	912
332	916
363	920
345	907
327	922
375	929
341	903
352	908
365	937
380	930
378	932
334	927
377	957
343	905
369	952
363	948
345	941
343	943
342	912
344	906
372	936
334	920
378	931
342	910
352	959
320	924
352	920
343	903
370	941
327	919
330	927
345	896
343	897
355	904
379	918
320	924
381	917
373	934
344	955
337	915
349	909
328	905
328	903
328	907
359	949
368	943
337	959
356	947
331	925
380	932
343	897
374	929
382	931
332	901
371	925
361	942
333	926
371	924
342	930
340	907
364	915
353	945
355	943
321	954
373	908
334	922
373	925
346	928
373	930
344	913
327	902
343	909
345	917
340	918
364	950
359	939
368	928
355	924
352	926
341	899
347	933
343	956
326	955
329	954
334	917
382	956
352	910
344	909
341	914
361	914
370	935
338	914
376	936
374	932
344	898
332	926
358	946
328	922
364	913
359	904
379	922
324	921
341	914
371	927
337	915
358	943
327	932
364	938
338	911
334	919
369	930
376	929
374	929
375	929
337	924
373	917
320	948
373	920
380	911
343	920
344	908
330	918
354	916
321	923
354	899
346	896
341	907
324	957
359	908
376	928
373	925
376	929
336	919
336	919
340	899
363	918
358	955
355	955
332	902
342	904
325	899
353	943
369	900
342	909
355	898
360	944
334	899
369	901
353	942
354	940
352	945
334	923
369	919
359	927
373	930
376	932
369	943
339	900
336	914
337	913
334	919
370	941
367	925
368	939
363	914
368	945
364	934
368	953
329	932
381	954
363	914
370	952
373	955
376	897
370	904
345	956
342	911
349	903
349	909
370	938
377	936
336	932
351	907
344	915
358	945
332	918
375	906
355	939
356	916
330	927
359	941
344	907
340	918
329	945
351	903
363	945
364	941
359	941
337	926
331	943
327	949
352	912
354	948
368	945
375	930
328	927
345	907
371	945
371	920
342	911
340	916
351	900
322	909
338	921
358	955
343	903
363	914
363	945
369	920
324	922
373	929
359	937
373	947
360	950
326	946
359	939
362	941
351	947
382	933
383	948
370	935
337	957
335	951
345	925
324	956
371	925
370	918
372	935
369	923
375	926
329	897
326	940
335	956
336	914
343	913
351	905
345	916
357	943
352	908
361	938
346	907
351	943
344	944
343	909
349	951
358	910
361	910
364	900
368	918
329	937
367	930
377	928
328	922
324	927
328	926
339	921
322	923
359	939
343	904
341	922
332	921
337	907
368	944
366	943
333	919
335	953
346	905
327	927
368	924
354	945
356	947
360	945
376	948
374	937
325	950
356	926
356	947
353	902
356	920
360	949
358	941
368	938
373	929
376	931
374	928
360	917
382	931
340	916
347	901
355	896
365	949
365	947
351	924
344	920
338	917
334	911
334	915
344	912
360	918
364	920
376	946
364	948
336	951
377	899
370	930
341	929
358	925
347	935
349	917
348	903
341	911
323	944
356	943
360	897
379	931
356	952
357	930
368	935
366	938
341	956
357	951
339	899
380	931
336	942
351	956
341	923
323	939
381	929
329	943
327	949
377	913
380	918
361	910
343	932
343	933
341	934
365	899
359	943
322	922
380	910
336	917
331	920
368	940
365	938
375	929
379	945
377	930
352	945
354	908
381	920
354	905
344	909
329	916
364	944
350	903
352	943
345	955
364	909
327	922
329	921
363	930
359	943
352	910
337	920
342	903
376	929
350	912
380	911
343	907
342	909
347	900
326	903
341	901
337	898
337	924
320	915
331	951
327	917
347	927
350	915
331	926
345	913
359	959
373	930
370	925
365	941
368	935
382	955
324	922
326	921
371	935
368	939
366	935
359	941
375	924
376	906
335	915
361	916
364	938
337	913
350	945
343	954
335	915
365	937
364	924
353	904
335	913
361	930
363	908
382	926
376	918
340	914
334	918
369	920
379	905
321	927
353	896
341	900
352	943
360	949
338	920
370	930
364	922
382	924
342	909
353	943
361	929
351	902
350	958
320	926
328	956
339	930
347	954
350	956
380	918
363	918
352	946
381	959
324	927
326	922
363	916
361	918
341	907
330	919
370	928
338	930
359	945
355	910
376	928
375	930
354	910
365	941
368	939
376	931
370	928
359	922
380	916
341	906
345	959
344	919
352	922
343	907
334	918
377	931
373	918
371	929
332	930
360	937
381	943
338	904
336	927
333	919
361	948
382	926
322	936
375	929
324	952
326	946
371	918
330	919
368	935
328	905
325	924
341	912
344	911
356	943
360	949
342	917
352	910
327	938
375	920
368	916
369	907
363	917
345	949
375	951
354	939
342	947
357	946
361	930
377	931
352	947
370	928
352	945
360	947
370	937
328	922
330	923
324	899
334	905
363	914
344	952
353	936
358	948
352	910
360	945
362	941
368	942
329	922
369	937
354	909
327	922
358	941
354	943
352	949
377	931
369	918
342	912
341	935
343	913
353	929
370	950
375	929
376	928
363	918
329	913
327	911
340	905
348	912
370	919
372	908
365	902
377	918
356	945
325	958
377	959
344	907
346	957
326	944
359	916
373	943
348	939
334	918
336	921
376	931
343	948
341	940
373	937
327	915
342	914
327	922
324	922
326	921
353	944
355	949
365	943
353	910
355	941
332	948
369	946
359	938
365	912
334	925
368	939
370	930
368	916
335	927
342	913
330	953
334	917
360	939
358	952
364	943
342	946
359	939
345	897
352	908
353	899
335	917
376	930
362	957
324	918
326	918
382	933
352	947
360	945
332	919
369	929
364	943
327	922
324	930
368	959
363	957
320	925
364	950
345	914
361	916
352	922
335	911
341	940
360	910
359	941
379	931
353	956
348	941
350	952
363	930
365	937
329	915
329	941
344	913
373	918
354	910
325	942
355	934
326	917
339	924
361	906
346	907
355	897
337	935
335	936
334	933
364	945
335	909
345	907
363	916
321	905
350	905
361	914
382	929
341	913
374	927
357	943
364	949
332	924
347	902
364	941
350	936
362	929
321	903
358	945
367	908
344	913
369	941
321	927
327	922
330	923
357	953
342	912
326	922
373	923
343	905
365	935
368	939
334	917
355	943
356	949
357	943
345	954
334	910
368	944
362	918
353	912
329	919
349	939
334	921
334	919
349	907
350	911
327	931
336	924
337	919
363	918
334	917
342	912
363	916
369	909
376	907
366	948
355	959
320	926
356	930
334	913
332	925
376	930
345	907
347	903
340	920
364	944
336	920
371	946
325	940
326	942
355	910
377	931
323	923
321	922
321	922
373	929
353	945
355	943
359	939
336	920
363	932
368	933
359	896
343	905
321	952
330	943
334	948
382	946
340	939
338	917
326	934
333	915
380	930
358	896
334	919
353	947
382	919
359	939
378	929
383	930
356	954
321	927
347	900
326	956
371	897
369	930
367	900
330	922
375	929
361	908
320	929
321	903
349	903
341	905
382	923
368	939
334	939
369	913
366	954
359	916
356	951
382	924
381	921
367	941
365	943
327	944
334	942
332	917
331	922
369	932
370	936
367	936
375	931
365	940
376	932
375	930
322	922
326	902
366	929
349	942
363	941
368	928
331	950
327	925
349	909
339	930
321	941
382	925
349	906
354	910
382	938
338	930
367	900
335	915
341	920
341	907
349	912
367	926
370	931
372	930
334	919
368	937
338	920
334	920
345	903
343	952
359	945
330	916
367	920
369	920
360	952
361	942
383	955
365	939
334	937
377	922
383	933
351	914
349	912
356	947
377	955
360	959
353	906
349	898
331	912
331	909
343	909
351	905
364	924
351	907
366	950
364	948
349	906
324	921
355	918
357	943
335	938
375	930
335	911
347	957
345	923
356	918
335	938
343	912
325	915
369	907
367	921
380	921
346	912
349	907
346	940
370	935
371	897
367	958
375	929
379	909
326	922
336	946
336	897
338	908
326	950
369	930
353	923
352	919
365	907
352	947
373	925
346	918
365	930
368	939
348	912
340	958
362	945
356	956
353	897
355	910
326	934
329	935
358	946
343	907
321	933
369	928
350	916
367	937
343	905
364	937
364	943
372	902
367	900
361	909
348	901
343	912
363	918
351	905
338	903
338	915
349	909
376	941
358	950
333	921
330	927
371	925
364	941
364	929
359	916
344	954
348	906
343	907
330	919
368	937
370	906
350	910
360	944
368	946
327	927
369	918
350	906
348	931
381	918
350	930
324	935
372	948
367	937
356	910
322	920
350	906
328	924
358	947
353	959
341	913
382	925
383	929
321	924
376	905
374	905
330	917
323	919
338	902
336	919
375	950
376	946
367	943
369	948
328	927
334	915
327	899
370	904
372	958
331	919
382	920
334	920
369	959
364	944
368	918
364	904
322	925
378	931
377	932
379	928
359	916
348	904
329	922
383	924
320	924
321	924
354	941
352	947
367	930
334	899
369	922
367	923
359	901
322	913
321	943
373	949
363	951
350	956
333	915
336	919
323	915
321	925
354	954
356	958
332	920
330	927
331	913
343	907
374	933
373	918
359	918
353	947
341	909
332	919
343	903
368	907
364	944
366	911
373	951
355	906
369	898
367	904
356	954
359	945
333	922
324	922
372	936
379	959
376	927
323	921
334	924
337	927
352	919
363	918
373	916
333	907
329	921
327	921
325	923
361	939
369	941
365	936
339	913
322	922
345	907
382	924
327	954
380	940
378	942
338	917
377	931
352	943
360	947
347	903
380	931
334	922
369	923
383	959
330	922
321	923
368	901
323	915
321	924
343	903
330	922
328	924
328	919
355	931
344	943
358	958
366	959
382	926
376	948
338	921
330	952
334	950
359	949
364	945
322	915
352	949
341	943
365	949
363	959
344	958
381	901
371	940
347	918
359	916
337	943
335	945
374	913
334	927
342	912
333	952
345	946
327	946
330	952
358	953
358	929
353	906
329	919
342	906
376	930
347	905
376	915
370	940
337	952
368	946
340	917
361	920
368	941
366	941
370	944
370	937
336	908
326	919
324	921
370	908
372	908
352	945
357	925
333	952
359	900
356	943
372	930
375	926
379	929
327	917
330	939
372	932
368	936
338	915
365	937
344	921
322	922
383	923
373	938
325	928
346	947
376	923
334	948
347	957
325	905
344	947
369	910
327	923
355	908
335	917
337	920
337	917
364	937
349	904
360	925
356	945
375	936
321	938
374	899
338	911
359	956
344	911
381	955
359	959
373	930
375	929
376	929
341	913
356	948
368	935
335	918
322	923
372	959
367	955
376	946
326	920
367	932
365	938
342	906
350	902
344	909
372	932
362	927
369	916
334	927
369	922
376	958
346	905
367	956
321	949
358	958
348	903
360	902
365	951
352	957
340	949
381	920
327	922
335	913
330	925
370	927
343	954
341	956
359	944
362	931
328	928
329	902
353	937
356	945
336	908
338	909
373	952
336	925
334	949
350	910
360	932
322	947
333	926
334	929
340	912
380	939
345	956
341	951
352	932
342	912
337	930
359	944
352	898
334	930
337	911
379	928
356	951
369	937
367	930
321	924
365	930
369	921
350	920
321	926
359	932
355	958
359	945
339	953
346	946
356	949
329	953
347	932
369	920
372	900
322	926
368	938
366	926
327	934
342	923
328	936
350	899
332	927
333	922
377	903
354	915
344	913
343	902
351	900
371	955
362	945
327	948
370	926
376	937
321	926
349	948
338	911
365	899
369	946
359	952
355	899
334	958
343	945
378	955
344	911
327	922
330	923
380	929
327	922
330	923
374	958
376	930
355	949
348	899
370	905
341	911
320	913
340	920
327	898
327	919
359	939
329	921
371	929
328	930
322	936
358	954
336	915
358	943
368	935
330	904
359	911
346	956
340	921
343	911
371	948
326	942
353	900
373	959
355	949
363	947
373	926
369	935
363	922
382	937
358	924
336	914
361	912
337	943
358	950
344	911
346	938
362	931
359	938
364	942
356	941
370	944
341	913
379	931
326	910
329	932
381	898
353	950
356	948
344	938
359	916
373	903
371	939
338	925
335	918
344	915
325	947
323	906
320	907
365	916
338	920
326	898
361	959
356	948
369	944
356	903
373	930
368	944
334	915
328	925
332	924
358	910
363	909
328	945
375	924
356	946
337	915
332	921
373	930
382	926
369	913
348	900
350	930
367	908
370	903
369	918
329	922
337	924
333	923
334	929
352	914
370	944
373	954
354	898
331	929
322	930
369	930
367	938
380	956
368	935
341	911
372	938
372	936
346	898
360	943
364	941
339	906
341	911
347	919
370	933
351	953
324	916
326	920
326	958
375	944
363	918
329	923
368	916
334	956
380	919
373	943
359	922
368	944
371	925
369	918
381	913
375	933
379	940
345	954
372	938
349	906
344	911
380	929
337	948
375	959
355	955
352	940
368	923
324	919
334	942
359	943
323	929
354	912
349	906
361	922
342	921
327	923
365	937
368	928
354	959
376	932
374	936
324	929
328	924
373	925
375	930
359	927
323	922
326	935
334	945
369	920
327	900
335	921
366	938
336	914
381	925
354	912
333	917
354	944
331	923
329	921
333	922
327	924
341	913
370	900
326	943
333	919
332	919
368	930
373	944
327	919
375	926
380	929
328	922
376	919
326	911
330	954
337	921
344	912
342	914
359	947
346	958
361	939
368	939
338	956
364	946
327	950
375	915
379	918
377	902
362	946
370	937
351	920
362	937
332	923
334	927
334	927
332	904
328	916
340	917
355	908
367	953
367	930
356	936
357	928
373	912
344	913
374	907
358	952
356	899
352	899
368	941
373	945
342	911
354	916
334	952
363	942
375	919
343	916
328	927
365	945
331	957
347	902
327	909
334	903
343	952
354	908
338	922
377	942
369	918
320	959
338	903
368	900
325	922
332	924
334	956
352	947
360	922
373	935
324	922
344	959
350	898
369	937
363	947
369	918
344	909
334	927
338	911
346	903
355	958
348	920
341	906
376	938
363	930
363	920
365	927
370	936
372	938
360	914
321	928
333	920
376	926
375	922
364	943
352	935
359	908
360	945
352	943
360	949
353	908
356	953
320	935
376	933
374	932
326	915
364	898
321	926
353	939
354	921
340	920
351	909
343	915
323	912
370	931
343	909
336	915
341	937
370	925
351	905
339	900
341	899
363	939
368	939
365	939
373	925
347	907
362	945
353	899
341	915
340	957
328	935
345	896
328	922
321	923
337	930
335	920
374	924
359	919
362	921
368	922
324	905
370	952
357	949
329	922
332	926
370	950
337	915
363	937
380	915
378	917
368	939
358	948
354	926
380	898
356	909
338	911
337	931
353	949
324	922
363	916
380	929
358	945
342	907
363	928
337	912
360	927
362	913
331	915
371	925
323	923
349	904
354	959
331	911
327	956
367	937
382	919
320	955
344	920
350	900
338	920
338	917
379	931
341	911
359	910
346	908
363	918
359	920
363	930
358	944
320	924
370	914
373	911
377	928
378	930
368	944
370	929
376	935
337	917
352	910
353	897
343	942
342	932
382	954
325	930
324	925
324	958
329	941
340	914
343	902
373	927
369	913
332	919
336	932
345	940
371	918
369	927
345	920
321	918
356	943
357	949
324	919
325	899
344	920
359	955
377	901
357	949
376	931
374	925
323	926
371	926
362	939
345	929
369	930
359	958
377	933
332	927
334	925
369	898
380	930
350	906
333	921
325	942
327	919
375	900
372	928
363	920
363	907
348	905
372	937
381	950
337	917
342	946
359	925
362	941
343	955
374	928
333	933
327	954
326	955
329	950
373	928
376	931
326	940
348	896
343	954
355	953
340	920
380	929
331	912
376	953
328	924
356	943
323	939
333	922
327	921
331	904
329	915
347	922
375	929
350	958
342	919
350	922
328	943
348	902
376	922
332	897
338	915
355	897
359	937
362	932
372	928
359	908
374	907
328	939
371	916
358	943
380	921
354	945
324	922
377	931
330	957
375	947
343	956
337	907
327	929
357	955
368	937
376	930
353	908
353	897
358	947
328	919
371	954
358	943
349	914
368	941
353	951
354	912
356	945
357	943
359	943
378	940
320	926
347	905
371	942
344	901
353	949
355	959
333	904
369	925
340	922
372	913
352	943
356	945
327	922
336	921
363	925
363	930
365	918
361	916
363	925
340	912
375	929
328	932
367	937
336	904
327	919
324	956
353	910
346	950
343	906
362	939
364	947
368	908
366	944
361	945
333	909
336	920
354	943
363	939
353	909
336	947
333	945
348	905
330	914
361	914
372	929
380	932
355	910
336	916
325	907
326	905
340	917
352	943
337	899
345	905
344	914
325	908
357	957
342	916
343	905
321	926
373	924
359	931
375	930
361	914
376	918
322	905
339	956
336	917
369	918
359	908
343	907
373	932
332	915
324	927
326	950
373	956
329	956
363	923
334	917
356	900
353	922
355	921
364	937
354	916
349	912
350	909
345	956
355	956
382	948
356	949
359	939
350	952
343	929
353	949
324	939
365	937
350	906
382	924
356	958
335	943
371	918
347	905
349	918
354	912
358	907
328	922
362	908
353	904
355	906
338	915
338	915
364	941
351	912
327	939
359	910
334	920
368	944
366	946
334	933
334	940
372	935
376	931
377	932
333	921
371	925
328	922
382	920
320	944
334	918
343	911
332	925
373	927
374	933
338	910
348	903
335	917
377	951
352	957
378	958
369	918
370	940
372	935
342	914
345	903
355	905
370	951
323	896
332	922
334	921
368	948
366	941
338	906
343	903
351	904
333	931
329	935
352	939
342	911
356	955
345	909
322	937
323	914
367	937
359	949
335	906
349	933
360	943
373	937
364	943
359	941
357	952
345	948
358	913
359	941
342	896
326	956
354	959
330	922
324	919
330	919
352	908
368	919
338	947
339	916
337	943
331	910
353	911
352	912
334	920
354	908
377	909
340	920
370	935
352	924
372	935
362	910
359	916
366	937
373	939
346	932
333	951
335	955
343	949
349	953
347	952
357	948
357	951
346	910
376	932
332	920
339	919
368	902
375	930
366	941
343	905
330	925
357	959
345	900
370	930
320	957
327	923
330	922
351	945
353	916
348	917
369	929
360	922
377	931
370	958
352	945
331	911
357	943
369	918
363	910
343	903
347	918
356	930
376	930
332	918
326	955
337	915
342	912
337	896
326	943
354	939
376	943
377	946
342	909
345	912
341	909
329	922
359	941
368	937
362	945
323	923
363	945
347	905
371	924
330	916
357	945
361	941
363	939
326	913
325	905
321	938
356	919
356	911
360	947
368	936
333	940
331	941
361	909
379	957
326	922
354	912
374	932
337	954
366	898
382	923
352	914
351	905
332	926
368	937
354	910
327	938
327	956
363	919
335	920
321	924
368	941
372	936
362	896
342	916
368	902
343	903
341	909
370	928
372	937
334	919
376	937
373	944
347	905
353	908
334	920
326	935
365	937
336	941
380	938
327	919
329	921
327	922
322	918
338	913
360	947
338	913
378	931
372	938
334	944
340	941
359	905
343	909
336	911
356	953
368	923
324	906
326	912
376	928
352	899
355	911
353	900
359	939
326	908
363	930
365	937
322	907
341	913
334	927
353	954
370	916
348	900
374	897
339	900
328	926
343	908
334	918
352	942
363	914
358	904
355	910
343	947
341	905
334	911
369	919
341	915
339	913
379	930
349	930
334	925
337	950
372	952
366	935
372	944
374	938
369	918
335	909
337	947
363	930
328	923
333	959
334	927
347	925
368	926
361	914
352	939
361	910
373	930
375	909
363	911
330	947
321	938
359	910
334	920
343	946
321	922
321	923
334	916
371	920
363	927
382	896
334	954
341	906
339	943
353	908
352	945
377	950
334	907
357	943
379	955
349	906
373	929
345	913
347	907
334	918
363	916
380	956
364	929
365	939
343	900
351	903
333	938
356	957
342	911
327	947
347	916
370	919
349	907
334	920
368	910
355	959
327	922
371	931
337	917
339	920
380	952
320	915
336	949
381	905
364	935
369	953
363	939
365	916
369	949
367	918
368	900
370	898
376	928
333	914
378	929
321	922
320	923
357	920
331	915
337	952
327	915
334	914
344	939
369	911
334	917
372	939
350	906
350	904
377	926
360	939
327	922
353	947
379	958
375	920
330	931
378	930
370	959
372	898
326	896
369	937
354	944
365	916
348	912
348	901
377	932
323	908
353	945
336	917
338	911
346	911
326	915
359	946
362	950
374	947
363	935
362	939
371	925
341	909
349	912
352	925
363	910
334	912
363	920
353	947
351	910
373	926
364	943
363	927
321	924
370	904
368	943
343	909
378	950
352	943
349	929
343	913
359	949
354	938
355	931
349	922
371	947
327	947
328	938
368	935
321	927
342	928
369	932
363	932
335	915
343	909
348	907
370	928
352	922
327	903
338	920
358	945
352	910
344	907
365	941
368	939
358	952
380	931
346	932
330	899
382	948
373	937
377	930
382	924
323	922
354	931
345	920
380	950
370	918
368	937
374	938
348	903
362	922
353	906
364	901
348	927
321	920
350	903
344	911
349	914
320	914
373	926
353	907
371	908
337	910
326	917
353	906
352	910
344	939
368	925
370	930
349	912
358	943
356	897
355	904
333	920
363	939
323	932
358	943
360	939
369	947
332	927
353	897
364	948
341	921
344	909
332	913
334	915
342	916
344	909
349	907
333	942
327	941
338	943
336	949
374	910
365	913
378	902
377	932
372	932
374	933
351	914
335	920
353	908
329	956
334	917
320	937
365	916
325	902
375	930
376	931
356	939
334	925
359	945
329	919
353	957
340	951
352	939
375	926
342	914
327	919
361	916
359	945
326	936
327	919
350	897
344	905
355	958
345	915
356	958
358	949
369	920
376	930
333	926
332	950
370	938
368	942
330	922
360	949
356	943
365	916
324	921
378	955
333	919
358	949
344	911
335	915
349	912
367	922
339	940
364	944
358	947
365	958
373	927
348	951
332	943
379	949
363	926
343	929
351	931
334	920
354	912
333	913
378	935
343	911
333	915
332	919
368	937
378	936
337	914
338	911
349	904
352	899
335	898
320	948
354	897
359	904
352	906
371	927
343	912
359	914
355	942
357	930
374	936
330	926
376	932
374	932
356	946
350	914
375	897
345	905
357	946
356	958
334	916
328	914
324	922
371	932
327	938
332	933
326	940
326	919
359	933
375	951
380	930
378	925
332	920
379	926
327	900
355	897
372	943
327	901
372	918
376	936
353	906
356	919
339	945
372	908
382	936
375	941
362	946
342	914
334	919
359	916
371	930
356	903
358	945
358	945
382	905
342	916
361	910
382	925
354	906
368	944
366	953
329	952
352	923
360	924
347	902
360	952
363	907
353	897
375	933
343	909
355	952
321	929
369	927
375	929
359	941
370	928
350	900
328	919
320	906
380	939
365	910
367	928
354	909
370	912
332	920
348	905
338	941
354	913
348	902
381	909
324	898
368	941
328	922
342	903
370	936
376	933
372	932
356	947
335	924
355	906
377	952
368	944
321	922
343	920
359	916
378	951
371	936
369	935
350	925
343	909
342	914
349	953
360	943
369	918
367	925
364	904
360	919
371	918
332	922
334	923
343	913
329	906
377	928
364	946
361	916
356	949
363	928
357	942
356	948
379	926
328	927
332	924
368	939
358	939
371	926
359	947
362	945
334	927
353	898
373	930
376	922
353	920
348	906
374	935
336	917
349	914
336	920
327	920
377	930
321	919
320	930
383	912
369	899
363	939
368	916
362	905
337	935
348	916
334	900
356	951
365	939
342	914
355	951
369	932
367	936
335	911
375	925
365	916
337	917
335	911
382	942
337	956
362	898
334	917
364	941
320	937
354	959
323	923
326	904
356	906
334	918
332	938
358	951
323	935
365	935
368	913
321	899
358	950
356	920
358	916
357	914
322	902
334	920
376	928
367	928
373	925
332	939
368	915
359	929
336	948
326	923
323	904
347	903
379	932
374	947
353	945
369	918
376	918
360	912
381	926
366	939
343	933
350	932
320	924
370	937
370	956
339	941
380	949
336	936
365	904
344	911
320	947
331	920
375	932
358	897
349	903
325	940
352	903
343	906
358	916
357	939
357	943
343	905
361	914
335	959
363	941
328	908
330	906
350	914
379	930
368	906
335	904
344	913
361	939
368	941
323	927
330	924
361	955
375	950
322	919
321	923
347	905
341	927
333	915
372	927
375	937
355	938
373	898
357	949
336	948
341	913
339	907
369	918
327	919
368	936
366	938
368	915
359	905
362	903
352	912
341	945
345	913
342	917
361	910
326	954
353	919
352	947
366	938
335	941
354	910
354	947
334	914
341	913
332	957
352	910
326	905
354	907
379	929
346	903
326	917
342	912
328	954
361	912
340	920
325	930
367	918
368	925
332	905
346	907
382	957
327	959
326	941
375	932
377	928
336	914
363	939
349	912
380	900
323	956
353	935
325	945
320	930
364	944
353	957
374	936
333	915
345	905
341	952
335	913
375	937
376	932
371	925
352	906
353	908
348	916
325	918
326	932
353	947
363	918
367	918
369	913
341	899
368	939
343	955
382	959
369	926
370	913
350	929
347	905
360	943
334	910
359	910
352	943
359	945
356	935
364	956
337	906
354	910
320	928
361	940
343	909
345	916
327	917
381	929
375	927
343	898
364	897
371	925
355	951
356	949
357	949
371	937
381	950
353	930
350	903
345	924
345	946
331	905
330	944
339	907
323	927
332	956
363	939
333	915
325	956
361	912
343	911
363	901
353	898
320	926
331	920
365	937
368	929
357	914
330	923
357	959
367	922
332	920
375	943
326	916
340	918
370	940
381	957
338	911
372	928
370	930
378	903
342	907
377	922
343	909
355	945
347	941
358	949
368	926
374	934
321	919
332	924
341	955
343	912
359	918
362	939
349	914
341	909
367	918
369	927
339	900
362	947
327	936
380	931
376	936
334	941
332	920
380	932
348	909
344	913
343	912
382	923
369	955
320	917
338	912
327	922
330	923
343	911
376	952
383	938
329	927
382	896
342	941
320	924
365	945
348	912
349	903
341	907
375	929
329	922
354	906
321	933
349	932
363	956
352	945
363	925
327	917
336	903
368	922
376	949
377	951
380	955
375	957
376	942
334	941
370	911
372	935
375	926
375	930
362	948
372	954
334	920
348	936
320	927
368	918
369	919
368	916
321	906
365	948
343	909
359	915
363	916
354	908
343	905
382	924
343	911
327	938
343	903
349	906
355	937
382	926
369	931
320	926
373	937
359	919
354	938
366	943
372	945
368	935
364	938
339	938
345	906
356	954
332	916
339	912
331	955
334	907
352	910
320	926
345	950
339	907
343	912
358	943
320	924
321	934
371	928
376	934
349	912
368	930
321	924
383	913
381	930
337	958
377	928
352	930
356	932
323	958
332	915
353	943
353	897
378	900
326	932
321	922
337	950
373	907
376	920
333	947
377	932
345	907
330	919
320	907
321	903
368	905
366	909
354	906
355	917
363	914
328	922
369	925
367	924
375	953
382	954
346	950
347	953
361	901
358	946
356	943
368	927
343	930
374	924
352	952
351	909
382	925
374	953
349	905
335	954
331	921
371	937
369	942
369	930
327	922
322	922
333	907
331	915
340	916
329	936
358	943
357	952
363	956
382	941
367	925
361	914
334	916
380	929
365	939
359	916
325	922
380	955
326	948
327	901
357	949
321	924
355	955
365	946
327	922
376	898
371	925
370	904
372	899
363	918
367	925
353	908
359	943
336	924
321	927
355	908
370	930
376	929
366	929
364	929
365	935
375	926
334	920
371	926
355	949
351	919
332	922
333	921
379	944
377	942
375	901
320	949
357	942
356	935
331	927
373	932
367	930
330	921
371	937
350	906
339	952
367	930
334	920
365	938
368	943
375	933
359	934
371	926
375	959
375	943
364	943
353	946
321	939
322	935
324	914
347	905
332	923
334	922
363	937
370	935
364	943
373	928
344	922
360	945
350	897
359	958
356	947
353	903
360	937
365	918
356	899
356	936
367	933
356	959
332	928
333	942
359	947
362	922
368	923
368	935
337	909
348	905
345	907
358	904
322	924
356	948
376	928
377	932
358	946
350	938
340	899
363	901
322	918
348	911
373	953
370	950
365	939
356	935
369	901
346	913
381	926
353	906
359	896
352	906
380	929
347	907
343	903
324	922
345	913
375	948
365	939
352	916
335	913
338	917
334	918
369	925
344	907
378	911
360	949
364	947
375	941
373	928
337	905
347	915
327	921
343	909
352	947
322	922
326	923
365	916
327	922
374	918
365	944
338	941
334	927
332	923
365	937
337	928
326	915
358	929
320	901
343	909
326	947
329	908
360	940
376	914
333	936
340	909
365	939
320	938
352	943
368	918
351	916
327	955
324	942
338	914
323	922
342	911
364	942
353	912
345	917
330	921
334	922
326	926
373	930
343	907
368	944
341	909
352	910
382	926
370	926
375	936
372	931
368	937
370	930
322	936
320	933
380	945
353	904
322	922
376	929
353	910
355	906
336	917
338	920
370	940
336	917
366	940
354	927
373	943
353	945
366	956
364	906
340	913
366	935
327	919
326	947
327	942
333	942
327	935
338	918
328	919
343	914
366	959
361	906
369	927
323	936
325	933
326	932
360	943
363	920
321	918
324	906
349	903
337	917
352	945
363	945
369	958
334	920
368	927
366	924
356	952
353	906
334	927
347	921
364	943
358	908
357	949
353	955
322	906
326	919
324	923
327	905
338	911
365	932
368	936
380	926
336	931
341	908
335	909
337	896
376	931
374	931
336	920
366	941
368	940
333	905
375	925
359	920
334	920
335	905
359	915
363	924
368	913
339	905
377	943
328	920
344	904
343	898
352	949
337	947
337	936
354	906
342	912
322	956
359	908
353	958
358	922
341	948
380	936
378	930
353	912
329	899
345	934
348	931
356	932
329	911
347	900
335	913
343	924
328	927
365	906
321	922
361	916
373	944
337	896
339	926
330	927
332	922
368	942
354	912
353	926
355	910
327	919
364	959
376	931
327	923
330	912
368	939
357	907
364	948
375	926
332	943
363	916
359	907
341	931
371	922
321	923
324	932
326	933
354	939
370	929
346	908
342	911
336	908
327	926
332	924
330	919
320	935
380	908
369	945
323	912
334	927
362	906
357	937
355	908
320	945
346	956
380	920
369	930
367	938
372	938
362	952
359	938
321	932
338	919
343	921
354	916
324	922
326	923
335	915
370	911
338	918
349	903
354	905
348	912
336	931
340	912
349	911
382	924
350	908
356	945
344	907
338	907
372	955
376	903
374	938
381	926
366	901
350	901
351	905
369	937
367	937
352	959
358	896
359	948
324	922
325	921
322	913
331	915
334	920
349	905
376	951
323	906
368	919
359	940
326	903
346	922
354	946
377	936
364	935
352	910
360	947
368	941
370	946
353	904
364	943
369	937
371	927
375	925
338	917
353	906
342	955
370	940
372	934
352	923
350	919
380	932
378	923
376	929
349	907
343	914
342	897
356	908
356	920
350	897
364	914
376	947
377	910
376	949
377	933
374	932
360	906
367	937
357	907
365	956
342	912
374	938
327	921
353	910
358	916
328	921
327	944
324	924
344	913
337	919
376	916
337	950
342	900
350	904
376	932
324	909
351	912
328	924
328	922
324	907
376	935
374	925
327	903
330	907
322	937
338	915
371	945
327	957
359	941
326	929
324	907
327	922
333	921
320	924
378	916
371	924
323	922
368	935
366	958
334	920
358	939
380	947
353	958
344	907
354	903
343	949
351	916
363	936
331	942
347	897
375	939
381	939
339	905
356	897
327	925
322	959
359	912
342	926
361	903
379	924
343	907
327	922
336	898
376	952
376	931
374	932
344	914
332	924
334	951
376	928
334	920
357	920
356	927
325	897
356	913
357	913
365	930
335	947
356	958
340	932
376	930
359	912
368	935
375	926
329	927
362	937
372	929
359	941
377	930
343	899
363	937
365	911
368	935
343	907
338	909
327	943
382	899
377	918
328	919
376	932
332	925
374	931
320	951
347	956
333	915
376	925
363	901
337	913
340	916
368	916
342	906
373	926
340	955
359	910
343	903
373	951
376	947
321	926
356	945
368	941
368	901
364	913
328	907
368	941
343	902
354	947
352	900
356	914
347	935
326	924
352	958
376	930
343	897
349	915
356	943
365	939
354	912
323	939
341	929
341	926
341	929
359	914
339	913
370	930
371	901
333	934
342	914
353	906
355	939
368	949
380	955
381	954
373	925
375	929
379	930
376	931
348	909
324	907
346	942
357	954
348	900
343	905
351	903
326	940
356	957
348	956
348	930
358	955
374	928
368	944
345	940
327	922
338	915
343	901
368	929
366	937
342	909
322	923
371	936
383	898
320	906
373	956
348	907
348	908
354	908
351	909
343	911
356	958
362	943
359	945
349	916
353	912
358	954
321	946
370	937
352	945
377	896
373	925
368	941
368	944
352	946
369	925
352	949
375	925
341	957
344	911
335	920
341	913
358	946
351	942
336	919
380	931
342	903
354	906
328	923
372	935
380	930
382	926
350	903
347	907
361	903
321	924
344	909
347	916
369	925
376	931
326	948
334	917
322	938
356	932
357	933
353	925
365	941
327	917
330	897
380	900
345	907
346	914
373	937
365	905
352	949
360	943
327	920
360	906
324	916
356	956
339	907
361	918
375	909
321	912
342	946
356	948
357	943
353	903
349	905
354	946
364	952
344	917
349	906
359	941
358	949
337	915
383	926
364	937
355	927
364	946
344	920
373	930
343	903
351	909
341	905
350	899
370	939
367	932
377	915
369	938
374	931
324	922
383	945
324	928
372	918
334	927
368	945
326	924
349	910
341	907
364	897
364	943
364	952
371	920
321	918
330	919
335	909
382	925
338	915
369	930
378	900
368	928
332	925
324	943
334	927
328	917
343	912
351	909
340	927
374	938
376	940
359	943
348	900
365	916
333	921
375	925
352	948
349	956
377	928
345	918
370	930
381	926
349	932
330	930
334	929
323	914
332	923
327	903
333	900
354	910
333	897
327	922
330	921
344	939
359	958
363	896
365	948
368	941
368	937
340	917
359	916
349	909
352	945
332	943
345	919
356	953
369	911
353	945
327	914
335	897
329	906
364	926
359	939
345	905
347	906
377	900
369	950
329	921
359	916
365	935
379	938
373	936
375	932
376	931
378	930
342	909
343	907
337	915
347	947
371	926
381	912
379	956
375	957
327	924
343	930
351	929
322	904
359	906
359	946
380	916
355	910
362	939
368	943
369	908
379	942
361	903
368	946
340	909
366	925
323	919
326	922
358	943
358	943
342	914
356	918
368	957
351	939
353	941
378	908
355	917
332	926
320	930
378	932
356	947
374	958
373	939
354	929
374	920
376	955
374	954
370	935
372	941
370	929
353	958
354	910
341	911
346	919
369	937
367	901
320	927
336	924
332	928
349	922
342	909
337	909
344	949
369	931
346	941
359	956
365	925
366	920
326	945
327	922
330	923
334	920
340	916
327	919
320	929
344	959
330	931
371	921
354	910
326	920
353	912
359	910
338	913
332	924
365	920
371	903
329	913
327	920
370	935
321	923
337	932
334	955
378	933
355	947
369	939
380	902
352	923
337	913
341	911
340	913
368	947
370	937
372	935
382	926
380	931
378	908
349	918
370	937
365	906
365	908
365	935
338	917
349	906
374	932
326	930
373	931
372	941
345	907
347	907
368	935
343	959
358	948
378	931
330	919
334	916
376	930
382	926
376	943
321	927
333	919
382	956
325	921
376	934
352	945
370	932
370	935
379	929
359	930
346	897
347	908
322	920
345	900
340	912
342	902
343	903
380	916
329	949
327	955
350	908
360	939
333	920
343	904
355	958
340	930
352	930
323	922
347	902
353	896
355	947
381	931
375	929
363	910
377	956
352	931
373	917
382	925
342	913
324	922
321	924
327	925
332	911
363	918
340	917
377	943
353	897
356	949
345	925
341	913
345	945
341	903
356	947
339	909
350	953
371	918
331	922
353	952
364	943
352	916
377	897
375	959
382	935
364	949
382	955
320	952
383	937
358	946
383	951
368	935
366	938
330	913
354	930
376	931
364	946
329	910
321	941
368	941
366	942
371	922
331	915
324	915
370	936
362	910
360	947
337	915
360	943
341	911
382	924
363	939
359	930
332	919
343	949
345	958
340	918
377	905
365	937
368	939
359	937
368	907
366	902
353	897
337	921
351	907
350	940
329	926
338	900
336	920
380	932
378	933
383	938
349	956
369	918
353	953
334	920
320	924
320	930
349	914
347	902
359	918
361	957
348	956
342	909
368	940
343	905
328	942
353	952
329	936
326	928
346	957
324	922
382	920
375	898
381	908
357	949
356	951
380	931
320	927
359	916
329	946
355	958
377	931
363	914
377	934
366	949
359	935
349	909
369	928
370	930
356	944
365	930
368	925
376	933
363	899
368	904
349	906
370	934
373	930
376	925
365	918
363	918
368	916
350	899
342	913
360	909
357	943
334	925
342	906
369	928
367	932
365	936
326	900
376	935
382	925
357	939
375	932
379	933
376	944
322	930
320	920
331	908
353	912
376	934
349	932
344	927
372	928
327	919
330	955
338	911
369	913
367	913
355	902
343	905
371	924
376	904
380	936
369	925
382	926
340	933
367	930
358	952
367	937
369	939
334	918
338	910
339	904
358	936
380	922
355	909
369	919
364	918
354	945
359	913
368	939
362	898
360	947
369	932
373	926
382	938
326	938
344	900
330	900
339	916
343	953
353	918
363	920
368	940
340	903
336	920
353	951
321	924
345	907
359	923
363	939
357	899
382	929
370	931
321	947
351	909
347	905
328	919
359	939
363	914
364	916
336	959
324	922
328	923
369	958
382	941
320	929
343	907
351	909
342	912
373	937
338	917
352	910
327	931
342	912
335	933
359	939
347	952
331	915
329	927
339	948
337	916
326	902
359	941
375	940
335	956
373	941
355	958
334	913
348	909
349	920
363	916
376	932
352	945
331	913
344	935
363	900
368	918
363	930
354	949
368	931
380	910
375	917
354	912
321	922
336	914
329	922
339	922
373	948
348	950
321	953
352	910
365	939
352	945
345	922
377	952
336	926
361	936
320	926
375	929
360	945
360	958
360	911
383	943
363	939
350	903
364	942
368	950
366	946
343	903
322	934
326	900
368	946
331	909
379	929
368	901
350	944
349	938
375	953
365	957
359	959
339	907
363	925
349	903
380	956
321	928
336	913
336	921
328	924
328	922
333	922
347	903
321	924
321	919
345	925
336	920
322	910
352	956
368	958
353	900
353	910
354	912
336	922
327	921
348	925
349	906
365	957
368	928
370	935
370	936
372	938
363	937
365	908
363	939
365	937
370	928
337	915
358	958
348	906
346	914
329	949
360	943
321	924
339	956
344	910
371	920
334	925
375	908
353	945
352	910
364	938
369	918
367	912
380	927
369	920
332	914
340	903
353	940
380	945
327	907
383	924
320	926
353	915
374	956
324	914
334	908
323	922
340	896
341	914
358	908
321	922
327	923
376	936
344	952
358	900
343	947
373	933
360	942
341	914
359	930
367	941
364	941
349	896
340	914
371	924
356	947
371	925
352	957
380	926
342	909
320	927
321	919
376	930
331	927
376	935
323	957
370	917
374	940
364	920
332	923
376	942
359	910
352	906
373	896
336	917
370	938
372	944
340	956
337	899
347	940
354	900
352	899
332	924
358	945
326	900
374	922
325	922
360	955
370	935
320	924
335	915
349	897
354	908
353	947
375	952
380	943
340	917
344	954
338	917
353	908
350	909
379	926
354	956
343	903
342	920
357	902
357	937
335	915
357	958
347	956
355	924
321	934
354	952
334	920
382	925
320	926
364	941
350	908
373	929
342	947
347	909
344	899
351	909
342	916
350	912
359	913
342	912
375	929
356	943
334	927
354	943
370	929
359	927
360	935
359	943
344	959
369	906
373	918
326	902
345	925
345	918
339	939
374	935
329	950
342	909
345	903
352	947
364	910
357	909
358	907
326	908
365	925
369	927
369	918
367	920
354	897
358	932
325	947
363	914
370	956
378	920
379	925
360	951
356	947
337	901
348	905
377	933
353	920
354	916
355	914
348	930
322	948
336	942
373	920
335	911
358	944
328	930
359	910
362	947
334	914
353	947
340	911
345	909
343	907
353	908
344	910
380	939
342	943
378	914
340	898
372	959
322	940
356	948
380	913
363	941
342	911
359	947
369	918
350	903
363	898
365	937
349	907
370	940
360	938
355	935
355	905
380	926
343	907
376	929
371	924
344	935
372	930
368	925
366	954
323	943
352	943
349	949
369	930
323	911
380	900
341	946
326	956
353	906
382	926
375	924
376	930
375	942
353	897
349	904
326	898
357	949
356	951
331	946
334	918
369	920
359	923
353	904
359	913
360	946
373	931
327	923
350	906
374	931
349	912
349	898
369	932
358	915
367	908
372	904
359	943
375	926
363	918
365	907
334	920
321	948
368	900
370	935
383	926
349	906
336	947
364	943
375	928
354	938
336	915
324	922
353	932
334	920
353	908
367	947
369	959
345	922
332	917
376	956
323	916
343	907
363	925
369	927
346	905
327	922
346	919
376	936
374	931
356	955
348	927
356	943
373	956
359	902
376	957
348	899
352	943
355	953
368	950
345	913
337	949
356	949
363	920
337	915
321	925
361	918
370	952
357	915
359	953
362	954
322	922
365	935
349	904
374	929
370	933
373	918
376	930
376	920
345	907
377	906
369	945
370	943
332	922
324	897
326	906
350	904
326	957
325	959
371	927
341	941
361	942
338	920
370	930
330	909
350	947
326	922
383	938
320	944
365	935
370	935
355	959
324	896
342	909
349	908
373	904
359	906
332	959
337	917
335	920
383	907
375	931
355	917
368	913
355	957
352	912
369	896
382	957
335	905
377	936
334	920
331	904
357	955
370	936
373	929
349	946
370	936
362	945
363	896
336	911
343	907
361	910
341	911
337	917
376	932
322	942
382	930
377	922
375	926
375	945
342	917
338	913
379	931
334	920
327	920
369	918
345	903
369	916
333	944
368	959
327	911
361	934
335	915
344	956
324	920
327	919
382	942
358	933
327	927
340	911
342	909
379	931
382	919
382	923
349	901
369	937
382	927
345	897
328	922
326	934
340	911
353	947
379	937
383	937
347	905
338	917
365	899
365	945
337	920
337	925
342	916
368	949
350	951
359	945
323	954
342	907
362	943
368	949
376	938
365	908
371	918
354	941
363	950
342	937
348	930
340	914
325	945
324	954
333	922
353	919
370	939
347	909
351	911
344	914
348	951
365	920
349	954
329	922
382	929
375	930
373	904
325	910
352	916
321	926
347	941
371	912
369	918
367	918
375	918
354	912
349	923
350	909
330	919
332	940
380	896
369	937
359	918
334	920
376	935
342	906
370	958
372	947
368	910
366	940
359	947
354	945
327	919
327	905
330	903
375	945
335	901
363	930
343	909
357	943
381	929
340	939
382	911
342	906
329	942
348	900
346	898
351	905
334	917
382	907
364	938
349	902
324	922
326	923
370	916
353	906
331	918
373	930
329	922
327	938
343	915
369	925
352	941
324	921
351	909
364	941
370	912
348	900
372	931
350	941
363	939
376	929
376	937
340	914
332	911
354	914
353	908
355	897
342	906
363	956
368	939
354	910
381	926
328	906
345	956
353	958
344	912
368	930
369	918
370	938
321	918
328	923
342	914
344	944
321	946
363	938
320	938
382	936
362	910
362	945
358	956
322	943
320	949
373	903
329	948
368	941
344	912
371	958
321	926
328	926
355	910
352	908
370	926
359	948
377	935
370	929
328	912
327	922
382	903
338	935
332	899
383	938
376	938
349	959
363	914
323	923
379	928
337	921
335	907
343	899
381	917
359	918
379	929
351	916
376	952
374	931
364	944
341	943
335	897
337	941
376	953
329	947
359	941
327	917
331	915
374	932
376	928
321	921
341	917
340	930
362	920
332	934
368	938
375	929
379	910
354	908
360	939
343	905
358	945
369	937
327	919
373	927
363	920
352	920
359	920
367	910
363	940
367	937
354	913
372	938
349	912
346	953
341	906
370	935
372	938
381	929
326	945
330	926
336	919
355	925
357	947
376	901
380	951
349	938
329	959
334	916
344	909
338	911
359	959
326	922
369	937
365	939
321	919
331	927
336	924
332	938
321	946
332	918
345	907
333	912
359	939
342	913
322	924
350	916
324	941
380	929
328	898
382	937
330	919
372	934
324	922
325	923
375	949
321	935
328	959
340	913
327	922
357	953
373	937
378	937
370	939
333	936
337	915
338	913
349	904
346	905
368	935
342	916
354	912
376	931
333	915
336	922
321	919
376	955
358	943
340	920
341	907
332	923
329	932
328	939
324	933
320	952
339	916
320	923
327	922
330	921
347	920
330	947
363	914
364	939
362	941
340	907
359	943
353	934
361	916
354	918
363	916
348	900
334	944
359	944
368	918
365	926
371	956
369	918
344	909
381	936
348	902
356	936
357	940
380	915
325	936
368	900
366	902
365	898
360	949
348	902
364	910
368	899
371	915
376	928
377	935
368	939
366	941
336	919
371	948
342	943
333	896
370	944
377	936
353	930
350	939
320	930
367	937
330	924
327	918
330	916
343	905
346	943
375	946
323	919
347	903
350	906
352	958
368	935
337	945
383	926
375	919
349	912
358	952
334	943
354	956
350	942
357	950
340	909
325	911
331	915
327	919
334	917
339	906
326	924
320	905
328	925
354	906
368	932
366	933
342	950
350	944
322	897
341	956
368	939
347	907
382	922
353	908
355	905
371	952
349	912
364	941
367	937
338	925
368	937
341	914
344	917
340	919
339	897
382	926
345	907
343	942
330	917
352	941
369	925
367	925
359	925
348	900
343	937
354	912
344	907
334	919
382	926
365	937
356	943
368	935
352	916
348	905
365	928
376	929
330	937
354	912
375	924
336	917
363	947
341	906
343	950
382	957
341	934
376	932
374	936
339	898
354	910
323	950
342	914
380	902
370	946
363	950
340	914
350	906
373	926
320	911
320	933
345	919
338	938
372	935
341	957
334	918
365	939
364	918
358	941
346	906
363	911
369	918
365	941
320	919
349	945
363	947
347	905
320	904
354	947
348	900
332	927
377	941
374	929
346	915
367	913
376	911
368	915
333	917
357	943
327	922
321	927
358	937
373	932
349	903
376	956
352	947
371	941
356	948
328	927
356	946
373	929
342	909
341	907
334	927
356	945
357	939
341	909
379	926
369	929
328	950
337	940
338	948
357	955
348	897
352	908
321	923
334	939
348	917
335	914
350	909
348	910
342	951
330	911
346	907
342	956
376	929
326	919
336	917
353	896
355	897
377	904
329	898
341	907
378	943
365	918
342	916
356	908
380	955
370	935
340	920
355	906
353	947
364	943
368	898
334	919
359	937
368	939
375	952
354	901
370	937
372	939
373	930
376	915
375	899
376	928
343	950
370	935
359	939
359	945
360	945
333	917
351	923
370	930
372	927
321	904
359	943
352	945
354	945
363	945
326	950
358	955
359	945
355	896
347	905
373	925
343	913
343	916
334	918
369	897
340	935
326	956
376	936
372	903
321	925
359	939
335	919
376	928
374	928
349	910
343	952
341	950
359	914
331	915
353	906
340	917
382	909
364	932
359	936
382	953
360	930
369	918
320	924
324	921
324	922
352	958
320	898
381	942
358	945
359	942
339	932
321	938
359	940
336	931
336	940
336	958
336	959
352	943
353	949
355	951
328	896
329	910
374	900
369	937
367	920
356	947
352	931
345	909
340	906
321	926
366	897
365	958
326	907
383	916
381	909
381	911
377	932
352	910
364	941
349	912
347	900
348	902
330	927
340	914
340	927
368	937
365	935
370	930
359	935
351	908
364	944
322	945
363	910
363	896
368	938
365	943
366	908
363	939
359	920
370	933
320	954
380	948
367	941
368	938
366	944
330	949
371	926
326	902
374	901
369	898
336	899
359	941
368	944
362	936
329	921
356	947
355	945
343	904
378	929
320	925
359	916
377	931
327	922
366	928
369	908
363	920
368	929
366	930
327	919
360	949
371	925
327	927
383	929
343	949
342	944
359	924
348	904
336	922
360	936
366	944
368	935
329	901
327	940
343	953
354	934
356	948
372	928
376	928
374	928
356	947
343	903
351	905
336	917
382	933
344	922
335	923
364	941
365	915
359	907
375	899
326	958
373	943
321	925
347	904
338	914
355	908
344	913
377	936
377	932
341	916
367	911
370	937
373	929
382	930
368	916
374	925
343	932
324	918
356	905
364	912
333	959
334	899
369	937
367	938
336	900
366	937
370	937
363	936
368	936
365	936
341	956
356	951
375	930
326	922
326	923
324	936
359	955
363	958
343	958
357	949
340	916
352	947
334	950
357	949
330	947
337	913
336	917
364	941
353	942
340	920
346	896
332	943
359	945
362	943
382	897
343	939
343	930
352	935
365	934
371	927
370	945
373	901
368	899
381	926
340	922
375	910
359	921
358	950
333	922
343	919
368	910
358	918
356	949
357	908
335	950
344	930
358	952
369	948
367	950
342	948
370	949
372	951
375	928
344	909
326	922
329	921
366	939
350	903
331	918
348	900
363	937
368	939
365	930
353	897
330	909
340	939
359	943
326	931
373	916
369	910
348	932
365	914
345	909
337	930
361	947
345	905
334	905
329	922
327	921
342	912
353	954
379	926
375	930
364	926
326	948
361	911
376	929
368	925
345	907
346	905
365	937
368	937
354	954
370	956
372	955
373	935
368	931
367	937
363	916
341	938
332	920
364	942
345	906
369	930
362	939
368	939
373	908
377	944
333	913
358	939
368	939
325	900
370	936
371	925
371	925
332	931
361	920
357	952
350	906
363	937
379	936
355	943
335	925
337	943
339	935
370	941
377	930
328	922
359	952
364	946
356	958
329	922
327	923
333	913
324	904
350	903
359	908
339	913
323	900
343	896
351	909
375	955
359	916
334	955
334	919
357	955
373	926
359	912
374	928
350	903
365	918
348	953
368	940
333	922
331	921
349	903
358	946
354	947
342	910
352	904
363	920
337	928
343	897
344	917
373	931
337	906
352	943
338	915
347	909
349	909
375	936
364	916
360	918
361	936
321	925
364	952
334	925
369	918
343	907
359	916
344	941
373	932
369	948
333	921
369	930
367	921
334	911
369	916
367	938
380	901
327	922
377	930
381	956
370	959
350	905
355	934
359	927
334	958
380	956
376	929
381	929
337	930
377	931
369	958
352	912
355	959
358	952
371	925
369	918
350	908
333	943
358	949
344	915
331	905
346	899
349	909
327	920
346	945
360	941
330	936
332	933
380	932
347	905
374	929
323	904
320	923
362	958
340	909
360	951
353	945
355	947
365	939
333	951
348	903
333	931
334	920
359	945
355	947
352	908
379	912
336	917
373	919
358	941
373	936
334	927
334	926
334	925
345	905
370	937
372	935
334	927
352	958
343	906
351	947
334	919
340	920
373	935
354	953
350	952
349	952
359	916
373	907
372	903
357	943
336	927
330	926
369	928
351	912
356	947
354	910
352	908
353	952
324	922
371	918
330	935
322	938
375	932
370	935
341	915
357	910
360	947
324	937
362	945
352	910
322	933
362	925
324	922
334	925
369	930
350	906
335	936
340	920
336	922
359	944
334	930
382	935
323	929
380	930
375	928
342	909
381	935
382	927
353	908
362	939
376	928
370	949
377	905
350	906
353	904
324	901
326	935
349	959
343	905
321	921
382	922
377	936
364	925
347	903
367	935
375	943
361	925
349	945
350	956
341	913
321	926
334	907
365	935
368	920
346	944
340	945
359	947
353	922
343	907
373	926
371	902
322	936
335	929
332	913
366	941
373	959
336	916
344	914
369	924
342	914
367	918
347	918
369	918
353	947
377	920
332	913
333	915
378	932
342	920
381	933
323	923
349	907
334	927
351	902
370	932
329	957
364	941
332	924
359	945
328	925
376	943
370	944
382	925
369	910
367	925
326	947
340	912
349	908
324	919
375	930
380	903
375	938
379	942
324	922
329	921
352	956
349	903
369	943
342	909
327	932
354	940
350	904
363	956
323	923
331	921
376	928
373	931
382	901
331	900
382	897
364	943
358	946
320	927
345	907
366	935
355	958
364	948
350	914
332	922
344	910
360	902
382	920
321	923
372	896
334	926
336	929
329	930
353	908
362	907
329	904
372	932
370	932
376	937
380	931
382	926
343	909
343	912
375	950
342	912
374	928
376	958
368	941
366	935
353	957
355	956
373	930
375	929
368	912
370	916
359	910
367	919
375	929
347	901
356	951
335	913
321	924
347	907
368	940
360	958
377	931
324	922
328	939
343	913
353	908
355	945
346	956
367	939
322	946
344	898
351	899
345	912
364	941
352	912
332	919
327	959
359	912
328	904
323	903
347	907
367	930
379	931
373	929
339	922
335	898
368	940
366	942
327	924
348	905
377	945
360	943
345	919
354	908
369	941
324	914
326	921
321	924
334	920
331	917
354	952
376	932
352	943
356	951
343	909
348	913
356	939
344	913
341	950
325	949
353	949
322	923
329	905
327	956
343	953
344	907
349	900
343	927
336	927
347	912
353	899
370	916
378	914
329	925
364	944
358	950
360	907
345	907
367	939
382	926
375	910
369	918
364	948
380	950
377	915
352	950
337	913
352	945
324	955
326	909
358	920
369	918
353	952
368	941
382	955
363	904
352	916
343	922
338	942
336	911
358	954
354	910
364	939
355	934
320	933
357	951
330	941
333	947
379	932
382	936
345	911
329	923
327	909
330	904
381	946
375	908
376	922
377	921
380	908
372	932
378	953
342	912
379	907
376	907
380	931
329	922
329	921
378	911
376	944
364	941
360	913
365	915
350	906
338	906
337	911
376	931
340	925
361	920
359	925
359	910
348	936
363	922
337	924
340	954
326	908
380	936
345	952
377	901
357	947
334	923
376	932
374	933
341	912
342	903
336	929
356	944
371	946
330	940
373	929
377	930
344	926
354	912
334	920
340	911
336	942
345	908
375	905
334	952
348	948
359	937
335	907
361	957
352	913
355	947
322	943
336	915
367	939
380	930
363	937
351	927
348	925
341	913
353	947
355	941
358	943
366	937
347	941
334	909
346	912
322	923
370	930
365	932
365	947
378	925
358	945
370	936
331	922
348	908
340	931
343	903
376	936
333	933
368	939
366	916
376	932
324	923
373	925
348	902
369	918
367	922
363	943
343	925
373	918
341	941
333	897
363	900
328	927
340	911
358	952
333	922
354	910
344	914
342	911
342	910
368	907
378	924
343	905
350	904
323	922
324	919
363	927
361	916
341	915
345	950
369	907
336	905
330	942
379	950
376	904
333	912
334	921
371	927
343	951
351	954
323	951
321	924
326	923
334	920
353	958
372	926
370	931
373	937
367	918
369	916
381	924
368	931
368	908
366	947
347	941
375	929
331	941
352	916
334	927
361	897
339	897
323	916
334	919
349	912
368	935
333	917
361	918
368	941
363	939
369	928
352	949
356	955
325	946
322	928
382	924
326	924
330	922
327	921
329	922
327	922
356	955
330	917
343	932
347	912
341	907
330	922
343	913
329	913
323	920
364	941
331	951
350	910
353	912
334	914
341	913
346	916
370	910
354	908
370	924
359	926
375	930
346	932
360	942
360	938
380	902
381	928
347	902
348	905
375	941
369	930
362	903
354	904
351	955
377	959
324	959
359	899
332	924
349	905
336	922
344	911
354	906
364	955
380	932
353	954
380	899
363	932
343	912
372	940
324	922
326	921
352	943
354	912
336	905
321	942
381	952
381	929
358	932
358	943
375	922
322	942
336	955
360	909
351	898
334	919
370	935
363	939
358	933
382	911
353	912
347	907
331	919
373	918
329	915
355	947
371	912
333	922
357	912
354	906
334	922
322	922
355	945
359	939
362	941
349	912
328	928
343	909
354	896
340	919
376	918
374	916
366	935
369	911
348	941
382	925
376	932
374	933
334	897
321	913
337	898
342	943
359	943
348	912
343	907
321	926
347	905
347	897
332	942
379	921
324	913
364	939
354	923
364	946
382	926
377	929
344	912
377	951
368	941
362	904
362	924
377	932
322	899
368	935
373	932
357	922
334	937
353	929
347	932
382	909
356	947
353	905
350	902
377	931
357	948
321	957
322	951
338	954
350	897
344	911
341	907
359	912
367	930
333	908
335	945
376	912
358	920
326	958
382	924
334	953
352	945
335	921
327	922
359	921
363	915
349	929
332	905
369	909
359	896
349	939
326	910
326	922
325	920
324	923
356	936
357	936
349	912
365	939
344	914
343	916
351	918
370	938
369	944
342	912
368	937
329	942
382	930
343	911
351	913
361	912
369	945
371	926
356	943
360	905
380	913
327	919
324	908
329	953
355	907
356	909
332	927
323	937
368	939
353	906
376	917
322	943
341	918
373	896
353	912
355	897
337	913
362	898
359	917
331	953
367	908
365	907
359	945
368	922
378	901
332	924
355	947
352	941
350	912
363	908
365	912
368	903
364	916
366	939
352	959
360	912
375	929
377	931
369	920
352	947
341	913
343	907
368	939
360	930
353	925
328	958
366	944
378	931
370	941
364	951
334	917
352	949
356	943
352	918
364	924
337	943
364	945
336	920
363	909
358	948
360	943
330	949
359	943
362	945
327	917
334	920
364	922
369	912
365	942
376	932
369	937
367	930
355	956
349	913
356	914
341	911
334	943
383	937
368	937
370	935
350	906
334	927
357	952
334	917
340	920
376	945
352	947
353	910
350	925
356	909
360	937
333	915
359	945
380	931
370	959
349	931
334	917
369	911
379	942
321	922
344	907
370	938
372	944
335	913
331	923
341	911
320	908
366	932
325	922
328	922
330	919
330	922
333	923
334	945
322	959
341	913
379	925
375	926
370	942
339	928
376	913
357	949
321	925
327	919
337	913
337	927
352	910
345	931
348	905
355	902
374	930
372	956
349	945
341	939
324	923
329	913
324	922
373	918
359	919
348	907
366	908
368	937
362	944
363	918
347	905
359	947
367	925
343	901
345	902
321	927
342	909
374	930
370	938
340	914
374	926
345	921
368	938
346	959
360	938
371	929
364	947
368	937
347	908
348	905
377	946
345	911
371	920
352	910
333	925
374	936
369	926
372	936
351	906
333	904
363	910
326	921
380	937
341	907
332	924
364	935
321	923
357	952
332	920
366	935
352	910
367	926
338	937
341	916
357	935
325	921
359	916
355	943
352	945
369	937
349	912
338	911
346	918
362	939
371	957
327	919
382	946
363	959
340	917
345	905
368	939
344	929
363	930
374	937
376	907
376	930
324	905
335	915
333	954
323	898
349	935
351	909
380	926
345	905
352	939
358	939
360	943
362	914
343	955
345	952
360	943
380	911
368	935
356	953
321	924
369	918
327	925
373	925
375	927
336	916
363	925
370	931
372	925
348	902
351	909
327	919
344	909
344	904
324	922
364	939
325	922
356	945
320	924
341	915
339	902
366	902
350	908
383	913
351	909
320	922
341	907
327	901
347	901
375	926
359	925
356	947
372	935
331	930
326	956
357	945
374	943
334	925
322	951
340	904
358	952
323	950
336	914
375	926
323	898
343	906
350	912
378	923
335	931
337	935
368	938
352	943
324	930
320	901
381	932
364	944
350	912
363	941
380	931
368	940
361	914
355	921
358	911
336	920
337	930
341	917
365	909
331	899
338	920
375	931
363	934
363	920
345	933
357	955
334	928
349	909
348	941
350	943
355	897
334	925
355	908
369	918
367	937
371	924
330	922
332	923
335	911
350	903
340	904
361	945
365	944
348	941
348	906
350	903
349	903
355	919
336	939
379	925
373	930
353	897
340	928
338	920
355	949
331	906
338	920
361	958
346	907
335	917
334	927
344	913
325	947
345	934
365	916
375	918
323	957
364	940
352	951
344	914
344	909
371	926
379	943
346	918
376	930
356	947
367	918
368	944
359	910
343	911
334	918
336	921
376	905
365	955
340	911
349	914
332	958
333	917
371	939
354	958
381	926
346	923
354	947
369	927
332	919
321	900
368	942
332	920
354	920
350	900
354	910
353	927
357	950
341	913
356	947
331	920
334	918
369	910
371	952
336	910
323	913
360	958
363	914
363	956
361	910
325	911
353	947
352	944
360	945
336	919
363	918
344	919
345	907
343	912
359	955
364	907
358	913
367	937
373	937
376	900
358	946
339	896
379	929
348	907
364	943
356	918
344	912
326	910
352	947
369	927
322	924
369	925
363	925
372	924
353	946
369	920
322	923
338	930
357	951
321	932
369	930
371	925
363	932
377	946
323	933
349	947
341	934
325	922
379	916
352	931
320	924
349	912
376	936
374	932
353	908
353	908
383	938
343	907
335	917
377	928
328	922
344	937
340	911
341	913
374	925
373	916
325	934
376	943
328	922
372	927
370	937
330	927
334	918
348	898
320	926
380	949
371	927
371	927
376	928
337	911
365	936
374	928
368	935
333	920
349	941
352	914
342	914
341	913
378	912
377	935
342	911
337	915
370	934
360	943
352	949
364	938
361	896
331	943
375	917
348	896
383	924
370	935
372	929
342	909
365	937
343	907
365	908
369	920
336	920
332	930
369	916
367	939
364	938
375	924
363	927
342	930
360	947
380	936
324	945
372	955
370	949
372	954
335	941
382	925
363	932
370	944
376	932
370	935
369	957
352	904
324	948
353	906
349	925
356	958
334	918
354	934
323	896
335	935
369	937
349	898
353	906
338	911
359	910
360	950
376	928
360	947
337	947
353	930
375	925
330	917
327	921
336	922
334	923
372	955
368	956
330	946
366	934
324	919
334	925
353	943
355	949
321	898
329	934
337	949
343	912
345	929
324	922
330	926
348	898
363	936
325	955
324	903
369	918
367	916
354	945
381	921
328	922
330	925
332	926
379	931
344	909
368	930
339	949
350	931
381	920
375	914
372	937
379	928
327	938
324	947
361	919
340	918
352	947
357	947
358	945
355	945
359	939
366	954
361	945
366	919
328	922
375	929
365	925
369	920
365	899
326	924
324	932
355	925
325	916
350	906
354	898
350	900
362	957
353	917
348	958
378	956
382	906
342	917
365	939
371	929
327	922
336	959
347	896
354	910
342	914
339	918
366	904
382	905
380	937
352	910
332	915
331	915
323	922
348	955
368	936
366	936
361	912
357	933
355	908
370	959
328	930
364	941
331	915
359	939
366	941
357	943
364	922
340	902
324	900
334	920
352	897
356	958
354	900
369	917
365	915
370	918
371	942
335	919
371	921
363	946
368	945
365	948
345	910
356	908
320	935
369	918
333	941
334	944
343	902
359	943
334	945
346	900
347	907
340	915
333	939
352	945
353	910
343	909
344	897
344	947
344	951
344	958
332	899
342	916
371	954
329	941
358	913
334	927
362	942
364	948
348	901
350	939
337	896
353	931
358	931
341	910
371	925
382	937
373	925
363	927
334	925
371	928
375	929
363	927
332	919
363	919
322	919
334	919
352	910
327	927
343	931
375	907
334	952
358	896
326	942
325	958
358	949
364	943
356	938
355	932
328	923
370	938
353	896
323	899
353	904
326	917
344	909
376	934
353	920
333	901
380	947
325	906
345	959
322	913
334	925
337	913
320	920
368	941
341	913
321	916
329	921
370	940
372	938
359	937
367	940
372	928
353	912
372	947
382	924
329	935
338	929
339	933
349	932
328	924
376	929
359	945
362	943
376	933
374	931
337	954
353	913
348	948
351	909
375	929
370	930
376	954
351	903
360	945
362	903
362	940
369	937
365	937
368	943
380	956
327	927
330	919
362	939
364	943
333	916
364	943
365	935
322	924
361	910
368	908
369	938
348	908
357	950
338	915
383	926
381	926
356	957
340	901
344	915
370	928
370	929
352	910
373	931
360	910
354	912
352	958
335	917
379	940
375	936
371	930
352	908
326	899
376	951
374	940
375	907
373	930
345	932
368	930
375	934
321	944
332	927
342	919
332	945
353	910
369	920
339	911
374	935
354	945
352	916
324	932
325	921
353	952
369	956
335	915
337	947
324	908
350	959
348	900
352	947
360	943
336	920
383	925
320	926
341	913
352	904
343	913
328	948
365	945
334	930
370	920
354	912
321	924
361	925
349	912
361	932
357	908
337	914
376	932
374	936
365	937
368	930
362	937
353	935
376	935
368	935
374	935
366	935
372	935
373	930
356	943
364	906
358	913
342	912
336	917
369	946
371	945
368	937
371	898
337	916
344	951
327	910
330	912
343	914
338	921
324	911
334	920
352	924
339	935
353	959
382	924
320	913
326	907
324	919
357	935
323	902
365	920
365	915
344	952
346	943
339	926
342	911
352	898
344	909
376	928
371	942
373	946
344	907
363	918
329	949
322	930
355	932
335	949
325	918
336	941
380	916
336	937
334	918
368	938
330	914
332	947
334	920
367	917
330	919
322	923
339	947
380	932
352	908
364	900
358	939
376	902
370	920
376	922
379	923
364	946
356	943
357	935
345	923
375	930
320	924
370	916
368	937
362	899
359	904
368	939
356	941
341	943
340	913
363	953
368	945
342	911
329	924
353	942
361	939
352	945
341	907
336	914
331	924
370	933
342	908
371	925
336	924
334	917
326	914
371	950
342	911
365	929
358	930
359	926
362	945
343	909
327	949
356	908
338	931
338	914
348	905
337	919
368	924
370	922
383	924
363	937
344	912
328	904
354	909
334	927
338	914
333	920
327	920
326	933
355	956
354	943
352	949
349	910
356	957
346	956
353	954
355	953
368	938
368	930
370	937
327	919
369	928
367	930
320	924
359	903
344	928
342	936
334	934
377	931
327	927
330	919
332	924
360	952
356	958
364	947
376	931
368	935
334	924
352	957
324	922
356	908
378	958
373	925
378	929
378	959
352	914
336	917
364	919
349	954
328	927
325	936
339	947
365	935
333	904
348	903
340	926
368	956
337	913
342	910
333	921
359	959
345	903
351	956
330	922
334	923
353	908
328	924
339	913
365	929
372	924
327	928
327	933
327	936
327	932
327	919
327	923
355	910
365	897
359	910
368	930
370	937
365	939
359	947
343	913
376	931
341	907
320	924
346	902
362	929
350	930
350	898
338	917
344	924
376	930
375	924
321	901
365	902
363	946
368	942
365	938
382	916
363	916
357	943
369	916
373	929
351	916
334	930
369	930
340	918
379	896
371	922
358	952
330	951
336	915
381	914
341	896
376	958
353	947
353	946
356	949
374	940
355	910
372	918
358	900
370	932
333	900
369	927
377	931
364	900
334	899
346	916
345	910
334	912
380	896
365	918
363	937
333	915
368	938
342	944
323	904
344	935
359	899
354	912
326	925
324	923
350	900
334	919
323	924
370	953
334	950
353	908
344	912
374	932
363	932
337	900
371	930
326	934
340	906
375	954
320	921
377	908
377	931
354	956
334	937
343	946
347	948
323	902
330	922
334	925
358	943
368	935
375	954
364	941
369	936
369	926
374	932
379	936
347	954
320	899
342	914
355	958
373	941
359	914
382	924
356	955
353	906
335	913
337	916
371	926
376	956
334	920
334	927
344	911
373	953
356	946
353	906
336	949
363	925
329	919
353	908
374	943
334	901
332	924
381	938
350	897
321	944
347	957
350	927
336	913
375	925
373	930
350	904
358	939
320	928
341	941
355	910
334	956
377	910
354	900
331	940
350	907
364	912
350	914
363	897
362	900
336	945
338	911
334	927
328	923
357	952
349	906
370	938
378	930
356	947
369	920
368	928
370	935
369	932
344	898
369	925
371	925
320	909
383	906
343	918
335	900
339	922
348	902
349	943
323	923
325	922
334	916
356	948
357	950
380	900
350	906
343	920
326	949
352	943
327	919
363	918
332	923
379	919
365	946
357	897
352	920
360	925
332	918
378	932
363	947
329	922
327	908
327	955
340	914
342	914
334	910
344	909
329	943
371	928
361	903
331	952
326	911
369	930
354	958
336	923
338	914
358	953
372	928
368	935
334	950
380	939
344	943
327	917
364	936
359	940
363	941
327	922
382	926
349	914
333	922
369	901
338	932
327	913
352	901
373	913
363	935
320	945
353	914
352	949
360	947
376	936
353	945
374	932
329	933
382	950
327	924
342	910
322	922
371	918
356	952
359	948
361	912
372	934
382	925
364	943
370	935
376	930
340	946
366	912
370	928
341	948
354	924
381	956
361	910
335	911
361	954
347	905
346	906
356	958
344	907
341	903
372	940
382	940
353	907
382	922
367	938
358	922
342	925
362	931
342	916
334	916
376	931
377	932
320	926
321	935
336	920
337	915
335	911
381	926
365	918
320	952
321	931
360	897
328	907
322	913
323	932
329	922
329	943
365	950
334	926
323	926
340	909
366	943
337	942
336	910
358	944
330	924
356	907
370	944
363	914
371	916
359	947
360	939
357	949
335	918
337	926
344	911
378	924
375	908
370	958
372	945
381	947
359	939
352	904
360	900
326	922
322	958
380	929
375	925
366	943
338	911
364	939
361	910
346	942
369	925
367	925
321	919
331	932
320	930
334	911
333	915
350	904
343	905
353	898
349	951
354	914
343	906
335	919
361	939
380	948
346	902
320	942
348	903
344	906
338	904
329	930
373	926
365	939
324	940
329	948
327	942
345	905
355	955
345	942
342	914
365	930
363	918
368	941
382	937
339	911
338	911
333	899
353	912
369	927
340	937
378	931
380	922
378	921
340	912
352	947
368	932
328	934
334	909
332	920
359	945
337	900
339	942
348	900
328	908
370	922
328	919
375	929
344	909
354	906
365	930
344	942
363	947
368	900
355	916
334	899
333	945
346	929
360	912
367	937
348	898
367	950
342	912
376	912
321	926
369	926
370	897
373	937
376	930
378	933
358	918
347	933
360	952
361	920
358	941
339	949
343	943
329	914
360	949
332	927
358	949
357	954
341	950
364	953
378	932
349	904
353	947
355	958
341	911
348	900
323	922
324	922
328	922
341	959
337	921
373	914
324	953
343	945
335	919
345	902
335	914
356	946
356	955
357	952
376	910
343	898
341	959
380	928
352	910
328	927
353	908
379	931
364	939
378	945
325	923
320	935
333	915
327	920
342	926
361	946
326	922
373	908
329	922
327	921
326	947
377	932
353	959
374	958
362	943
360	945
356	943
373	922
382	923
343	939
343	916
343	945
368	946
366	938
351	903
360	947
355	947
320	949
352	916
369	934
322	900
372	937
328	919
380	932
334	919
373	922
350	948
353	950
355	952
356	950
352	947
364	941
321	950
330	952
334	938
377	896
380	959
345	959
329	898
326	946
326	938
334	925
369	946
359	899
380	930
322	930
372	938
372	900
377	938
347	909
376	936
374	938
364	937
364	946
375	929
321	930
336	958
359	953
356	949
377	929
381	919
374	931
329	922
327	937
344	941
372	924
356	946
346	947
346	907
374	943
327	922
330	921
359	922
338	924
332	932
363	936
339	908
334	946
346	943
342	898
339	907
334	909
345	930
336	917
376	923
374	940
377	937
369	938
331	913
321	916
336	957
363	920
338	919
328	922
343	938
343	944
322	932
325	907
374	937
359	943
326	958
379	940
344	920
381	939
336	935
369	943
334	941
370	941
377	916
370	938
372	932
338	958
371	925
373	927
333	927
329	944
349	909
362	939
382	924
328	922
351	942
328	957
320	924
348	956
363	955
332	919
369	927
355	944
368	942
349	957
333	907
330	913
345	924
353	912
329	921
375	923
382	922
356	949
355	927
361	904
327	913
331	915
368	942
375	899
343	953
321	937
337	948
382	924
329	921
327	917
342	938
366	944
356	943
357	912
377	958
349	908
352	927
329	909
341	910
352	957
359	947
325	909
329	955
338	937
354	941
332	945
334	915
340	919
381	900
336	919
331	915
352	945
338	911
353	908
376	928
327	920
372	940
382	917
326	945
368	916
370	937
324	912
326	932
356	949
339	953
379	929
335	913
375	903
364	943
350	906
361	912
336	948
352	916
337	912
341	934
351	905
334	917
329	947
337	913
343	924
353	908
373	923
373	928
359	916
336	916
347	936
356	951
350	904
362	912
358	926
343	903
370	939
350	906
337	925
371	949
375	959
335	911
337	919
337	952
337	922
337	921
334	922
367	921
360	945
356	945
372	936
373	930
352	930
360	951
361	912
377	901
334	945
368	939
344	939
376	931
363	926
369	906
329	905
333	951
338	915
368	944
348	943
364	907
344	909
321	911
382	926
368	918
354	916
327	953
321	910
375	942
368	936
352	951
376	938
348	946
341	913
351	915
364	924
359	937
369	925
320	918
329	921
350	906
370	914
337	941
320	942
379	917
339	935
370	934
370	915
370	928
372	938
348	905
340	943
360	947
364	953
381	922
368	905
378	901
320	907
374	928
353	906
375	930
373	928
368	928
341	913
349	947
345	907
368	956
370	937
380	942
378	948
320	905
343	907
348	914
351	912
329	956
329	941
382	930
366	941
381	924
346	956
349	953
374	933
358	932
320	935
339	957
339	901
345	951
368	928
370	938
375	899
368	938
352	947
349	945
329	917
370	937
337	913
369	937
367	937
372	930
353	959
359	908
341	916
370	935
380	919
376	928
374	938
370	936
372	934
345	927
327	919
330	922
364	899
329	922
332	919
340	920
331	915
341	913
379	931
325	916
344	917
351	915
362	945
357	958
330	919
356	912
366	944
352	941
324	923
333	929
382	925
379	931
321	924
342	914
324	919
363	914
358	927
360	942
342	903
356	905
346	903
352	914
329	937
352	932
347	956
345	909
368	899
373	956
334	900
363	906
369	905
350	900
362	951
350	956
360	955
362	943
368	941
371	926
329	923
349	912
353	959
320	906
336	939
369	941
326	908
376	910
372	904
344	947
341	950
377	912
331	917
325	919
354	923
328	923
344	907
370	938
368	940
370	938
332	927
373	919
352	953
375	929
363	929
329	906
334	934
324	923
329	899
363	916
334	918
332	925
342	914
341	932
346	931
343	905
351	909
359	918
323	902
366	957
354	910
354	939
361	922
369	941
380	930
331	943
380	931
357	956
334	918
354	910
352	908
346	937
379	958
353	932
338	919
340	925
354	951
351	923
323	957
353	904
342	953
341	913
349	910
369	937
333	941
367	956
375	936
349	903
358	900
348	906
382	943
352	908
324	942
342	931
334	939
362	941
360	941
348	901
372	928
335	904
320	896
353	957
370	931
371	949
325	943
324	922
333	941
324	900
342	912
340	914
356	949
332	919
326	916
352	897
342	914
371	928
363	918
337	930
333	915
357	932
344	931
323	944
374	949
329	938
329	930
359	935
376	931
360	947
382	920
342	932
356	952
334	927
342	915
331	913
323	954
326	947
340	939
379	916
352	910
359	949
375	930
370	936
376	945
375	946
349	911
374	945
342	932
370	956
352	947
365	944
363	929
368	905
379	944
368	935
334	920
328	922
359	912
335	924
353	906
359	908
332	911
330	919
373	925
329	899
354	914
336	922
349	916
341	958
352	904
341	913
350	934
377	922
320	896
352	938
329	922
322	901
363	899
373	918
373	930
332	897
365	939
343	903
337	941
359	956
373	918
320	896
369	909
328	923
356	952
370	935
337	920
353	910
353	935
349	938
352	900
338	917
357	909
363	926
363	920
350	910
364	906
368	899
374	928
381	922
380	916
346	935
341	911
374	917
364	952
377	950
326	927
349	939
368	899
358	952
347	927
324	922
354	908
326	945
327	917
324	930
335	911
327	897
371	926
356	951
376	935
343	905
320	941
365	930
344	909
346	909
336	945
363	927
342	951
323	899
370	935
375	904
348	901
367	920
382	907
364	938
374	930
359	926
332	924
332	920
375	924
321	924
371	924
370	935
343	901
369	920
370	941
369	920
371	926
368	937
352	945
321	923
337	911
381	900
349	936
321	912
337	934
324	951
349	904
361	910
342	911
375	931
379	930
360	908
321	922
358	952
357	947
342	911
355	907
322	929
360	916
335	913
376	901
335	915
353	906
336	917
382	943
368	938
377	929
334	938
381	918
322	918
363	928
342	947
370	931
337	915
320	896
371	932
321	924
360	945
356	944
365	906
342	911
340	931
376	931
379	908
372	938
344	909
368	896
358	953
368	942
370	916
363	916
320	946
343	901
358	906
334	949
333	942
341	911
332	923
320	896
376	931
369	937
320	937
322	922
380	953
365	898
375	925
368	947
377	913
381	935
363	925
357	945
331	943
364	910
320	896
366	919
373	925
323	922
334	918
371	955
343	959
353	897
328	922
327	917
352	947
337	920
347	932
356	928
342	918
382	902
326	920
328	922
346	955
368	935
379	925
376	898
351	930
347	931
348	897
346	904
336	910
368	935
380	931
345	905
359	909
344	914
361	912
373	930
368	937
328	919
365	910
333	955
337	915
326	930
341	913
341	954
348	903
352	958
377	940
338	936
334	917
355	910
344	913
357	925
377	932
374	935
328	931
371	927
337	911
358	948
332	919
361	910
365	941
352	947
375	925
346	900
372	935
374	930
359	923
328	919
375	929
382	926
366	949
370	909
332	919
336	913
343	897
346	911
377	932
373	930
341	907
363	916
323	898
346	938
338	917
368	902
364	946
341	899
381	926
340	917
368	936
334	925
359	916
341	911
379	925
328	904
335	911
368	950
361	897
363	916
320	940
337	920
368	950
364	920
343	954
358	934
355	902
337	917
334	920
368	935
338	901
337	914
333	955
374	916
371	924
346	905
376	930
347	905
351	909
372	937
342	912
376	931
382	926
361	906
359	898
363	935
332	919
375	956
330	927
354	945
333	924
354	912
368	939
327	957
356	949
324	919
337	945
354	927
348	900
382	910
334	920
369	919
368	935
329	931
358	941
334	941
356	948
322	917
350	897
380	903
352	939
342	920
357	936
361	916
321	922
353	950
381	931
331	897
374	936
367	916
343	903
340	920
371	926
379	926
331	916
332	935
363	911
352	952
348	901
347	907
368	937
370	935
349	950
374	932
344	912
365	946
352	945
334	907
323	951
381	929
377	906
359	939
333	921
347	900
379	933
336	917
321	943
365	943
359	945
381	930
336	930
360	945
363	922
374	936
333	921
340	919
353	910
335	907
369	918
368	900
363	905
353	943
343	902
380	927
360	946
353	896
358	953
378	941
341	907
348	900
360	909
356	943
356	947
368	935
340	911
338	916
381	955
334	947
332	897
378	921
342	914
357	917
361	910
320	896
323	916
334	912
370	926
341	903
366	932
320	924
348	909
358	935
342	912
320	896
346	909
332	920
342	907
343	907
343	899
368	935
332	897
332	946
368	919
382	930
368	941
348	940
364	911
360	902
322	945
327	932
381	929
359	947
342	908
364	937
330	921
344	914
377	931
365	918
349	914
377	940
372	941
338	911
349	909
344	919
358	941
380	931
332	929
382	898
320	896
377	903
326	918
369	949
359	898
333	924
365	941
324	940
320	917
358	950
341	913
365	928
346	929
323	913
374	924
373	926
324	919
342	897
344	912
338	913
320	918
342	910
346	907
347	906
343	903
356	903
334	925
373	917
348	953
373	927
332	927
373	897
359	913
380	938
369	942
368	956
353	898
321	898
380	918
343	908
327	903
374	937
365	898
326	922
356	951
378	931
353	912
339	941
355	905
375	942
371	932
374	943
354	914
328	948
328	922
350	955
382	929
346	940
372	896
334	918
344	907
361	914
374	932
324	906
337	955
358	945
328	923
322	924
353	947
375	943
328	946
382	956
376	938
329	921
376	937
329	913
343	913
363	918
322	923
350	907
363	916
369	907
341	916
334	917
364	946
343	933
352	945
344	922
325	938
334	942
348	906
382	922
353	906
328	931
376	924
322	946
349	940
334	920
341	958
343	909
359	916
335	913
368	959
347	959
320	953
366	938
327	945
348	912
377	938
364	941
375	914
327	937
370	932
368	926
326	922
358	941
352	911
379	940
343	903
375	931
322	902
368	941
380	934
335	956
369	918
356	951
356	918
359	916
339	908
368	905
357	899
352	902
338	956
372	947
332	927
369	903
329	901
376	948
342	912
349	912
361	945
365	930
343	944
334	927
360	945
320	896
363	918
354	938
340	917
340	915
359	939
355	928
366	925
358	943
373	924
377	904
348	903
356	945
347	922
343	930
371	918
357	943
373	941
367	928
376	928
320	896
359	929
335	947
350	958
349	934
366	907
337	915
338	921
370	937
356	896
355	916
381	926
327	922
344	914
363	952
320	896
334	934
321	920
376	935
349	900
382	924
337	915
338	917
362	897
359	935
356	955
321	953
364	930
352	951
327	928
334	918
364	943
368	945
342	933
334	920
360	945
355	910
375	925
373	930
355	949
359	939
326	909
372	930
326	934
371	927
331	947
336	907
342	912
359	946
360	945
355	908
373	930
342	910
348	899
377	927
358	939
324	922
358	912
370	903
354	902
372	942
354	910
370	896
370	916
334	925
377	932
352	896
367	939
372	935
326	943
359	943
339	907
326	914
342	932
359	949
331	915
363	918
330	921
376	929
355	930
321	917
348	951
324	945
356	949
377	931
335	911
344	914
326	949
359	939
364	924
354	950
376	913
358	945
358	943
349	898
353	908
321	915
349	899
368	936
328	956
364	914
354	945
364	918
358	917
321	959
357	951
381	926
375	929
325	932
337	921
353	947
343	905
344	909
364	948
349	914
377	899
350	897
333	912
343	937
332	913
324	905
328	923
326	943
320	896
344	913
336	928
372	935
337	938
331	916
334	919
374	956
337	903
334	919
355	958
377	932
349	906
376	929
341	911
363	912
352	943
363	925
366	941
369	928
343	904
357	951
340	911
353	958
378	923
344	909
377	930
322	927
329	922
382	931
334	927
376	928
367	930
364	930
354	906
372	938
374	934
336	915
350	900
333	917
347	897
346	949
382	896
338	913
367	951
338	911
365	935
347	901
335	911
323	953
378	945
329	910
350	908
362	943
359	916
382	942
345	914
349	950
366	945
356	905
370	930
380	952
366	935
363	939
363	918
363	925
363	939
342	929
321	929
333	915
368	937
363	931
378	952
383	921
340	918
360	949
353	908
342	909
376	929
336	919
360	927
373	939
335	938
365	897
343	905
355	947
322	929
347	939
353	930
360	910
322	919
365	930
337	942
373	929
320	896
334	913
349	916
380	952
356	943
336	918
324	941
376	937
341	931
343	913
334	925
376	931
349	912
376	928
344	898
353	945
377	907
341	909
339	914
359	934
364	939
355	921
364	941
373	937
321	904
364	945
342	908
360	932
373	913
356	908
352	952
359	944
356	947
352	916
362	938
327	896
350	937
342	931
325	922
365	916
332	911
324	907
377	932
346	915
360	939
334	924
350	906
343	936
322	924
332	944
382	925
365	910
348	907
335	908
377	936
365	944
372	938
347	905
375	913
374	936
356	952
370	938
359	931
321	923
360	922
353	947
334	958
334	918
359	912
349	904
353	906
334	947
338	920
342	914
368	908
340	916
336	919
320	896
368	941
376	932
355	949
348	915
327	919
374	943
338	918
368	935
343	911
354	927
370	921
332	943
379	911
364	947
368	937
337	917
362	939
326	922
331	956
340	911
373	917
356	958
351	912
344	911
359	933
366	942
336	956
324	922
375	918
320	931
347	905
361	928
352	943
349	906
346	905
327	923
341	907
353	956
358	946
358	941
363	945
344	933
363	898
334	917
355	957
336	919
373	922
376	931
371	930
344	920
343	904
375	931
328	920
323	922
329	922
341	913
363	939
364	934
343	907
370	938
359	932
353	906
368	939
340	951
371	929
346	905
341	919
361	918
334	933
354	908
342	934
326	908
374	931
350	903
348	902
355	910
337	915
353	906
359	926
359	939
359	939
379	929
338	920
346	958
321	917
373	918
356	958
320	926
352	897
354	899
343	917
341	913
342	911
368	941
335	950
356	947
327	944
354	897
382	933
366	941
333	935
350	906
370	938
374	939
369	937
353	937
329	917
349	904
370	936
359	918
372	935
335	938
359	910
381	922
327	934
328	927
341	897
382	926
352	945
323	945
378	947
325	957
363	916
344	929
358	951
373	930
359	908
328	926
374	952
356	939
347	902
353	947
320	912
365	898
377	956
332	901
368	941
374	931
329	908
344	900
355	947
370	937
331	915
377	938
324	919
372	950
334	956
333	896
341	929
320	922
358	948
375	930
343	911
321	941
377	931
365	931
359	945
338	917
365	940
345	940
323	905
365	918
342	932
353	918
334	929
362	938
352	952
334	916
329	921
368	941
335	929
328	918
353	907
365	929
343	907
355	945
352	945
334	928
343	907
364	930
336	925
359	941
321	927
380	926
344	941
364	901
342	912
320	899
371	926
348	902
376	936
347	903
348	905
345	913
337	915
360	897
368	944
380	902
339	901
336	896
336	959
375	923
352	896
342	925
347	897
352	947
372	909
361	916
383	916
324	924
356	938
369	903
349	902
354	922
320	896
375	930
354	902
372	938
334	902
326	956
325	930
327	919
340	915
363	906
347	911
338	923
357	959
336	921
360	939
344	951
350	938
353	904
371	954
348	937
365	897
363	928
368	911
344	913
336	907
369	927
376	931
324	924
367	901
337	947
330	919
348	912
332	926
328	927
369	923
352	910
333	958
376	932
329	922
366	943
365	943
374	932
353	904
380	911
376	923
332	910
360	946
352	903
337	928
323	923
356	952
372	922
369	918
355	947
354	934
334	916
338	898
343	905
327	909
320	896
324	922
365	911
343	909
373	937
375	952
373	930
333	932
370	907
342	910
370	956
337	911
368	939
368	937
375	926
356	907
347	902
347	907
358	913
359	943
342	914
361	903
327	956
367	959
363	916
378	931
321	935
354	913
340	954
338	947
382	938
364	945
346	905
337	913
365	923
382	916
336	924
360	908
368	916
379	929
369	923
377	936
364	929
324	922
359	949
371	927
350	914
371	920
380	931
338	922
331	959
360	947
361	905
374	925
355	936
374	947
349	908
334	914
354	912
323	959
361	957
372	924
382	911
335	913
334	927
334	920
338	906
380	929
334	929
333	907
378	908
367	939
369	901
376	935
336	920
352	903
356	949
338	944
344	911
382	924
320	896
373	903
329	944
357	920
381	945
344	910
370	944
382	926
372	918
348	916
364	949
321	918
353	957
368	946
361	930
368	922
349	904
333	922
375	930
361	909
326	919
343	907
326	922
331	919
372	941
363	918
353	906
359	939
327	916
365	935
321	952
363	918
353	941
352	900
363	939
342	914
343	932
335	936
320	896
329	943
320	933
343	934
349	930
365	926
345	944
359	945
377	932
340	897
366	935
364	946
376	903
341	907
322	922
359	896
340	942
335	917
350	945
382	913
320	924
343	909
365	935
370	914
341	912
356	947
332	918
359	943
375	929
375	935
350	953
365	939
321	915
365	941
368	939
351	917
340	932
334	935
357	943
369	925
337	911
357	898
334	918
354	952
357	897
376	925
333	914
338	911
367	925
354	897
340	917
336	919
376	931
350	948
356	959
368	944
356	949
354	916
336	920
353	908
379	905
382	921
343	907
320	945
344	911
354	956
375	952
380	930
365	937
337	948
334	907
323	956
324	919
380	919
366	944
359	939
320	921
338	911
375	928
361	959
371	927
331	915
353	912
329	955
358	952
326	916
381	922
343	932
326	903
358	941
343	909
360	943
379	951
349	918
359	947
343	910
376	905
354	908
337	902
341	913
368	911
331	956
380	898
328	932
325	939
383	938
322	917
349	932
356	951
350	906
349	943
325	922
368	903
365	918
359	945
333	915
366	946
350	903
337	945
352	949
331	935
337	916
345	907
334	951
348	897
365	939
365	955
371	931
343	901
353	898
381	925
375	932
332	932
356	897
365	910
341	920
320	930
336	920
334	927
370	914
369	928
367	937
360	945
355	943
328	941
339	915
370	935
358	950
372	928
337	911
340	919
376	929
364	919
343	902
322	958
333	921
334	920
344	919
320	896
327	923
374	942
332	919
320	896
332	919
346	909
361	916
363	945
329	913
344	909
335	934
369	938
354	910
364	936
343	900
347	903
368	898
350	900
358	941
335	917
373	918
382	925
375	908
375	926
353	897
354	900
338	916
348	909
327	913
368	937
345	951
374	920
359	908
379	949
347	902
344	911
379	927
342	911
381	920
369	943
342	906
363	905
369	925
357	952
356	959
376	931
334	909
353	897
349	908
344	914
358	941
370	956
371	903
379	901
362	922
337	922
337	899
337	946
376	932
369	942
328	932
376	922
321	922
364	918
359	943
377	958
340	920
358	915
371	918
320	896
375	932
328	922
370	928
341	907
327	929
377	948
344	911
356	947
325	904
353	947
320	896
349	906
366	916
359	918
352	949
334	959
330	927
333	957
349	934
356	953
368	939
369	956
359	939
343	907
334	940
334	919
332	930
326	943
322	915
321	910
322	927
374	935
380	928
356	918
347	904
363	917
370	935
334	924
343	907
336	947
356	947
380	924
360	896
342	912
353	904
321	902
326	915
328	905
331	952
361	912
336	920
352	939
369	938
359	916
331	917
332	920
334	959
381	930
339	913
321	925
338	907
356	947
370	930
347	898
345	928
383	913
368	928
352	938
321	924
369	937
353	918
346	949
365	916
377	931
348	919
377	932
348	900
329	938
337	928
363	917
368	940
353	958
323	922
324	913
320	896
355	919
359	939
371	926
326	928
332	935
333	929
353	906
335	915
358	934
368	949
339	938
371	924
355	947
365	955
369	937
328	937
377	932
369	928
336	917
358	939
325	940
342	918
355	930
371	936
329	949
330	942
359	945
349	897
353	896
326	926
336	902
344	914
322	921
327	936
382	925
353	947
359	949
334	919
325	946
371	925
347	902
324	958
381	947
353	930
364	945
356	946
345	921
369	925
354	920
354	910
369	897
343	905
374	942
328	913
349	906
327	910
383	917
365	916
377	931
335	911
360	947
356	946
369	918
365	954
335	922
341	917
372	933
356	908
359	948
368	924
332	924
383	926
380	930
338	913
350	943
380	956
354	918
351	912
321	929
383	925
368	927
350	899
377	953
365	916
358	913
371	947
355	943
331	917
369	918
341	940
334	926
320	896
362	916
379	946
343	903
376	941
381	939
364	929
358	905
326	922
369	931
334	919
373	953
337	932
343	956
343	909
329	944
322	954
346	913
343	913
344	900
338	917
356	954
362	941
358	925
324	922
334	908
354	906
359	905
374	905
325	947
343	907
331	948
355	910
375	931
378	947
353	947
333	917
349	912
333	915
369	909
340	959
357	920
320	896
373	930
368	952
336	904
327	910
323	915
349	912
363	937
369	918
348	911
324	922
382	926
353	908
352	924
333	897
375	946
357	945
323	947
368	948
332	922
352	908
350	951
321	925
356	947
331	915
364	938
350	906
326	912
375	929
372	935
330	924
369	930
360	939
365	941
364	944
346	909
343	907
321	930
371	918
353	917
356	947
326	924
321	920
349	905
345	904
334	924
352	910
326	921
359	937
347	931
350	910
356	937
351	909
381	926
359	945
362	939
335	896
337	904
363	899
349	906
373	930
358	946
358	943
368	940
345	956
376	925
383	944
365	918
320	938
332	925
334	918
327	952
362	939
324	921
345	905
358	948
321	927
333	917
347	901
328	909
380	929
334	925
373	930
352	945
365	941
341	914
361	908
370	937
370	939
359	953
378	935
354	910
320	930
373	928
354	897
377	932
325	910
346	905
334	917
380	924
351	905
364	943
382	926
342	914
365	898
334	919
367	925
364	939
371	923
376	935
358	946
365	941
350	912
358	943
321	908
345	945
358	903
321	958
342	911
332	900
327	921
382	957
358	946
349	904
324	956
329	943
352	939
353	912
369	930
361	903
328	909
338	917
320	896
321	926
320	896
338	929
349	916
376	952
360	943
330	922
323	935
320	896
359	944
344	948
372	898
334	906
376	928
363	925
360	952
353	902
341	902
376	952
348	905
335	924
376	899
360	937
360	908
340	920
376	956
320	896
348	957
375	929
336	913
357	943
368	938
368	907
353	951
333	946
334	927
354	945
343	905
333	941
339	944
359	958
364	945
368	955
381	943
364	939
348	919
326	920
378	912
348	900
380	902
357	897
355	897
382	926
369	911
373	912
377	919
322	908
346	901
364	939
369	918
369	937
368	937
321	901
354	950
360	945
352	951
348	937
340	926
380	896
359	913
336	948
371	925
370	946
334	920
332	925
379	928
351	907
377	932
343	914
368	939
346	905
338	946
367	937
355	917
362	939
364	946
323	909
325	915
352	943
376	931
342	906
342	916
320	896
337	930
326	939
367	915
327	919
359	941
335	945
351	946
332	922
329	917
325	951
354	909
348	909
329	921
380	924
340	915
363	915
325	937
368	941
337	942
327	903
337	955
355	945
365	937
360	945
332	922
354	908
350	899
369	920
330	921
382	925
363	948
320	896
356	947
341	915
376	932
348	923
340	907
360	945
363	914
343	956
367	925
374	931
334	925
322	950
350	903
335	958
322	922
342	949
343	912
363	918
369	914
348	940
341	912
373	930
334	919
374	900
353	958
368	941
359	945
348	904
350	912
373	920
357	941
320	896
348	909
358	930
334	926
359	945
349	906
329	925
360	897
376	940
342	914
363	945
376	931
363	916
381	929
367	901
346	904
347	902
358	950
383	900
373	929
337	946
324	922
336	921
376	936
323	931
327	935
341	897
356	955
380	954
373	931
375	931
327	903
377	932
320	896
352	907
358	939
364	939
321	950
377	932
356	932
359	939
373	925
370	932
335	913
352	952
374	932
376	931
350	900
348	907
356	947
358	952
327	897
327	922
349	914
337	915
376	930
340	923
368	928
370	931
369	930
320	896
338	935
326	929
363	930
332	899
329	915
380	934
355	908
354	947
321	949
328	927
353	904
340	925
328	922
351	921
334	929
332	903
372	932
362	947
344	905
349	916
353	897
322	924
321	927
353	908
324	923
320	919
360	943
320	948
336	917
323	937
359	908
380	928
327	916
370	937
372	953
370	918
327	914
365	920
380	912
338	920
361	935
375	930
334	927
340	914
345	905
369	951
359	949
376	900
332	905
350	908
340	926
369	926
381	959
373	910
335	919
324	920
369	945
369	930
361	939
336	958
375	929
365	937
370	930
360	914
320	905
379	957
333	921
369	918
331	915
344	910
373	943
377	931
320	920
368	905
370	917
363	931
371	937
372	943
338	918
338	911
367	937
335	934
340	937
336	899
323	922
353	949
354	916
377	916
323	909
332	918
333	915
343	907
342	896
381	930
342	903
327	935
346	932
320	896
358	917
335	913
381	896
378	907
353	908
370	905
334	948
326	919
375	905
341	911
360	947
363	939
338	914
363	911
343	905
359	937
328	956
333	915
320	920
380	932
354	908
332	906
348	907
349	914
327	927
363	937
333	921
322	928
369	920
381	924
320	928
362	925
350	903
329	906
343	909
328	950
353	897
378	916
353	912
347	905
344	911
352	947
336	911
380	914
375	930
356	910
333	952
363	916
347	901
355	936
368	928
380	931
334	947
357	949
365	916
375	930
332	943
347	900
329	948
343	903
353	908
328	922
340	920
363	939
379	936
345	905
345	909
360	912
371	925
369	918
339	913
325	943
343	905
350	904
342	912
368	944
365	946
370	928
348	909
364	946
370	943
343	900
347	918
345	952
364	941
378	929
364	930
334	937
334	928
373	925
350	906
348	911
376	929
371	926
327	927
377	931
330	915
344	914
324	906
328	926
375	918
347	902
368	943
354	912
370	939
369	918
327	926
321	934
378	924
352	949
346	930
353	908
364	916
345	924
348	930
320	896
370	935
320	896
343	922
349	925
340	918
348	934
342	918
364	943
366	950
351	918
350	922
374	933
336	921
346	901
342	939
334	920
366	935
337	898
363	914
364	918
371	925
334	953
320	896
320	947
320	896
324	919
339	954
352	931
355	900
371	929
337	953
365	937
369	929
381	931
329	903
334	898
359	916
359	939
354	910
354	935
363	916
353	910
327	927
332	899
362	945
368	939
336	945
382	926
322	959
352	916
347	942
349	937
346	905
361	912
328	952
348	930
340	917
357	952
369	939
353	912
351	926
320	942
320	896
370	924
357	930
324	921
354	908
383	926
369	958
359	915
363	915
328	922
353	908
351	898
375	929
344	948
368	934
350	906
350	907
327	919
368	928
365	943
346	899
370	936
356	904
343	909
333	909
332	924
324	922
360	946
356	908
323	922
357	952
347	905
353	897
365	956
364	915
376	931
349	906
357	952
339	916
320	953
340	909
370	935
337	938
377	936
346	897
371	942
356	920
353	897
354	912
358	956
373	910
344	924
324	924
382	926
380	932
358	946
338	944
356	943
343	907
381	928
320	901
320	935
353	916
344	914
342	912
345	943
